{"images": [{"id": 139747, "dataset_id": 48, "category_ids": [], "path": "/datasets/201005_PERFUME/20170701_093723_A_1465_   6099721300155_H.jpg", "width": 1024, "height": 305, "file_name": "20170701_093723_A_1465_   6099721300155_H_perfume_145.jpg", "annotated": false, "annotating": [], "num_annotations": 0, "metadata": {}, "deleted": false, "milliseconds": 0, "events": [], "regenerate_thumbnail": false}], "categories": [{"id": 144, "name": "perfume", "supercategory": "", "color": "#167e9d", "metadata": {}, "keypoint_colors": []}], "annotations": [{"id": 100098, "image_id": 139747, "category_id": 144, "segmentation": [[89.8, 70.4, 90.9, 87.8, 97.4, 89.1, 97.7, 160.6, 96.6, 161.7, 52.2, 161.7, 51.1, 89.9, 56.5, 88.3, 55.5, 71.3, 89.3, 70.7]], "area": 3982, "bbox": [51.0, 71.0, 47.0, 91.0], "iscrowd": false, "isbbox": false, "color": "#1885cd", "metadata": {}}]}