{"images": [{"id": 139712, "dataset_id": 48, "category_ids": [], "path": "/datasets/201005_PERFUME/20170701_090400_A_1570_   6099721300156_V.jpg", "width": 1024, "height": 269, "file_name": "20170701_090400_A_1570_   6099721300156_V_perfumesample_90.jpg", "annotated": false, "annotating": [], "num_annotations": 0, "metadata": {}, "deleted": false, "milliseconds": 0, "events": [], "regenerate_thumbnail": false}], "categories": [{"id": 145, "name": "perfumesample", "supercategory": "", "color": "#7d29d2", "metadata": {}, "keypoint_colors": []}], "annotations": [{"id": 99940, "image_id": 139712, "category_id": 145, "segmentation": [[703.1, 46.4, 708.5, 80.8, 692.0, 81.9, 686.9, 48.0, 702.3, 46.7]], "area": 565, "bbox": [687.0, 47.0, 22.0, 35.0], "iscrowd": false, "isbbox": false, "color": "#3028c6", "metadata": {}}, {"id": 99941, "image_id": 139712, "category_id": 145, "segmentation": [[754.6, 82.4, 755.7, 85.4, 753.0, 113.0, 736.4, 113.0, 737.5, 85.9, 739.1, 83.2, 738.1, 76.7, 755.4, 77.2]], "area": 617, "bbox": [736.0, 77.0, 20.0, 36.0], "iscrowd": false, "isbbox": false, "color": "#f19f09", "metadata": {}}]}