{"images": [{"id": 139717, "dataset_id": 48, "category_ids": [], "path": "/datasets/201005_PERFUME/20170701_090423_A_1582_   6099721300171_H.jpg", "width": 1024, "height": 255, "file_name": "20170701_090423_A_1582_   6099721300171_H_perfumesample_108.jpg", "annotated": false, "annotating": [], "num_annotations": 0, "metadata": {}, "deleted": false, "milliseconds": 0, "events": [], "regenerate_thumbnail": false}], "categories": [{"id": 145, "name": "perfumesample", "supercategory": "", "color": "#7d29d2", "metadata": {}, "keypoint_colors": []}], "annotations": [{"id": 99949, "image_id": 139717, "category_id": 145, "segmentation": [[177.0, 32.3, 179.1, 32.3, 187.5, 39.9, 187.3, 43.1, 183.7, 46.1, 173.4, 45.6, 165.6, 39.3, 166.1, 33.9, 171.8, 32.0]], "area": 233, "bbox": [166.0, 32.0, 22.0, 14.0], "iscrowd": false, "isbbox": false, "color": "#f56875", "metadata": {}}, {"id": 99951, "image_id": 139717, "category_id": 145, "segmentation": [[195.9, 66.4, 188.1, 93.5, 185.4, 95.1, 182.9, 102.7, 169.7, 101.9, 168.3, 97.3, 169.9, 94.6, 168.3, 91.6, 176.2, 64.0, 194.3, 65.3]], "area": 725, "bbox": [168.0, 64.0, 28.0, 39.0], "iscrowd": false, "isbbox": false, "color": "#024ec4", "metadata": {}}, {"id": 99952, "image_id": 139717, "category_id": 145, "segmentation": [[80.0, 97.6, 78.7, 49.6, 82.7, 46.1, 97.1, 46.1, 99.8, 48.8, 105.2, 99.5, 99.3, 104.6, 89.2, 105.4, 84.1, 103.2, 80.6, 97.6]], "area": 1315, "bbox": [79.0, 46.0, 26.0, 59.0], "iscrowd": false, "isbbox": false, "color": "#10e42d", "metadata": {}}]}