{"images": [{"id": 139877, "dataset_id": 48, "category_ids": [], "path": "/datasets/201005_PERFUME/20170702_083324_F_7335_   6099726114197_V.jpg", "width": 1024, "height": 305, "file_name": "20170702_083324_F_7335_   6099726114197_V_perfume_357.jpg", "annotated": false, "annotating": [], "num_annotations": 0, "metadata": {}, "deleted": false, "milliseconds": 0, "events": [], "regenerate_thumbnail": false}], "categories": [{"id": 144, "name": "perfume", "supercategory": "", "color": "#167e9d", "metadata": {}, "keypoint_colors": []}], "annotations": [{"id": 100341, "image_id": 139877, "category_id": 144, "segmentation": [[711.6, 55.2, 713.2, 73.4, 725.6, 75.9, 742.6, 85.6, 747.4, 91.5, 749.3, 142.0, 745.3, 144.9, 738.3, 146.5, 655.8, 147.6, 648.6, 145.2, 644.2, 139.3, 642.7, 96.1, 645.1, 89.1, 652.6, 83.0, 675.8, 75.2, 676.4, 56.8, 678.9, 55.2, 710.0, 54.9]], "area": 7860, "bbox": [643.0, 55.0, 106.0, 93.0], "iscrowd": false, "isbbox": false, "color": "#0e51e0", "metadata": {}}]}