{"images": [{"id": 139727, "dataset_id": 48, "category_ids": [], "path": "/datasets/201005_PERFUME/20170701_092705_G_8258_   6063412113523_H.jpg", "width": 1024, "height": 283, "file_name": "20170701_092705_G_8258_   6063412113523_H_perfume_116.jpg", "annotated": false, "annotating": [], "num_annotations": 0, "metadata": {}, "deleted": false, "milliseconds": 0, "events": [], "regenerate_thumbnail": false}], "categories": [{"id": 144, "name": "perfume", "supercategory": "", "color": "#167e9d", "metadata": {}, "keypoint_colors": []}], "annotations": [{"id": 101148, "image_id": 139727, "category_id": 144, "segmentation": [[95.2, 132.9, 93.8, 81.6, 99.0, 78.3, 109.8, 76.9, 110.8, 69.3, 109.8, 67.4, 107.0, 67.4, 106.1, 63.7, 114.1, 63.7, 116.9, 62.3, 115.0, 58.5, 107.9, 58.0, 105.6, 54.7, 161.2, 54.3, 160.7, 58.5, 150.3, 58.5, 149.9, 60.9, 152.2, 63.7, 159.3, 64.6, 159.3, 66.5, 155.0, 67.9, 156.9, 76.9, 171.5, 80.2, 174.3, 83.0, 176.2, 132.0, 172.5, 134.3, 158.8, 135.7, 98.5, 134.8]], "area": 5648, "bbox": [94.0, 54.0, 82.0, 82.0], "iscrowd": false, "isbbox": false, "color": "#f19a41", "metadata": {}}]}