{"images": [{"id": 139896, "dataset_id": 48, "category_ids": [], "path": "/datasets/201005_PERFUME/20170702_100312_G_9993_   6076825849397_V.jpg", "width": 1024, "height": 288, "file_name": "20170702_100312_G_9993_   6076825849397_V_perfume_377.jpg", "annotated": false, "annotating": [], "num_annotations": 0, "metadata": {}, "deleted": false, "milliseconds": 0, "events": [], "regenerate_thumbnail": false}], "categories": [{"id": 144, "name": "perfume", "supercategory": "", "color": "#167e9d", "metadata": {}, "keypoint_colors": []}], "annotations": [{"id": 100384, "image_id": 139896, "category_id": 144, "segmentation": [[641.0, 37.5, 718.6, 34.8, 720.6, 74.0, 729.7, 119.8, 735.3, 137.4, 734.2, 140.0, 657.8, 143.0, 655.0, 141.5, 653.7, 137.2, 652.7, 107.0, 648.3, 77.3, 638.7, 39.5]], "area": 8022, "bbox": [639.0, 35.0, 96.0, 108.0], "iscrowd": false, "isbbox": false, "color": "#7fe74d", "metadata": {}}]}