{"images": [{"id": 139850, "dataset_id": 48, "category_ids": [], "path": "/datasets/201005_PERFUME/20170701_171724_G_9823_    PUS009117131_H.jpg", "width": 1024, "height": 247, "file_name": "20170701_171724_G_9823_    PUS009117131_H_perfume_330.jpg", "annotated": false, "annotating": [], "num_annotations": 0, "metadata": {}, "deleted": false, "milliseconds": 0, "events": [], "regenerate_thumbnail": false}], "categories": [{"id": 144, "name": "perfume", "supercategory": "", "color": "#167e9d", "metadata": {}, "keypoint_colors": []}], "annotations": [{"id": 100294, "image_id": 139850, "category_id": 144, "segmentation": [[42.2, 35.5, 89.0, 33.5, 102.0, 92.3, 93.4, 94.8, 96.8, 113.4, 65.2, 115.2, 61.4, 96.7, 53.9, 96.7, 41.6, 35.3]], "area": 3545, "bbox": [42.0, 34.0, 60.0, 81.0], "iscrowd": false, "isbbox": false, "color": "#30e4f6", "metadata": {}}]}