{"images": [{"id": 139901, "dataset_id": 48, "category_ids": [], "path": "/datasets/201005_PERFUME/20170702_101016_G_8168_   6076825845742_H.jpg", "width": 1024, "height": 252, "file_name": "20170702_101016_G_8168_   6076825845742_H_perfume_382.jpg", "annotated": false, "annotating": [], "num_annotations": 0, "metadata": {}, "deleted": false, "milliseconds": 0, "events": [], "regenerate_thumbnail": false}], "categories": [{"id": 144, "name": "perfume", "supercategory": "", "color": "#167e9d", "metadata": {}, "keypoint_colors": []}], "annotations": [{"id": 100394, "image_id": 139901, "category_id": 144, "segmentation": [[107.7, 53.7, 125.9, 70.5, 159.6, 69.7, 164.2, 71.2, 196.1, 93.2, 197.4, 95.7, 189.8, 99.5, 162.2, 105.7, 114.1, 119.5, 107.0, 119.1, 79.4, 97.9, 79.9, 91.5, 91.7, 80.3, 72.1, 63.9, 72.6, 62.6, 105.2, 53.9]], "area": 4566, "bbox": [72.0, 54.0, 125.0, 66.0], "iscrowd": false, "isbbox": false, "color": "#f5501f", "metadata": {}}]}