{"images": [{"id": 139953, "dataset_id": 48, "category_ids": [], "path": "/datasets/201005_PERFUME/20170702_171231_A_1061_   6099721301360_H.jpg", "width": 1024, "height": 306, "file_name": "20170702_171231_A_1061_   6099721301360_H_perfume_448.jpg", "annotated": false, "annotating": [], "num_annotations": 0, "metadata": {}, "deleted": false, "milliseconds": 0, "events": [], "regenerate_thumbnail": false}], "categories": [{"id": 144, "name": "perfume", "supercategory": "", "color": "#167e9d", "metadata": {}, "keypoint_colors": []}], "annotations": [{"id": 100550, "image_id": 139953, "category_id": 144, "segmentation": [[105.5, 64.4, 108.9, 66.2, 109.5, 68.6, 103.5, 72.0, 102.4, 115.8, 95.9, 120.9, 93.7, 125.6, 89.0, 127.2, 92.8, 129.8, 89.7, 132.1, 89.7, 134.5, 93.0, 157.0, 56.1, 157.2, 54.1, 155.0, 54.0, 151.6, 57.9, 133.8, 53.9, 129.8, 57.2, 127.6, 54.3, 124.3, 54.0, 121.0, 56.3, 71.5, 51.6, 69.1, 51.2, 66.2, 55.7, 63.4, 99.9, 63.3]], "area": 4111, "bbox": [51.0, 63.0, 59.0, 94.0], "iscrowd": false, "isbbox": false, "color": "#5fee4a", "metadata": {}}]}