{"images": [{"id": 139919, "dataset_id": 48, "category_ids": [], "path": "/datasets/201005_PERFUME/20170702_104017_F_6477_   6076825850921_H.jpg", "width": 1024, "height": 241, "file_name": "20170702_104017_F_6477_   6076825850921_H_perfume_400.jpg", "annotated": false, "annotating": [], "num_annotations": 0, "metadata": {}, "deleted": false, "milliseconds": 0, "events": [], "regenerate_thumbnail": false}], "categories": [{"id": 144, "name": "perfume", "supercategory": "", "color": "#167e9d", "metadata": {}, "keypoint_colors": []}], "annotations": [{"id": 100435, "image_id": 139919, "category_id": 144, "segmentation": [[79.8, 33.8, 81.4, 66.8, 83.6, 81.4, 80.2, 119.1, 77.3, 123.7, 72.9, 125.7, 51.1, 125.7, 47.7, 123.7, 45.5, 117.7, 45.7, 90.3, 43.7, 87.7, 44.6, 73.0, 47.3, 70.5, 47.7, 53.2, 50.6, 42.9, 50.2, 33.1, 56.2, 29.4, 78.0, 29.1]], "area": 3287, "bbox": [44.0, 29.0, 40.0, 97.0], "iscrowd": false, "isbbox": false, "color": "#06bd61", "metadata": {}}]}