{"images": [{"id": 139909, "dataset_id": 48, "category_ids": [], "path": "/datasets/201005_PERFUME/20170702_101652_F_6395_   6076825850924_H.jpg", "width": 1024, "height": 253, "file_name": "20170702_101652_F_6395_   6076825850924_H_perfume_390.jpg", "annotated": false, "annotating": [], "num_annotations": 0, "metadata": {}, "deleted": false, "milliseconds": 0, "events": [], "regenerate_thumbnail": false}], "categories": [{"id": 144, "name": "perfume", "supercategory": "", "color": "#167e9d", "metadata": {}, "keypoint_colors": []}], "annotations": [{"id": 100411, "image_id": 139909, "category_id": 144, "segmentation": [[48.7, 36.5, 81.2, 34.8, 84.7, 38.9, 89.7, 70.2, 89.9, 87.7, 88.1, 111.8, 86.8, 114.0, 80.7, 116.1, 86.6, 117.5, 86.4, 130.3, 51.9, 129.9, 51.7, 117.4, 57.1, 116.8, 57.8, 115.5, 51.9, 113.3, 46.6, 89.3, 44.5, 72.8, 46.3, 68.4, 46.0, 36.3]], "area": 3763, "bbox": [45.0, 35.0, 45.0, 95.0], "iscrowd": false, "isbbox": false, "color": "#d7782c", "metadata": {}}]}