{"images": [{"id": 139953, "dataset_id": 48, "category_ids": [], "path": "/datasets/201005_PERFUME/20170702_171231_A_1061_   6099721301360_H.jpg", "width": 1024, "height": 306, "file_name": "20170702_171231_A_1061_   6099721301360_H_perfumesample_450.jpg", "annotated": false, "annotating": [], "num_annotations": 0, "metadata": {}, "deleted": false, "milliseconds": 0, "events": [], "regenerate_thumbnail": false}], "categories": [{"id": 145, "name": "perfumesample", "supercategory": "", "color": "#7d29d2", "metadata": {}, "keypoint_colors": []}], "annotations": [{"id": 100552, "image_id": 139953, "category_id": 145, "segmentation": [[63.0, 141.6, 65.0, 142.5, 65.2, 171.2, 47.0, 171.5, 45.2, 143.0, 47.6, 137.7, 60.6, 137.2]], "area": 623, "bbox": [45.0, 137.0, 20.0, 35.0], "iscrowd": false, "isbbox": false, "color": "#a0591c", "metadata": {}}, {"id": 100553, "image_id": 139953, "category_id": 145, "segmentation": [[122.4, 74.0, 125.5, 76.6, 125.3, 104.9, 107.1, 104.5, 106.6, 75.7, 108.6, 73.3, 107.5, 71.3, 122.9, 71.1]], "area": 613, "bbox": [107.0, 71.0, 19.0, 34.0], "iscrowd": false, "isbbox": false, "color": "#ec8819", "metadata": {}}]}