{"images": [{"id": 139869, "dataset_id": 48, "category_ids": [], "path": "/datasets/201005_PERFUME/20170702_081454_G_8482_    PUS009118034_V.jpg", "width": 1024, "height": 295, "file_name": "20170702_081454_G_8482_    PUS009118034_V_perfume_349.jpg", "annotated": false, "annotating": [], "num_annotations": 0, "metadata": {}, "deleted": false, "milliseconds": 0, "events": [], "regenerate_thumbnail": false}], "categories": [{"id": 144, "name": "perfume", "supercategory": "", "color": "#167e9d", "metadata": {}, "keypoint_colors": []}], "annotations": [{"id": 100330, "image_id": 139869, "category_id": 144, "segmentation": [[602.3, 43.0, 654.5, 44.5, 659.4, 47.2, 646.1, 117.3, 642.5, 121.1, 620.7, 126.4, 620.3, 127.5, 625.1, 131.5, 622.7, 150.7, 583.7, 149.8, 582.9, 147.3, 585.3, 131.3, 593.5, 125.5, 592.0, 123.8, 574.0, 118.4, 572.6, 116.4, 586.0, 46.3, 591.8, 42.7, 601.3, 42.3]], "area": 6811, "bbox": [573.0, 42.0, 86.0, 109.0], "iscrowd": false, "isbbox": false, "color": "#fe7608", "metadata": {}}]}