{"images": [{"id": 139748, "dataset_id": 48, "category_ids": [], "path": "/datasets/201005_PERFUME/20170701_093723_A_1465_   6099721300155_V.jpg", "width": 1024, "height": 305, "file_name": "20170701_093723_A_1465_   6099721300155_V_perfumesample_150.jpg", "annotated": false, "annotating": [], "num_annotations": 0, "metadata": {}, "deleted": false, "milliseconds": 0, "events": [], "regenerate_thumbnail": false}], "categories": [{"id": 145, "name": "perfumesample", "supercategory": "", "color": "#7d29d2", "metadata": {}, "keypoint_colors": []}], "annotations": [{"id": 100102, "image_id": 139748, "category_id": 145, "segmentation": [[703.0, 49.4, 705.3, 86.8, 685.8, 87.8, 685.1, 85.8, 687.4, 80.6, 685.1, 78.7, 683.2, 50.1, 701.7, 48.8]], "area": 741, "bbox": [683.0, 49.0, 22.0, 39.0], "iscrowd": false, "isbbox": false, "color": "#38d819", "metadata": {}}, {"id": 100103, "image_id": 139748, "category_id": 145, "segmentation": [[744.2, 126.4, 747.2, 130.0, 746.2, 159.6, 726.4, 159.6, 725.1, 130.0, 727.7, 127.7, 726.4, 123.5, 744.2, 122.5]], "area": 752, "bbox": [725.0, 123.0, 22.0, 37.0], "iscrowd": false, "isbbox": false, "color": "#a62846", "metadata": {}}]}