{"images": [{"id": 139847, "dataset_id": 48, "category_ids": [], "path": "/datasets/201005_PERFUME/20170701_171259_A_1136_   6099721300784_V.jpg", "width": 1024, "height": 302, "file_name": "20170701_171259_A_1136_   6099721300784_V_perfumesample_327.jpg", "annotated": false, "annotating": [], "num_annotations": 0, "metadata": {}, "deleted": false, "milliseconds": 0, "events": [], "regenerate_thumbnail": false}], "categories": [{"id": 145, "name": "perfumesample", "supercategory": "", "color": "#7d29d2", "metadata": {}, "keypoint_colors": []}], "annotations": [{"id": 101292, "image_id": 139847, "category_id": 145, "segmentation": [[607.8, 34.6, 731.8, 33.6, 734.7, 35.2, 735.7, 39.8, 733.7, 41.8, 724.9, 44.4, 637.6, 48.0, 602.6, 46.7, 597.0, 44.7, 595.7, 42.8, 596.4, 38.8, 602.6, 36.5]], "area": 1657, "bbox": [596.0, 34.0, 140.0, 14.0], "iscrowd": false, "isbbox": false, "color": "#d1d62f", "metadata": {}}]}