{"images": [{"id": 139910, "dataset_id": 48, "category_ids": [], "path": "/datasets/201005_PERFUME/20170702_101652_F_6395_   6076825850924_V.jpg", "width": 1024, "height": 253, "file_name": "20170702_101652_F_6395_   6076825850924_V_perfume_391.jpg", "annotated": false, "annotating": [], "num_annotations": 0, "metadata": {}, "deleted": false, "milliseconds": 0, "events": [], "regenerate_thumbnail": false}], "categories": [{"id": 144, "name": "perfume", "supercategory": "", "color": "#167e9d", "metadata": {}, "keypoint_colors": []}], "annotations": [{"id": 100413, "image_id": 139910, "category_id": 144, "segmentation": [[629.1, 27.8, 726.0, 29.6, 733.7, 32.7, 736.2, 36.7, 735.3, 76.8, 732.2, 101.5, 730.4, 104.6, 722.6, 108.0, 688.1, 108.5, 688.1, 111.7, 694.1, 111.7, 692.5, 126.3, 652.1, 126.0, 649.2, 123.1, 650.1, 110.2, 656.3, 110.4, 656.3, 107.7, 619.6, 105.3, 616.2, 96.6, 615.2, 81.2, 619.8, 33.8, 621.8, 30.7, 627.6, 28.3]], "area": 9961, "bbox": [615.0, 28.0, 121.0, 98.0], "iscrowd": false, "isbbox": false, "color": "#a49a16", "metadata": {}}]}