{"images": [{"id": 139964, "dataset_id": 48, "category_ids": [], "path": "/datasets/201005_PERFUME/20170702_171707_F_6457_      8131619576_V.jpg", "width": 1024, "height": 302, "file_name": "20170702_171707_F_6457_      8131619576_V_perfume_467.jpg", "annotated": false, "annotating": [], "num_annotations": 0, "metadata": {}, "deleted": false, "milliseconds": 0, "events": [], "regenerate_thumbnail": false}], "categories": [{"id": 144, "name": "perfume", "supercategory": "", "color": "#167e9d", "metadata": {}, "keypoint_colors": []}], "annotations": [{"id": 110030, "image_id": 139964, "category_id": 144, "segmentation": [[675.5, 58.1, 741.6, 59.1, 745.5, 155.3, 677.2, 155.6, 673.9, 59.4]], "area": 6581, "bbox": [674.0, 58.0, 72.0, 98.0], "iscrowd": false, "isbbox": false, "color": "#65a4f2", "metadata": {}}, {"id": 110032, "image_id": 139964, "category_id": 144, "segmentation": [[597.4, 56.8, 656.2, 54.2, 666.4, 149.0, 602.3, 151.0, 595.1, 58.5]], "area": 5929, "bbox": [595.0, 54.0, 71.0, 97.0], "iscrowd": false, "isbbox": false, "color": "#0f57c1", "metadata": {}}]}