{"images": [{"id": 139788, "dataset_id": 48, "category_ids": [], "path": "/datasets/201005_PERFUME/20170701_100901_A_1081_   6099730096493_V.jpg", "width": 1024, "height": 258, "file_name": "20170701_100901_A_1081_   6099730096493_V_perfume_237.jpg", "annotated": false, "annotating": [], "num_annotations": 0, "metadata": {}, "deleted": false, "milliseconds": 0, "events": [], "regenerate_thumbnail": false}], "categories": [{"id": 144, "name": "perfume", "supercategory": "", "color": "#167e9d", "metadata": {}, "keypoint_colors": []}], "annotations": [{"id": 100193, "image_id": 139788, "category_id": 144, "segmentation": [[667.2, 59.7, 671.8, 61.7, 676.7, 68.2, 695.5, 68.8, 698.4, 67.2, 705.2, 67.2, 711.4, 70.5, 724.1, 71.8, 731.2, 75.0, 732.5, 80.2, 727.0, 84.4, 710.1, 83.8, 705.1, 87.3, 673.1, 84.4, 666.9, 90.3, 654.9, 93.8, 533.1, 87.0, 526.9, 84.4, 521.4, 78.3, 521.7, 68.5, 525.3, 62.3, 529.8, 59.1, 540.5, 55.2, 662.0, 58.4]], "area": 5838, "bbox": [521.0, 55.0, 211.0, 39.0], "iscrowd": false, "isbbox": false, "color": "#d94e02", "metadata": {}}]}