{"images": [{"id": 139747, "dataset_id": 48, "category_ids": [], "path": "/datasets/201005_PERFUME/20170701_093723_A_1465_   6099721300155_H.jpg", "width": 1024, "height": 305, "file_name": "20170701_093723_A_1465_   6099721300155_H_perfumesample_146.jpg", "annotated": false, "annotating": [], "num_annotations": 0, "metadata": {}, "deleted": false, "milliseconds": 0, "events": [], "regenerate_thumbnail": false}], "categories": [{"id": 145, "name": "perfumesample", "supercategory": "", "color": "#7d29d2", "metadata": {}, "keypoint_colors": []}], "annotations": [{"id": 100099, "image_id": 139747, "category_id": 145, "segmentation": [[95.8, 89.9, 97.7, 85.9, 95.5, 82.4, 95.0, 54.7, 112.3, 54.7, 112.9, 82.4, 111.2, 85.1, 113.7, 90.7, 97.2, 91.0]], "area": 618, "bbox": [95.0, 55.0, 19.0, 36.0], "iscrowd": false, "isbbox": false, "color": "#085cf5", "metadata": {}}, {"id": 100100, "image_id": 139747, "category_id": 145, "segmentation": [[54.9, 127.6, 55.2, 164.4, 43.0, 163.8, 42.5, 127.3, 51.1, 127.0]], "area": 443, "bbox": [43.0, 127.0, 12.0, 37.0], "iscrowd": false, "isbbox": false, "color": "#3455fc", "metadata": {}}]}