{"images": [{"id": 139706, "dataset_id": 48, "category_ids": [], "path": "/datasets/201005_PERFUME/20170701_090351_A_1565_   6099721300197_V.jpg", "width": 1024, "height": 250, "file_name": "20170701_090351_A_1565_   6099721300197_V_perfumesample_74.jpg", "annotated": false, "annotating": [], "num_annotations": 0, "metadata": {}, "deleted": false, "milliseconds": 0, "events": [], "regenerate_thumbnail": false}], "categories": [{"id": 145, "name": "perfumesample", "supercategory": "", "color": "#7d29d2", "metadata": {}, "keypoint_colors": []}], "annotations": [{"id": 99903, "image_id": 139706, "category_id": 145, "segmentation": [[743.2, 69.5, 744.3, 72.5, 742.9, 101.4, 726.4, 101.4, 723.7, 100.1, 722.9, 72.2, 725.6, 70.3, 723.9, 64.6, 742.1, 64.3]], "area": 725, "bbox": [723.0, 64.0, 21.0, 37.0], "iscrowd": false, "isbbox": false, "color": "#f9f335", "metadata": {}}, {"id": 99905, "image_id": 139706, "category_id": 145, "segmentation": [[596.4, 80.9, 598.3, 81.9, 605.4, 111.2, 600.2, 113.3, 586.7, 112.8, 579.6, 86.8, 580.5, 81.4, 579.1, 77.9, 594.5, 76.0]], "area": 679, "bbox": [579.0, 76.0, 26.0, 37.0], "iscrowd": false, "isbbox": false, "color": "#135fb4", "metadata": {}}]}