{"images": [{"id": 139915, "dataset_id": 48, "category_ids": [], "path": "/datasets/201005_PERFUME/20170702_103804_F_6447_   6076825850922_H.jpg", "width": 1024, "height": 202, "file_name": "20170702_103804_F_6447_   6076825850922_H_perfume_396.jpg", "annotated": false, "annotating": [], "num_annotations": 0, "metadata": {}, "deleted": false, "milliseconds": 0, "events": [], "regenerate_thumbnail": false}], "categories": [{"id": 144, "name": "perfume", "supercategory": "", "color": "#167e9d", "metadata": {}, "keypoint_colors": []}], "annotations": [{"id": 100425, "image_id": 139915, "category_id": 144, "segmentation": [[71.8, 40.1, 82.7, 38.6, 107.1, 39.9, 124.1, 45.7, 127.2, 49.5, 130.1, 57.9, 134.1, 57.9, 143.9, 53.7, 156.1, 54.4, 166.3, 59.7, 167.9, 65.7, 160.6, 72.2, 151.7, 74.4, 142.1, 74.2, 132.5, 70.4, 128.7, 81.5, 114.9, 88.6, 100.2, 90.6, 78.7, 88.9, 50.4, 81.5, 46.2, 78.4, 43.9, 53.7, 53.1, 46.8, 66.4, 41.5]], "area": 4356, "bbox": [44.0, 39.0, 124.0, 52.0], "iscrowd": false, "isbbox": false, "color": "#ec9251", "metadata": {}}]}