{"images": [{"id": 139723, "dataset_id": 48, "category_ids": [], "path": "/datasets/201005_PERFUME/20170701_092122_A_1989_   6099730562915_H.jpg", "width": 1024, "height": 316, "file_name": "20170701_092122_A_1989_   6099730562915_H_perfume_114.jpg", "annotated": false, "annotating": [], "num_annotations": 0, "metadata": {}, "deleted": false, "milliseconds": 0, "events": [], "regenerate_thumbnail": false}], "categories": [{"id": 144, "name": "perfume", "supercategory": "", "color": "#167e9d", "metadata": {}, "keypoint_colors": []}], "annotations": [{"id": 99962, "image_id": 139723, "category_id": 144, "segmentation": [[148.8, 51.9, 166.1, 59.5, 180.4, 69.0, 181.0, 71.4, 178.5, 72.7, 179.6, 78.2, 177.5, 80.6, 179.4, 86.0, 177.7, 89.0, 160.9, 94.7, 159.6, 97.4, 155.3, 97.7, 157.4, 101.4, 156.6, 103.9, 143.9, 105.0, 143.9, 117.4, 141.5, 122.6, 110.9, 122.0, 110.9, 101.2, 93.8, 97.7, 89.5, 95.2, 87.6, 92.2, 81.1, 92.0, 79.2, 84.9, 70.5, 81.4, 75.9, 73.6, 76.7, 67.3, 87.6, 58.9, 89.2, 54.6, 93.8, 52.4, 99.5, 50.8, 147.1, 51.1]], "area": 5119, "bbox": [71.0, 51.0, 110.0, 72.0], "iscrowd": false, "isbbox": false, "color": "#2781d2", "metadata": {}}]}