{"images": [{"id": 139945, "dataset_id": 48, "category_ids": [], "path": "/datasets/201005_PERFUME/20170702_171146_A_1035_   6099721301369_H.jpg", "width": 1024, "height": 267, "file_name": "20170702_171146_A_1035_   6099721301369_H_perfume_430.jpg", "annotated": false, "annotating": [], "num_annotations": 0, "metadata": {}, "deleted": false, "milliseconds": 0, "events": [], "regenerate_thumbnail": false}], "categories": [{"id": 144, "name": "perfume", "supercategory": "", "color": "#167e9d", "metadata": {}, "keypoint_colors": []}], "annotations": [{"id": 100524, "image_id": 139945, "category_id": 144, "segmentation": [[122.7, 36.7, 139.2, 36.9, 144.6, 39.6, 146.3, 47.2, 139.9, 55.4, 140.3, 61.4, 149.5, 64.1, 160.8, 79.2, 161.0, 93.7, 153.7, 127.3, 145.4, 147.1, 97.2, 146.6, 93.3, 140.9, 87.1, 111.7, 87.1, 79.6, 91.1, 71.9, 97.8, 65.8, 110.7, 62.5, 110.7, 54.5, 103.2, 50.0, 102.3, 45.6, 109.2, 38.9, 117.4, 36.9]], "area": 6429, "bbox": [87.0, 37.0, 74.0, 110.0], "iscrowd": false, "isbbox": false, "color": "#b72d6d", "metadata": {}}]}