{"images": [{"id": 139784, "dataset_id": 48, "category_ids": [], "path": "/datasets/201005_PERFUME/20170701_100631_A_1026_   6099704563276_V.jpg", "width": 1024, "height": 339, "file_name": "20170701_100631_A_1026_   6099704563276_V_perfume_230.jpg", "annotated": false, "annotating": [], "num_annotations": 0, "metadata": {}, "deleted": false, "milliseconds": 0, "events": [], "regenerate_thumbnail": false}], "categories": [{"id": 144, "name": "perfume", "supercategory": "", "color": "#167e9d", "metadata": {}, "keypoint_colors": []}], "annotations": [{"id": 100186, "image_id": 139784, "category_id": 144, "segmentation": [[543.5, 74.1, 556.0, 73.7, 560.7, 69.8, 571.6, 69.8, 573.5, 67.4, 584.9, 67.8, 587.6, 69.4, 588.0, 72.5, 757.6, 68.6, 761.5, 95.1, 589.9, 99.4, 591.9, 101.4, 591.9, 104.1, 588.8, 104.5, 586.4, 106.8, 579.4, 105.3, 579.8, 99.4, 484.7, 101.4, 479.6, 76.0, 543.5, 73.3]], "area": 7565, "bbox": [480.0, 67.0, 282.0, 40.0], "iscrowd": false, "isbbox": false, "color": "#d561e1", "metadata": {}}, {"id": 100187, "image_id": 139784, "category_id": 144, "segmentation": [[758.0, 143.1, 761.9, 170.0, 616.4, 173.9, 619.2, 175.4, 619.6, 178.6, 611.8, 178.2, 607.9, 174.3, 482.7, 177.0, 479.2, 150.9, 581.3, 147.0, 757.2, 143.1]], "area": 7658, "bbox": [479.0, 143.0, 283.0, 36.0], "iscrowd": false, "isbbox": false, "color": "#8660fe", "metadata": {}}]}