{"images": [{"id": 139940, "dataset_id": 48, "category_ids": [], "path": "/datasets/201005_PERFUME/20170702_170342_F_6363_      8131619650_V.jpg", "width": 1024, "height": 291, "file_name": "20170702_170342_F_6363_      8131619650_V_perfume_424.jpg", "annotated": false, "annotating": [], "num_annotations": 0, "metadata": {}, "deleted": false, "milliseconds": 0, "events": [], "regenerate_thumbnail": false}], "categories": [{"id": 144, "name": "perfume", "supercategory": "", "color": "#167e9d", "metadata": {}, "keypoint_colors": []}], "annotations": [{"id": 100493, "image_id": 139940, "category_id": 144, "segmentation": [[569.5, 38.0, 679.5, 28.7, 682.2, 30.5, 695.8, 50.6, 693.9, 53.2, 640.5, 65.3, 550.0, 71.4, 543.8, 70.3, 529.7, 49.5, 540.6, 43.7, 564.1, 38.8]], "area": 4749, "bbox": [530.0, 29.0, 166.0, 42.0], "iscrowd": false, "isbbox": false, "color": "#7c04b4", "metadata": {}}, {"id": 100496, "image_id": 139940, "category_id": 144, "segmentation": [[549.2, 79.1, 608.5, 74.6, 617.8, 75.4, 626.4, 78.4, 646.1, 90.6, 652.5, 97.6, 657.9, 112.5, 656.3, 126.2, 649.1, 134.7, 629.3, 140.8, 588.4, 144.6, 568.9, 139.2, 538.2, 124.3, 533.1, 119.7, 528.6, 112.5, 526.2, 102.1, 527.5, 94.6, 533.1, 86.9, 544.6, 80.5]], "area": 7193, "bbox": [526.0, 75.0, 132.0, 70.0], "iscrowd": false, "isbbox": false, "color": "#f447c0", "metadata": {}}, {"id": 100497, "image_id": 139940, "category_id": 144, "segmentation": [[622.9, 76.7, 639.0, 74.4, 669.6, 73.3, 683.1, 79.8, 707.6, 116.5, 711.6, 127.5, 709.7, 136.0, 705.4, 138.7, 679.2, 142.7, 651.2, 143.8, 639.4, 140.6, 630.1, 131.2, 616.5, 113.6, 608.2, 98.1, 607.1, 92.8, 608.2, 86.6, 617.8, 77.5]], "area": 5446, "bbox": [607.0, 73.0, 105.0, 71.0], "iscrowd": false, "isbbox": false, "color": "#b87920", "metadata": {}}]}