{"images": [{"id": 139707, "dataset_id": 48, "category_ids": [], "path": "/datasets/201005_PERFUME/20170701_090356_A_1568_   6099721300151_H.jpg", "width": 1024, "height": 252, "file_name": "20170701_090356_A_1568_   6099721300151_H_perfumesample_76.jpg", "annotated": false, "annotating": [], "num_annotations": 0, "metadata": {}, "deleted": false, "milliseconds": 0, "events": [], "regenerate_thumbnail": false}], "categories": [{"id": 145, "name": "perfumesample", "supercategory": "", "color": "#7d29d2", "metadata": {}, "keypoint_colors": []}], "annotations": [{"id": 99914, "image_id": 139707, "category_id": 145, "segmentation": [[168.5, 31.5, 175.3, 35.6, 171.8, 39.8, 159.3, 40.1, 153.9, 36.4, 156.5, 32.4, 165.7, 31.1]], "area": 142, "bbox": [154.0, 31.0, 21.0, 9.0], "iscrowd": false, "isbbox": false, "color": "#eb428f", "metadata": {}}]}