{"images": [{"id": 139836, "dataset_id": 48, "category_ids": [], "path": "/datasets/201005_PERFUME/20170701_170723_A_1012_   6099721300173_H.jpg", "width": 1024, "height": 284, "file_name": "20170701_170723_A_1012_   6099721300173_H_perfume_300.jpg", "annotated": false, "annotating": [], "num_annotations": 0, "metadata": {}, "deleted": false, "milliseconds": 0, "events": [], "regenerate_thumbnail": false}], "categories": [{"id": 144, "name": "perfume", "supercategory": "", "color": "#167e9d", "metadata": {}, "keypoint_colors": []}], "annotations": [{"id": 100258, "image_id": 139836, "category_id": 144, "segmentation": [[104.6, 64.0, 119.2, 68.6, 119.5, 85.1, 125.7, 87.8, 139.0, 103.0, 141.4, 110.3, 141.2, 119.0, 134.9, 129.8, 123.3, 135.0, 107.3, 137.4, 84.0, 134.7, 74.0, 128.5, 67.0, 120.3, 65.1, 116.3, 65.9, 102.5, 71.6, 92.7, 80.2, 85.7, 79.4, 67.5, 95.9, 63.7, 104.9, 63.5]], "area": 4055, "bbox": [65.0, 64.0, 76.0, 73.0], "iscrowd": false, "isbbox": false, "color": "#dd9525", "metadata": {}}]}