{"images": [{"id": 139805, "dataset_id": 48, "category_ids": [], "path": "/datasets/201005_PERFUME/20170701_132943_A_1325_   6095010946479_V.jpg", "width": 1024, "height": 319, "file_name": "20170701_132943_A_1325_   6095010946479_V_perfume_253.jpg", "annotated": false, "annotating": [], "num_annotations": 0, "metadata": {}, "deleted": false, "milliseconds": 0, "events": [], "regenerate_thumbnail": false}], "categories": [{"id": 144, "name": "perfume", "supercategory": "", "color": "#167e9d", "metadata": {}, "keypoint_colors": []}], "annotations": [{"id": 100209, "image_id": 139805, "category_id": 144, "segmentation": [[746.1, 46.8, 736.5, 132.7, 735.4, 132.7, 734.9, 137.2, 716.3, 138.3, 709.0, 142.8, 679.8, 142.8, 679.3, 159.1, 675.3, 163.0, 670.9, 165.2, 659.1, 165.2, 650.1, 162.4, 648.4, 160.8, 648.4, 142.2, 637.7, 141.1, 634.9, 139.4, 634.4, 134.4, 632.1, 133.2, 638.3, 42.9, 745.0, 45.7]], "area": 10939, "bbox": [632.0, 43.0, 114.0, 122.0], "iscrowd": false, "isbbox": false, "color": "#1ba722", "metadata": {}}]}