{"images": [{"id": 139746, "dataset_id": 48, "category_ids": [], "path": "/datasets/201005_PERFUME/20170701_093716_A_1462_   6099721299513_V.jpg", "width": 1024, "height": 306, "file_name": "20170701_093716_A_1462_   6099721299513_V_perfume_142.jpg", "annotated": false, "annotating": [], "num_annotations": 0, "metadata": {}, "deleted": false, "milliseconds": 0, "events": [], "regenerate_thumbnail": false}], "categories": [{"id": 144, "name": "perfume", "supercategory": "", "color": "#167e9d", "metadata": {}, "keypoint_colors": []}], "annotations": [{"id": 100095, "image_id": 139746, "category_id": 144, "segmentation": [[645.7, 66.3, 646.0, 69.6, 634.7, 80.9, 632.7, 93.0, 679.5, 95.2, 680.5, 155.3, 684.0, 157.3, 683.7, 160.9, 544.3, 160.9, 544.3, 157.6, 548.2, 156.6, 547.9, 95.9, 586.6, 93.3, 584.0, 75.4, 576.8, 66.3, 599.6, 64.7, 640.5, 65.3]], "area": 10426, "bbox": [544.0, 65.0, 140.0, 96.0], "iscrowd": false, "isbbox": false, "color": "#c52cc8", "metadata": {}}]}