{"images": [{"id": 139773, "dataset_id": 48, "category_ids": [], "path": "/datasets/201005_PERFUME/20170701_100343_A_1956_   6099704563290_H.jpg", "width": 1024, "height": 291, "file_name": "20170701_100343_A_1956_   6099704563290_H_perfume_209.jpg", "annotated": false, "annotating": [], "num_annotations": 0, "metadata": {}, "deleted": false, "milliseconds": 0, "events": [], "regenerate_thumbnail": false}], "categories": [{"id": 144, "name": "perfume", "supercategory": "", "color": "#167e9d", "metadata": {}, "keypoint_colors": []}], "annotations": [{"id": 100164, "image_id": 139773, "category_id": 144, "segmentation": [[139.1, 56.3, 159.9, 58.6, 162.5, 91.4, 78.7, 93.3, 75.5, 92.0, 71.9, 58.9, 138.2, 56.3]], "area": 3041, "bbox": [72.0, 56.0, 91.0, 37.0], "iscrowd": false, "isbbox": false, "color": "#dba63a", "metadata": {}}, {"id": 100165, "image_id": 139773, "category_id": 144, "segmentation": [[131.7, 104.4, 171.0, 106.0, 181.1, 138.8, 114.1, 145.6, 84.2, 143.4, 75.1, 109.6, 131.0, 104.1]], "area": 3578, "bbox": [75.0, 104.0, 106.0, 42.0], "iscrowd": false, "isbbox": false, "color": "#e13007", "metadata": {}}]}