{"images": [{"id": 139817, "dataset_id": 48, "category_ids": [], "path": "/datasets/201005_PERFUME/20170701_161557_G_9223_      8131616113_V.jpg", "width": 1024, "height": 293, "file_name": "20170701_161557_G_9223_      8131616113_V_perfume_257.jpg", "annotated": false, "annotating": [], "num_annotations": 0, "metadata": {}, "deleted": false, "milliseconds": 0, "events": [], "regenerate_thumbnail": false}], "categories": [{"id": 144, "name": "perfume", "supercategory": "", "color": "#167e9d", "metadata": {}, "keypoint_colors": []}], "annotations": [{"id": 100212, "image_id": 139817, "category_id": 144, "segmentation": [[720.3, 42.3, 724.8, 45.5, 725.1, 96.6, 720.6, 101.1, 588.4, 101.4, 581.9, 99.8, 577.3, 95.6, 578.6, 71.5, 538.3, 70.6, 538.3, 53.3, 578.9, 53.3, 580.2, 44.6, 583.8, 42.0, 714.7, 42.0]], "area": 9337, "bbox": [538.0, 42.0, 187.0, 59.0], "iscrowd": false, "isbbox": false, "color": "#47f0d0", "metadata": {}}]}