{"images": [{"id": 139699, "dataset_id": 48, "category_ids": [], "path": "/datasets/201005_PERFUME/20170701_090307_A_1548_   6099721299437_H.jpg", "width": 1024, "height": 252, "file_name": "20170701_090307_A_1548_   6099721299437_H_perfume_52.jpg", "annotated": false, "annotating": [], "num_annotations": 0, "metadata": {}, "deleted": false, "milliseconds": 0, "events": [], "regenerate_thumbnail": false}], "categories": [{"id": 144, "name": "perfume", "supercategory": "", "color": "#167e9d", "metadata": {}, "keypoint_colors": []}], "annotations": [{"id": 99847, "image_id": 139699, "category_id": 144, "segmentation": [[154.1, 36.9, 160.4, 43.6, 158.7, 62.3, 162.3, 85.1, 160.9, 88.8, 156.8, 92.6, 139.8, 92.6, 139.8, 96.4, 146.3, 98.3, 150.3, 102.1, 151.7, 105.1, 150.9, 111.0, 147.9, 115.1, 141.4, 118.9, 129.0, 120.8, 105.1, 119.2, 99.4, 117.0, 94.6, 111.6, 94.0, 106.2, 96.7, 100.8, 104.3, 97.2, 104.3, 94.5, 103.2, 92.4, 97.0, 92.4, 88.9, 89.7, 85.9, 86.7, 88.6, 67.7, 87.8, 53.6, 84.8, 41.7, 94.0, 35.0, 149.3, 35.5]], "area": 5460, "bbox": [85.0, 35.0, 77.0, 86.0], "iscrowd": false, "isbbox": false, "color": "#a84224", "metadata": {}}]}