{"images": [{"id": 139974, "dataset_id": 48, "category_ids": [], "path": "/datasets/201005_PERFUME/20170702_171808_A_1194_   6099721301680_V.jpg", "width": 1024, "height": 257, "file_name": "20170702_171808_A_1194_   6099721301680_V_perfumesample_499.jpg", "annotated": false, "annotating": [], "num_annotations": 0, "metadata": {}, "deleted": false, "milliseconds": 0, "events": [], "regenerate_thumbnail": false}], "categories": [{"id": 145, "name": "perfumesample", "supercategory": "", "color": "#7d29d2", "metadata": {}, "keypoint_colors": []}], "annotations": [{"id": 100630, "image_id": 139974, "category_id": 145, "segmentation": [[787.3, 78.5, 788.2, 80.1, 784.0, 107.3, 772.2, 107.7, 766.8, 106.4, 770.2, 77.2, 773.1, 73.0, 786.2, 73.4]], "area": 603, "bbox": [767.0, 73.0, 21.0, 35.0], "iscrowd": false, "isbbox": false, "color": "#6fb427", "metadata": {}}, {"id": 100631, "image_id": 139974, "category_id": 145, "segmentation": [[705.2, 35.6, 702.5, 35.6, 699.2, 33.1, 698.7, 30.0, 700.3, 27.8, 712.7, 27.1, 769.5, 30.5, 771.9, 31.1, 773.7, 34.0, 772.6, 38.3, 766.4, 40.3, 710.3, 36.7]], "area": 699, "bbox": [699.0, 27.0, 75.0, 13.0], "iscrowd": false, "isbbox": false, "color": "#b07217", "metadata": {}}]}