{"images": [{"id": 139883, "dataset_id": 48, "category_ids": [], "path": "/datasets/201005_PERFUME/20170702_093052_G_9415_   6095010906480_H.jpg", "width": 1024, "height": 320, "file_name": "20170702_093052_G_9415_   6095010906480_H_perfume_361.jpg", "annotated": false, "annotating": [], "num_annotations": 0, "metadata": {}, "deleted": false, "milliseconds": 0, "events": [], "regenerate_thumbnail": false}], "categories": [{"id": 144, "name": "perfume", "supercategory": "", "color": "#167e9d", "metadata": {}, "keypoint_colors": []}], "annotations": [{"id": 100347, "image_id": 139883, "category_id": 144, "segmentation": [[161.4, 66.3, 159.8, 76.3, 155.0, 85.6, 175.8, 86.8, 179.6, 91.0, 173.2, 151.9, 169.7, 158.0, 160.7, 160.6, 66.5, 159.3, 63.0, 157.4, 62.0, 153.2, 64.9, 97.1, 68.8, 89.4, 78.4, 85.6, 100.5, 84.9, 101.4, 60.2, 103.7, 58.6, 159.5, 60.9]], "area": 9792, "bbox": [62.0, 59.0, 118.0, 102.0], "iscrowd": false, "isbbox": false, "color": "#38ad16", "metadata": {}}, {"id": 100349, "image_id": 139883, "category_id": 144, "segmentation": [[85.7, 65.7, 177.4, 69.9, 176.1, 135.9, 172.9, 137.8, 145.4, 138.8, 144.1, 145.8, 150.2, 159.0, 146.0, 162.2, 120.7, 163.8, 93.1, 161.5, 91.5, 159.3, 91.8, 156.4, 100.5, 147.1, 102.7, 138.4, 78.4, 136.8, 75.2, 133.6, 80.0, 67.6]], "area": 8181, "bbox": [75.0, 66.0, 102.0, 98.0], "iscrowd": false, "isbbox": false, "color": "#be2091", "metadata": {}}]}