{"images": [{"id": 139936, "dataset_id": 48, "category_ids": [], "path": "/datasets/201005_PERFUME/20170702_150448_E_4104_   6076183529584_V.jpg", "width": 1024, "height": 291, "file_name": "20170702_150448_E_4104_   6076183529584_V_perfume_416.jpg", "annotated": false, "annotating": [], "num_annotations": 0, "metadata": {}, "deleted": false, "milliseconds": 0, "events": [], "regenerate_thumbnail": false}], "categories": [{"id": 144, "name": "perfume", "supercategory": "", "color": "#167e9d", "metadata": {}, "keypoint_colors": []}], "annotations": [{"id": 100471, "image_id": 139936, "category_id": 144, "segmentation": [[371.6, 86.3, 383.3, 86.2, 388.4, 88.4, 390.5, 93.4, 390.3, 98.8, 378.3, 99.6, 378.5, 102.0, 416.7, 101.4, 418.0, 146.9, 312.0, 149.8, 304.8, 146.6, 303.7, 105.2, 308.5, 103.3, 340.8, 102.8, 341.1, 99.3, 327.8, 99.0, 327.5, 90.0, 339.5, 87.0, 368.6, 86.0]], "area": 6076, "bbox": [304.0, 86.0, 114.0, 64.0], "iscrowd": false, "isbbox": false, "color": "#d24236", "metadata": {}}, {"id": 100473, "image_id": 139936, "category_id": 144, "segmentation": [[411.0, 26.9, 436.2, 27.2, 437.3, 33.3, 447.1, 37.9, 449.5, 41.9, 449.5, 47.2, 446.3, 51.5, 440.7, 55.0, 441.0, 60.2, 306.9, 63.0, 304.0, 31.2, 409.5, 26.9]], "area": 4571, "bbox": [304.0, 27.0, 146.0, 36.0], "iscrowd": false, "isbbox": false, "color": "#ca6f0c", "metadata": {}}]}