{"images": [{"id": 139852, "dataset_id": 48, "category_ids": [], "path": "/datasets/201005_PERFUME/20170701_171827_G_9855_    PUS009119082_H.jpg", "width": 1024, "height": 256, "file_name": "20170701_171827_G_9855_    PUS009119082_H_perfume_332.jpg", "annotated": false, "annotating": [], "num_annotations": 0, "metadata": {}, "deleted": false, "milliseconds": 0, "events": [], "regenerate_thumbnail": false}], "categories": [{"id": 144, "name": "perfume", "supercategory": "", "color": "#167e9d", "metadata": {}, "keypoint_colors": []}], "annotations": [{"id": 100297, "image_id": 139852, "category_id": 144, "segmentation": [[101.8, 55.4, 148.9, 57.5, 150.0, 87.8, 140.6, 112.5, 91.2, 110.0, 89.7, 80.2, 99.0, 55.3]], "area": 3053, "bbox": [90.0, 55.0, 60.0, 58.0], "iscrowd": false, "isbbox": false, "color": "#4ceede", "metadata": {}}]}