{"images": [{"id": 139704, "dataset_id": 48, "category_ids": [], "path": "/datasets/201005_PERFUME/20170701_090315_A_1551_   6099721299457_V.jpg", "width": 1024, "height": 242, "file_name": "20170701_090315_A_1551_   6099721299457_V_perfumesample_67.jpg", "annotated": false, "annotating": [], "num_annotations": 0, "metadata": {}, "deleted": false, "milliseconds": 0, "events": [], "regenerate_thumbnail": false}], "categories": [{"id": 145, "name": "perfumesample", "supercategory": "", "color": "#7d29d2", "metadata": {}, "keypoint_colors": []}], "annotations": [{"id": 99893, "image_id": 139704, "category_id": 145, "segmentation": [[736.0, 30.2, 734.1, 33.7, 663.2, 33.7, 661.0, 32.1, 661.0, 28.3, 663.2, 25.6, 733.8, 25.3]], "area": 623, "bbox": [661.0, 25.0, 75.0, 9.0], "iscrowd": false, "isbbox": false, "color": "#c7de09", "metadata": {}}, {"id": 99894, "image_id": 139704, "category_id": 145, "segmentation": [[763.4, 88.9, 762.8, 116.3, 744.9, 116.3, 745.5, 93.5, 747.9, 85.4, 751.4, 82.2, 757.7, 82.2, 761.7, 84.0]], "area": 570, "bbox": [745.0, 82.0, 18.0, 34.0], "iscrowd": false, "isbbox": false, "color": "#dba953", "metadata": {}}]}