{"images": [{"id": 139886, "dataset_id": 48, "category_ids": [], "path": "/datasets/201005_PERFUME/20170702_093429_F_6018_   6067510240911_V.jpg", "width": 1024, "height": 282, "file_name": "20170702_093429_F_6018_   6067510240911_V_perfume_366.jpg", "annotated": false, "annotating": [], "num_annotations": 0, "metadata": {}, "deleted": false, "milliseconds": 0, "events": [], "regenerate_thumbnail": false}], "categories": [{"id": 144, "name": "perfume", "supercategory": "", "color": "#167e9d", "metadata": {}, "keypoint_colors": []}], "annotations": [{"id": 100355, "image_id": 139886, "category_id": 144, "segmentation": [[661.5, 137.9, 645.7, 135.0, 630.6, 127.5, 622.1, 128.1, 610.1, 132.6, 600.5, 132.4, 588.3, 125.5, 586.1, 121.7, 585.8, 117.0, 590.5, 111.5, 597.8, 108.1, 610.1, 108.6, 627.9, 113.7, 639.7, 104.1, 653.5, 100.2, 763.0, 101.2, 770.6, 106.1, 776.6, 117.0, 773.5, 129.5, 766.3, 135.3, 666.8, 138.6]], "area": 5813, "bbox": [586.0, 100.0, 190.0, 39.0], "iscrowd": false, "isbbox": false, "color": "#3d8bf6", "metadata": {}}, {"id": 100356, "image_id": 139886, "category_id": 144, "segmentation": [[594.5, 93.9, 589.2, 92.8, 577.8, 87.0, 571.6, 78.1, 571.1, 73.0, 573.4, 66.5, 579.4, 60.9, 584.0, 58.9, 701.3, 54.9, 722.7, 66.9, 736.1, 63.4, 756.3, 62.0, 761.2, 65.8, 763.9, 72.5, 762.8, 78.3, 759.7, 80.3, 735.4, 81.2, 729.4, 79.4, 724.0, 79.9, 712.9, 88.8, 702.9, 92.8, 599.6, 93.7]], "area": 5792, "bbox": [571.0, 55.0, 193.0, 39.0], "iscrowd": false, "isbbox": false, "color": "#00a2db", "metadata": {}}]}