{"images": [{"id": 139689, "dataset_id": 48, "category_ids": [], "path": "/datasets/201005_PERFUME/20170701_090207_A_1533_   6099721300190_H.jpg", "width": 1024, "height": 249, "file_name": "20170701_090207_A_1533_   6099721300190_H_perfumesample_25.jpg", "annotated": false, "annotating": [], "num_annotations": 0, "metadata": {}, "deleted": false, "milliseconds": 0, "events": [], "regenerate_thumbnail": false}], "categories": [{"id": 145, "name": "perfumesample", "supercategory": "", "color": "#7d29d2", "metadata": {}, "keypoint_colors": []}], "annotations": [{"id": 99704, "image_id": 139689, "category_id": 145, "segmentation": [[96.9, 50.9, 98.8, 53.1, 98.8, 77.5, 85.0, 78.0, 83.6, 76.7, 83.1, 46.6, 95.8, 45.8]], "area": 484, "bbox": [83.0, 46.0, 16.0, 32.0], "iscrowd": false, "isbbox": false, "color": "#02c666", "metadata": {}}, {"id": 99706, "image_id": 139689, "category_id": 145, "segmentation": [[91.5, 124.6, 95.3, 126.5, 96.1, 128.9, 90.9, 133.8, 82.3, 133.5, 77.4, 129.7, 77.9, 125.9, 86.3, 123.8]], "area": 141, "bbox": [77.0, 124.0, 19.0, 10.0], "iscrowd": false, "isbbox": false, "color": "#b62337", "metadata": {}}]}