{"images": [{"id": 139941, "dataset_id": 48, "category_ids": [], "path": "/datasets/201005_PERFUME/20170702_170742_F_6402_      8600883513_H.jpg", "width": 1024, "height": 302, "file_name": "20170702_170742_F_6402_      8600883513_H_perfume_426.jpg", "annotated": false, "annotating": [], "num_annotations": 0, "metadata": {}, "deleted": false, "milliseconds": 0, "events": [], "regenerate_thumbnail": false}], "categories": [{"id": 144, "name": "perfume", "supercategory": "", "color": "#167e9d", "metadata": {}, "keypoint_colors": []}], "annotations": [{"id": 100501, "image_id": 139941, "category_id": 144, "segmentation": [[141.4, 59.6, 144.0, 75.3, 169.1, 82.6, 172.0, 157.1, 75.4, 158.3, 73.2, 79.4, 74.3, 76.3, 81.0, 70.7, 100.8, 61.8, 101.2, 55.7, 138.8, 54.8]], "area": 8859, "bbox": [73.0, 55.0, 99.0, 103.0], "iscrowd": false, "isbbox": false, "color": "#04f316", "metadata": {}}]}