{"images": [{"id": 139743, "dataset_id": 48, "category_ids": [], "path": "/datasets/201005_PERFUME/20170701_093539_A_1430_   6099721300167_H.jpg", "width": 1024, "height": 298, "file_name": "20170701_093539_A_1430_   6099721300167_H_perfume_133.jpg", "annotated": false, "annotating": [], "num_annotations": 0, "metadata": {}, "deleted": false, "milliseconds": 0, "events": [], "regenerate_thumbnail": false}], "categories": [{"id": 144, "name": "perfume", "supercategory": "", "color": "#167e9d", "metadata": {}, "keypoint_colors": []}], "annotations": [{"id": 100071, "image_id": 139743, "category_id": 144, "segmentation": [[107.4, 70.3, 110.0, 141.5, 106.7, 143.7, 95.0, 144.7, 94.7, 151.5, 99.3, 152.2, 99.3, 162.6, 100.9, 164.9, 73.6, 166.8, 56.7, 165.5, 58.0, 163.2, 58.0, 152.5, 63.9, 152.2, 63.9, 144.7, 50.2, 143.1, 47.9, 69.0, 49.6, 67.4, 104.8, 67.1]], "area": 5414, "bbox": [48.0, 67.0, 62.0, 100.0], "iscrowd": false, "isbbox": false, "color": "#5368f7", "metadata": {}}]}