{"images": [{"id": 139848, "dataset_id": 48, "category_ids": [], "path": "/datasets/201005_PERFUME/20170701_171706_G_9815_    PUS009119338_H.jpg", "width": 1024, "height": 299, "file_name": "20170701_171706_G_9815_    PUS009119338_H_perfume_328.jpg", "annotated": false, "annotating": [], "num_annotations": 0, "metadata": {}, "deleted": false, "milliseconds": 0, "events": [], "regenerate_thumbnail": false}], "categories": [{"id": 144, "name": "perfume", "supercategory": "", "color": "#167e9d", "metadata": {}, "keypoint_colors": []}], "annotations": [{"id": 100289, "image_id": 139848, "category_id": 144, "segmentation": [[66.5, 46.9, 126.2, 47.5, 126.5, 55.2, 113.9, 55.5, 112.5, 56.8, 114.5, 58.2, 115.2, 65.5, 141.2, 65.8, 143.7, 121.1, 59.4, 122.6, 56.1, 65.8, 77.7, 65.6, 77.5, 58.2, 79.4, 56.5, 78.1, 54.8, 65.8, 55.2, 66.4, 47.8]], "area": 5611, "bbox": [56.0, 47.0, 88.0, 76.0], "iscrowd": false, "isbbox": false, "color": "#c37c0e", "metadata": {}}]}