{"images": [{"id": 139693, "dataset_id": 48, "category_ids": [], "path": "/datasets/201005_PERFUME/20170701_090253_A_1542_   6099721300128_H.jpg", "width": 1024, "height": 269, "file_name": "20170701_090253_A_1542_   6099721300128_H_perfume_35.jpg", "annotated": false, "annotating": [], "num_annotations": 0, "metadata": {}, "deleted": false, "milliseconds": 0, "events": [], "regenerate_thumbnail": false}], "categories": [{"id": 144, "name": "perfume", "supercategory": "", "color": "#167e9d", "metadata": {}, "keypoint_colors": []}], "annotations": [{"id": 99806, "image_id": 139693, "category_id": 144, "segmentation": [[176.9, 86.3, 176.3, 107.4, 144.8, 107.1, 145.8, 110.0, 153.5, 111.7, 152.2, 123.4, 100.6, 121.4, 102.5, 109.4, 110.7, 108.4, 111.6, 106.1, 82.7, 104.5, 94.1, 45.7, 96.0, 43.4, 106.1, 42.5, 180.2, 45.7, 183.2, 48.2, 183.3, 50.3]], "area": 6414, "bbox": [83.0, 43.0, 100.0, 80.0], "iscrowd": false, "isbbox": false, "color": "#5d96e9", "metadata": {}}]}