{"images": [{"id": 139842, "dataset_id": 48, "category_ids": [], "path": "/datasets/201005_PERFUME/20170701_171222_F_6509_    PUS009118240_H.jpg", "width": 1024, "height": 267, "file_name": "20170701_171222_F_6509_    PUS009118240_H_perfume_316.jpg", "annotated": false, "annotating": [], "num_annotations": 0, "metadata": {}, "deleted": false, "milliseconds": 0, "events": [], "regenerate_thumbnail": false}], "categories": [{"id": 144, "name": "perfume", "supercategory": "", "color": "#167e9d", "metadata": {}, "keypoint_colors": []}], "annotations": [{"id": 100274, "image_id": 139842, "category_id": 144, "segmentation": [[112.5, 42.7, 112.5, 87.6, 116.1, 85.3, 117.4, 75.5, 122.2, 75.9, 124.5, 78.1, 124.5, 80.7, 122.2, 85.9, 113.8, 92.4, 96.9, 94.7, 94.6, 97.3, 94.3, 100.2, 95.9, 102.2, 106.3, 103.8, 107.3, 109.0, 101.5, 112.2, 55.6, 111.9, 52.7, 109.0, 53.0, 105.1, 54.3, 103.8, 65.4, 102.8, 65.4, 99.9, 58.9, 97.3, 58.9, 94.7, 49.8, 94.4, 47.8, 93.1, 46.9, 41.4, 48.8, 39.5, 110.6, 39.8]], "area": 4414, "bbox": [47.0, 40.0, 78.0, 72.0], "iscrowd": false, "isbbox": false, "color": "#bbf54a", "metadata": {}}]}