{"images": [{"id": 139782, "dataset_id": 48, "category_ids": [], "path": "/datasets/201005_PERFUME/20170701_100628_A_1024_   6099704563277_V.jpg", "width": 1024, "height": 339, "file_name": "20170701_100628_A_1024_   6099704563277_V_perfume_226.jpg", "annotated": false, "annotating": [], "num_annotations": 0, "metadata": {}, "deleted": false, "milliseconds": 0, "events": [], "regenerate_thumbnail": false}], "categories": [{"id": 144, "name": "perfume", "supercategory": "", "color": "#167e9d", "metadata": {}, "keypoint_colors": []}], "annotations": [{"id": 100182, "image_id": 139782, "category_id": 144, "segmentation": [[753.4, 76.5, 754.1, 101.5, 740.4, 103.5, 679.3, 102.8, 677.4, 105.4, 665.0, 107.0, 662.4, 110.6, 656.3, 109.0, 633.9, 112.9, 630.9, 111.9, 586.4, 116.8, 579.3, 116.8, 578.3, 114.8, 627.4, 108.3, 631.6, 106.1, 651.7, 106.1, 660.8, 102.8, 483.4, 105.4, 481.2, 79.4, 496.8, 77.1, 751.8, 75.8]], "area": 7780, "bbox": [481.0, 76.0, 273.0, 41.0], "iscrowd": false, "isbbox": false, "color": "#c9ed1a", "metadata": {}}, {"id": 100183, "image_id": 139782, "category_id": 144, "segmentation": [[758.9, 140.2, 759.3, 165.5, 683.2, 165.8, 687.5, 166.8, 692.7, 172.3, 709.6, 172.7, 707.0, 176.9, 703.1, 178.5, 696.9, 178.5, 689.1, 174.6, 681.9, 175.9, 664.7, 169.7, 663.7, 167.5, 665.7, 165.5, 492.9, 168.4, 492.2, 140.8, 757.6, 138.9]], "area": 7410, "bbox": [492.0, 139.0, 267.0, 40.0], "iscrowd": false, "isbbox": false, "color": "#4fa6e3", "metadata": {}}]}