{"images": [{"id": 139769, "dataset_id": 48, "category_ids": [], "path": "/datasets/201005_PERFUME/20170701_100142_A_1938_   6099704563278_H.jpg", "width": 1024, "height": 332, "file_name": "20170701_100142_A_1938_   6099704563278_H_perfume_200.jpg", "annotated": false, "annotating": [], "num_annotations": 0, "metadata": {}, "deleted": false, "milliseconds": 0, "events": [], "regenerate_thumbnail": false}], "categories": [{"id": 144, "name": "perfume", "supercategory": "", "color": "#167e9d", "metadata": {}, "keypoint_colors": []}], "annotations": [{"id": 100156, "image_id": 139769, "category_id": 144, "segmentation": [[127.8, 73.0, 129.1, 100.3, 134.6, 103.5, 134.2, 107.4, 129.4, 111.3, 129.4, 118.8, 133.3, 123.0, 140.4, 182.8, 134.9, 190.3, 88.1, 190.6, 80.0, 75.9, 77.1, 75.6, 77.1, 73.3, 126.8, 72.3]], "area": 5880, "bbox": [77.0, 72.0, 63.0, 119.0], "iscrowd": false, "isbbox": false, "color": "#1d6dc7", "metadata": {}}, {"id": 100157, "image_id": 139769, "category_id": 144, "segmentation": [[149.2, 62.3, 151.8, 87.6, 153.4, 90.2, 159.9, 93.5, 158.6, 97.0, 151.8, 97.7, 153.4, 109.1, 157.0, 112.0, 169.7, 171.1, 161.5, 177.9, 108.9, 177.9, 97.5, 81.8, 84.5, 78.5, 77.4, 73.0, 86.8, 73.3, 96.6, 76.9, 94.3, 67.5, 99.2, 62.9, 148.5, 62.3]], "area": 6620, "bbox": [78.0, 62.0, 92.0, 116.0], "iscrowd": false, "isbbox": false, "color": "#ee7e73", "metadata": {}}]}