{"images": [{"id": 139929, "dataset_id": 48, "category_ids": [], "path": "/datasets/201005_PERFUME/20170702_132709_G_9465_    PUS009129448_H.jpg", "width": 1024, "height": 323, "file_name": "20170702_132709_G_9465_    PUS009129448_H_perfume_408.jpg", "annotated": false, "annotating": [], "num_annotations": 0, "metadata": {}, "deleted": false, "milliseconds": 0, "events": [], "regenerate_thumbnail": false}], "categories": [{"id": 144, "name": "perfume", "supercategory": "", "color": "#167e9d", "metadata": {}, "keypoint_colors": []}], "annotations": [{"id": 100452, "image_id": 139929, "category_id": 144, "segmentation": [[61.2, 70.2, 126.3, 69.6, 129.8, 72.6, 128.9, 113.8, 131.5, 116.9, 128.5, 119.3, 125.7, 126.6, 106.1, 138.1, 106.2, 143.3, 110.1, 148.8, 110.3, 151.8, 107.2, 156.6, 100.7, 160.3, 84.9, 160.7, 75.8, 155.5, 74.0, 150.9, 75.1, 147.4, 78.0, 144.8, 77.9, 138.5, 61.9, 129.5, 56.0, 119.9, 52.6, 117.9, 52.8, 115.1, 55.2, 113.6, 54.5, 73.5, 55.4, 71.7, 59.3, 70.4]], "area": 5419, "bbox": [53.0, 70.0, 78.0, 91.0], "iscrowd": false, "isbbox": false, "color": "#b828dd", "metadata": {}}]}