{"images": [{"id": 139756, "dataset_id": 48, "category_ids": [], "path": "/datasets/201005_PERFUME/20170701_093748_A_1476_   6099721300131_V.jpg", "width": 1024, "height": 299, "file_name": "20170701_093748_A_1476_   6099721300131_V_perfume_167.jpg", "annotated": false, "annotating": [], "num_annotations": 0, "metadata": {}, "deleted": false, "milliseconds": 0, "events": [], "regenerate_thumbnail": false}], "categories": [{"id": 144, "name": "perfume", "supercategory": "", "color": "#167e9d", "metadata": {}, "keypoint_colors": []}], "annotations": [{"id": 100120, "image_id": 139756, "category_id": 144, "segmentation": [[677.0, 87.2, 686.8, 87.7, 695.7, 91.0, 696.2, 98.0, 692.0, 101.7, 689.2, 102.2, 687.8, 109.7, 732.2, 114.8, 735.5, 115.8, 737.8, 119.0, 734.6, 168.6, 733.2, 170.5, 599.4, 169.6, 598.4, 163.5, 603.1, 114.8, 649.9, 110.1, 650.4, 100.8, 644.3, 96.6, 644.7, 91.0, 654.6, 86.3, 671.9, 86.3]], "area": 8925, "bbox": [598.0, 86.0, 140.0, 85.0], "iscrowd": false, "isbbox": false, "color": "#162cf8", "metadata": {}}]}