{"images": [{"id": 139866, "dataset_id": 48, "category_ids": [], "path": "/datasets/201005_PERFUME/20170702_081444_G_8477_   PUS0010131237_H.jpg", "width": 1024, "height": 289, "file_name": "20170702_081444_G_8477_   PUS0010131237_H_perfume_346.jpg", "annotated": false, "annotating": [], "num_annotations": 0, "metadata": {}, "deleted": false, "milliseconds": 0, "events": [], "regenerate_thumbnail": false}], "categories": [{"id": 144, "name": "perfume", "supercategory": "", "color": "#167e9d", "metadata": {}, "keypoint_colors": []}], "annotations": [{"id": 100327, "image_id": 139866, "category_id": 144, "segmentation": [[49.9, 76.5, 49.6, 66.6, 42.1, 59.1, 42.4, 55.9, 44.8, 53.8, 91.3, 53.5, 95.6, 56.7, 95.3, 60.2, 89.4, 65.3, 88.6, 68.7, 88.9, 80.5, 91.6, 86.4, 91.8, 94.1, 89.7, 149.7, 85.9, 154.2, 43.2, 153.7, 43.5, 122.2, 46.2, 84.8, 47.8, 81.3]], "area": 4562, "bbox": [42.0, 54.0, 54.0, 100.0], "iscrowd": false, "isbbox": false, "color": "#1c65a8", "metadata": {}}]}