{"images": [{"id": 139954, "dataset_id": 48, "category_ids": [], "path": "/datasets/201005_PERFUME/20170702_171231_A_1061_   6099721301360_V.jpg", "width": 1024, "height": 306, "file_name": "20170702_171231_A_1061_   6099721301360_V_perfumesample_452.jpg", "annotated": false, "annotating": [], "num_annotations": 0, "metadata": {}, "deleted": false, "milliseconds": 0, "events": [], "regenerate_thumbnail": false}], "categories": [{"id": 145, "name": "perfumesample", "supercategory": "", "color": "#7d29d2", "metadata": {}, "keypoint_colors": []}], "annotations": [{"id": 100556, "image_id": 139954, "category_id": 145, "segmentation": [[680.4, 137.4, 682.8, 167.1, 663.0, 167.1, 660.4, 138.8, 662.2, 135.8, 661.2, 133.4, 678.5, 132.6]], "area": 669, "bbox": [660.0, 133.0, 23.0, 34.0], "iscrowd": false, "isbbox": false, "color": "#175eef", "metadata": {}}, {"id": 100558, "image_id": 139954, "category_id": 145, "segmentation": [[779.5, 70.9, 780.5, 99.5, 761.9, 98.7, 761.3, 72.0, 763.2, 68.8, 762.7, 66.4, 778.1, 65.6]], "area": 593, "bbox": [761.0, 66.0, 20.0, 34.0], "iscrowd": false, "isbbox": false, "color": "#335ad4", "metadata": {}}]}