{"images": [{"id": 139918, "dataset_id": 48, "category_ids": [], "path": "/datasets/201005_PERFUME/20170702_104009_F_6474_   6076825850919_V.jpg", "width": 1024, "height": 248, "file_name": "20170702_104009_F_6474_   6076825850919_V_perfume_399.jpg", "annotated": false, "annotating": [], "num_annotations": 0, "metadata": {}, "deleted": false, "milliseconds": 0, "events": [], "regenerate_thumbnail": false}], "categories": [{"id": 144, "name": "perfume", "supercategory": "", "color": "#167e9d", "metadata": {}, "keypoint_colors": []}], "annotations": [{"id": 100433, "image_id": 139918, "category_id": 144, "segmentation": [[538.0, 31.0, 625.0, 28.4, 634.6, 31.8, 641.5, 58.2, 643.7, 74.5, 645.0, 98.1, 643.7, 103.9, 636.4, 107.0, 605.2, 107.9, 605.2, 111.4, 612.3, 111.2, 613.4, 124.8, 569.6, 125.7, 567.8, 112.1, 574.5, 111.9, 574.7, 109.0, 538.7, 109.0, 536.0, 106.5, 532.2, 98.3, 528.2, 82.7, 524.9, 36.9, 526.0, 33.3, 535.3, 30.4]], "area": 9572, "bbox": [525.0, 28.0, 120.0, 98.0], "iscrowd": false, "isbbox": false, "color": "#401fa4", "metadata": {}}]}