{"images": [{"id": 139744, "dataset_id": 48, "category_ids": [], "path": "/datasets/201005_PERFUME/20170701_093539_A_1430_   6099721300167_V.jpg", "width": 1024, "height": 298, "file_name": "20170701_093539_A_1430_   6099721300167_V_perfume_136.jpg", "annotated": false, "annotating": [], "num_annotations": 0, "metadata": {}, "deleted": false, "milliseconds": 0, "events": [], "regenerate_thumbnail": false}], "categories": [{"id": 144, "name": "perfume", "supercategory": "", "color": "#167e9d", "metadata": {}, "keypoint_colors": []}], "annotations": [{"id": 100078, "image_id": 139744, "category_id": 144, "segmentation": [[740.1, 65.2, 745.5, 137.3, 743.2, 138.5, 721.4, 138.5, 721.8, 161.1, 668.0, 161.9, 666.8, 140.1, 637.6, 139.7, 631.7, 64.8, 736.6, 61.7]], "area": 9454, "bbox": [632.0, 62.0, 114.0, 100.0], "iscrowd": false, "isbbox": false, "color": "#c145e2", "metadata": {}}]}