{"images": [{"id": 139698, "dataset_id": 48, "category_ids": [], "path": "/datasets/201005_PERFUME/20170701_090305_A_1547_   6099721300187_V.jpg", "width": 1024, "height": 252, "file_name": "20170701_090305_A_1547_   6099721300187_V_perfumesample_51.jpg", "annotated": false, "annotating": [], "num_annotations": 0, "metadata": {}, "deleted": false, "milliseconds": 0, "events": [], "regenerate_thumbnail": false}], "categories": [{"id": 145, "name": "perfumesample", "supercategory": "", "color": "#7d29d2", "metadata": {}, "keypoint_colors": []}], "annotations": [{"id": 99843, "image_id": 139698, "category_id": 145, "segmentation": [[736.3, 33.1, 733.0, 35.5, 656.4, 33.7, 655.9, 31.8, 655.9, 28.5, 658.6, 26.3, 735.2, 28.0]], "area": 590, "bbox": [656.0, 26.0, 80.0, 10.0], "iscrowd": false, "isbbox": false, "color": "#354ce1", "metadata": {}}, {"id": 99844, "image_id": 139698, "category_id": 145, "segmentation": [[784.7, 72.9, 785.5, 76.4, 780.4, 104.3, 763.9, 103.8, 767.1, 76.7, 770.4, 73.4, 771.2, 68.0, 785.3, 68.6]], "area": 605, "bbox": [764.0, 68.0, 22.0, 36.0], "iscrowd": false, "isbbox": false, "color": "#243696", "metadata": {}}]}