{"images": [{"id": 139731, "dataset_id": 48, "category_ids": [], "path": "/datasets/201005_PERFUME/20170701_092901_A_1240_   6099730099613_H.jpg", "width": 1024, "height": 257, "file_name": "20170701_092901_A_1240_   6099730099613_H_perfume_120.jpg", "annotated": false, "annotating": [], "num_annotations": 0, "metadata": {}, "deleted": false, "milliseconds": 0, "events": [], "regenerate_thumbnail": false}], "categories": [{"id": 144, "name": "perfume", "supercategory": "", "color": "#167e9d", "metadata": {}, "keypoint_colors": []}], "annotations": [{"id": 100005, "image_id": 139731, "category_id": 144, "segmentation": [[106.4, 55.8, 125.1, 58.2, 143.1, 67.1, 146.4, 73.9, 146.7, 81.5, 138.9, 92.3, 130.7, 97.2, 113.7, 102.6, 95.5, 103.1, 75.8, 98.8, 64.4, 91.8, 57.4, 79.6, 57.4, 72.5, 59.5, 68.8, 69.6, 61.7, 83.4, 57.1, 98.0, 55.8]], "area": 3336, "bbox": [57.0, 56.0, 90.0, 47.0], "iscrowd": false, "isbbox": false, "color": "#f074c4", "metadata": {}}]}