{"images": [{"id": 139828, "dataset_id": 48, "category_ids": [], "path": "/datasets/201005_PERFUME/20170701_170527_A_1969_   6099721300779_H.jpg", "width": 1024, "height": 253, "file_name": "20170701_170527_A_1969_   6099721300779_H_perfumesample_281.jpg", "annotated": false, "annotating": [], "num_annotations": 0, "metadata": {}, "deleted": false, "milliseconds": 0, "events": [], "regenerate_thumbnail": false}], "categories": [{"id": 145, "name": "perfumesample", "supercategory": "", "color": "#7d29d2", "metadata": {}, "keypoint_colors": []}], "annotations": [{"id": 100238, "image_id": 139828, "category_id": 145, "segmentation": [[89.8, 64.2, 103.0, 90.1, 103.6, 97.5, 98.4, 99.4, 91.1, 99.9, 88.4, 98.3, 84.6, 93.4, 71.6, 65.0, 88.7, 63.3]], "area": 661, "bbox": [72.0, 63.0, 32.0, 37.0], "iscrowd": false, "isbbox": false, "color": "#e330b1", "metadata": {}}, {"id": 100239, "image_id": 139828, "category_id": 145, "segmentation": [[167.8, 76.6, 168.8, 78.8, 161.5, 107.2, 145.8, 105.3, 152.3, 78.0, 155.3, 75.5, 153.7, 71.5, 168.3, 72.6]], "area": 548, "bbox": [146.0, 72.0, 23.0, 35.0], "iscrowd": false, "isbbox": false, "color": "#dfab4d", "metadata": {}}]}