{"images": [{"id": 139793, "dataset_id": 48, "category_ids": [], "path": "/datasets/201005_PERFUME/20170701_110551_G_8263_   6076820266646_V.jpg", "width": 1024, "height": 277, "file_name": "20170701_110551_G_8263_   6076820266646_V_perfume_241.jpg", "annotated": false, "annotating": [], "num_annotations": 0, "metadata": {}, "deleted": false, "milliseconds": 0, "events": [], "regenerate_thumbnail": false}], "categories": [{"id": 144, "name": "perfume", "supercategory": "", "color": "#167e9d", "metadata": {}, "keypoint_colors": []}], "annotations": [{"id": 100197, "image_id": 139793, "category_id": 144, "segmentation": [[687.0, 64.5, 730.0, 73.2, 727.0, 103.5, 655.8, 104.6, 619.3, 96.7, 620.4, 66.9, 621.7, 65.0, 686.7, 64.2]], "area": 3995, "bbox": [619.0, 64.0, 111.0, 41.0], "iscrowd": false, "isbbox": false, "color": "#f71c43", "metadata": {}}]}