{"images": [{"id": 139849, "dataset_id": 48, "category_ids": [], "path": "/datasets/201005_PERFUME/20170701_171706_G_9815_    PUS009119338_V.jpg", "width": 1024, "height": 299, "file_name": "20170701_171706_G_9815_    PUS009119338_V_perfume_329.jpg", "annotated": false, "annotating": [], "num_annotations": 0, "metadata": {}, "deleted": false, "milliseconds": 0, "events": [], "regenerate_thumbnail": false}], "categories": [{"id": 144, "name": "perfume", "supercategory": "", "color": "#167e9d", "metadata": {}, "keypoint_colors": []}], "annotations": [{"id": 100291, "image_id": 139849, "category_id": 144, "segmentation": [[735.1, 42.9, 735.1, 50.4, 720.4, 50.7, 722.0, 53.2, 721.8, 59.9, 747.6, 60.6, 749.4, 116.4, 656.1, 116.9, 655.0, 61.3, 680.0, 59.9, 680.1, 52.1, 681.7, 51.0, 669.2, 49.9, 668.9, 42.4, 733.6, 42.3]], "area": 6219, "bbox": [655.0, 42.0, 94.0, 75.0], "iscrowd": false, "isbbox": false, "color": "#a9ec61", "metadata": {}}]}