{"images": [{"id": 139888, "dataset_id": 48, "category_ids": [], "path": "/datasets/201005_PERFUME/20170702_095700_A_1253_   6074982410699_V.jpg", "width": 1024, "height": 321, "file_name": "20170702_095700_A_1253_   6074982410699_V_perfume_369.jpg", "annotated": false, "annotating": [], "num_annotations": 0, "metadata": {}, "deleted": false, "milliseconds": 0, "events": [], "regenerate_thumbnail": false}], "categories": [{"id": 144, "name": "perfume", "supercategory": "", "color": "#167e9d", "metadata": {}, "keypoint_colors": []}], "annotations": [{"id": 100359, "image_id": 139888, "category_id": 144, "segmentation": [[644.1, 68.5, 753.1, 68.4, 755.0, 87.6, 746.4, 116.7, 746.9, 125.3, 752.0, 146.6, 751.2, 164.3, 639.8, 165.3, 639.8, 70.3]], "area": 10692, "bbox": [640.0, 68.0, 115.0, 97.0], "iscrowd": false, "isbbox": false, "color": "#2098a5", "metadata": {}}]}