{"images": [{"id": 139799, "dataset_id": 48, "category_ids": [], "path": "/datasets/201005_PERFUME/20170701_111040_G_8401_   6076820266700_V.jpg", "width": 1024, "height": 269, "file_name": "20170701_111040_G_8401_   6076820266700_V_perfume_247.jpg", "annotated": false, "annotating": [], "num_annotations": 0, "metadata": {}, "deleted": false, "milliseconds": 0, "events": [], "regenerate_thumbnail": false}], "categories": [{"id": 144, "name": "perfume", "supercategory": "", "color": "#167e9d", "metadata": {}, "keypoint_colors": []}], "annotations": [{"id": 100203, "image_id": 139799, "category_id": 144, "segmentation": [[657.0, 58.7, 694.8, 58.3, 767.3, 62.6, 769.6, 66.9, 759.9, 109.0, 753.6, 112.9, 713.9, 112.9, 647.2, 109.0, 643.7, 106.6, 643.7, 100.0, 641.0, 100.0, 640.2, 98.4, 618.4, 98.4, 616.4, 93.4, 616.0, 81.3, 618.7, 66.1, 621.9, 64.1, 653.4, 62.6]], "area": 7153, "bbox": [616.0, 58.0, 153.0, 55.0], "iscrowd": false, "isbbox": false, "color": "#5ddb67", "metadata": {}}]}