{"images": [{"id": 139889, "dataset_id": 48, "category_ids": [], "path": "/datasets/201005_PERFUME/20170702_100107_A_1330_   6074982410697_H.jpg", "width": 1024, "height": 321, "file_name": "20170702_100107_A_1330_   6074982410697_H_perfume_370.jpg", "annotated": false, "annotating": [], "num_annotations": 0, "metadata": {}, "deleted": false, "milliseconds": 0, "events": [], "regenerate_thumbnail": false}], "categories": [{"id": 144, "name": "perfume", "supercategory": "", "color": "#167e9d", "metadata": {}, "keypoint_colors": []}], "annotations": [{"id": 100364, "image_id": 139889, "category_id": 144, "segmentation": [[129.5, 76.6, 129.6, 91.6, 132.6, 92.2, 132.3, 170.8, 88.9, 171.0, 87.5, 169.0, 88.0, 91.3, 91.1, 91.3, 90.6, 76.6, 127.6, 76.0]], "area": 4134, "bbox": [88.0, 76.0, 45.0, 95.0], "iscrowd": false, "isbbox": false, "color": "#e1ca4f", "metadata": {}}]}