{"images": [{"id": 139751, "dataset_id": 48, "category_ids": [], "path": "/datasets/201005_PERFUME/20170701_093727_A_1467_   6099721300174_H.jpg", "width": 1024, "height": 298, "file_name": "20170701_093727_A_1467_   6099721300174_H_perfumesample_157.jpg", "annotated": false, "annotating": [], "num_annotations": 0, "metadata": {}, "deleted": false, "milliseconds": 0, "events": [], "regenerate_thumbnail": false}], "categories": [{"id": 145, "name": "perfumesample", "supercategory": "", "color": "#7d29d2", "metadata": {}, "keypoint_colors": []}], "annotations": [{"id": 100109, "image_id": 139751, "category_id": 145, "segmentation": [[60.6, 65.2, 63.9, 67.4, 63.9, 95.8, 48.5, 96.1, 48.5, 67.1, 50.6, 65.5, 49.8, 62.5, 61.5, 61.9, 60.4, 65.0]], "area": 490, "bbox": [49.0, 62.0, 15.0, 34.0], "iscrowd": false, "isbbox": false, "color": "#02c6c2", "metadata": {}}, {"id": 100110, "image_id": 139751, "category_id": 145, "segmentation": [[111.3, 131.8, 110.7, 159.7, 95.0, 159.7, 94.5, 136.9, 96.1, 130.2, 94.8, 127.5, 109.1, 127.5]], "area": 506, "bbox": [95.0, 128.0, 16.0, 32.0], "iscrowd": false, "isbbox": false, "color": "#49f583", "metadata": {}}]}