{"images": [{"id": 139944, "dataset_id": 48, "category_ids": [], "path": "/datasets/201005_PERFUME/20170702_171131_A_1028_   6099721299857_V.jpg", "width": 1024, "height": 284, "file_name": "20170702_171131_A_1028_   6099721299857_V_perfume_429.jpg", "annotated": false, "annotating": [], "num_annotations": 0, "metadata": {}, "deleted": false, "milliseconds": 0, "events": [], "regenerate_thumbnail": false}], "categories": [{"id": 144, "name": "perfume", "supercategory": "", "color": "#167e9d", "metadata": {}, "keypoint_colors": []}], "annotations": [{"id": 100521, "image_id": 139944, "category_id": 144, "segmentation": [[726.8, 40.9, 760.8, 40.4, 759.9, 98.1, 751.9, 103.4, 743.7, 105.7, 713.0, 108.3, 713.0, 121.9, 711.3, 122.4, 712.1, 133.7, 660.2, 134.1, 658.4, 131.5, 659.1, 121.7, 655.7, 120.7, 655.1, 107.9, 622.6, 105.9, 612.4, 101.4, 607.8, 97.0, 607.3, 42.7, 612.0, 40.6]], "area": 11428, "bbox": [607.0, 40.0, 154.0, 94.0], "iscrowd": false, "isbbox": false, "color": "#e0c16c", "metadata": {}}]}