{"images": [{"id": 139948, "dataset_id": 48, "category_ids": [], "path": "/datasets/201005_PERFUME/20170702_171201_A_1044_   6099721299899_V.jpg", "width": 1024, "height": 262, "file_name": "20170702_171201_A_1044_   6099721299899_V_perfumesample_441.jpg", "annotated": false, "annotating": [], "num_annotations": 0, "metadata": {}, "deleted": false, "milliseconds": 0, "events": [], "regenerate_thumbnail": false}], "categories": [{"id": 145, "name": "perfumesample", "supercategory": "", "color": "#7d29d2", "metadata": {}, "keypoint_colors": []}], "annotations": [{"id": 100540, "image_id": 139948, "category_id": 145, "segmentation": [[644.1, 51.9, 645.2, 53.2, 643.6, 79.7, 641.0, 82.1, 640.8, 85.4, 625.8, 84.3, 624.8, 78.5, 626.9, 52.0]], "area": 601, "bbox": [625.0, 52.0, 20.0, 33.0], "iscrowd": false, "isbbox": false, "color": "#1e57c0", "metadata": {}}, {"id": 100541, "image_id": 139948, "category_id": 145, "segmentation": [[645.8, 32.2, 646.5, 27.4, 650.1, 26.1, 715.5, 25.1, 718.7, 26.8, 723.7, 26.6, 727.0, 28.9, 725.0, 33.3, 715.9, 35.0, 650.1, 35.3]], "area": 713, "bbox": [646.0, 25.0, 81.0, 10.0], "iscrowd": false, "isbbox": false, "color": "#4bfe25", "metadata": {}}]}