{"images": [{"id": 139968, "dataset_id": 48, "category_ids": [], "path": "/datasets/201005_PERFUME/20170702_171801_A_1190_   6099721300198_V.jpg", "width": 1024, "height": 298, "file_name": "20170702_171801_A_1190_   6099721300198_V_perfumesample_480.jpg", "annotated": false, "annotating": [], "num_annotations": 0, "metadata": {}, "deleted": false, "milliseconds": 0, "events": [], "regenerate_thumbnail": false}], "categories": [{"id": 145, "name": "perfumesample", "supercategory": "", "color": "#7d29d2", "metadata": {}, "keypoint_colors": []}], "annotations": [{"id": 100600, "image_id": 139968, "category_id": 145, "segmentation": [[633.1, 59.8, 628.0, 57.1, 626.4, 51.8, 629.3, 48.8, 634.2, 47.2, 743.1, 45.9, 747.9, 48.3, 750.6, 53.1, 748.2, 58.2, 740.2, 61.7, 638.4, 59.8]], "area": 1684, "bbox": [627.0, 46.0, 123.0, 16.0], "iscrowd": false, "isbbox": false, "color": "#e7c638", "metadata": {}}, {"id": 100601, "image_id": 139968, "category_id": 145, "segmentation": [[581.5, 107.3, 583.7, 134.3, 581.5, 138.0, 582.3, 143.4, 565.2, 144.2, 562.8, 137.0, 558.6, 107.9, 579.7, 106.8]], "area": 778, "bbox": [559.0, 107.0, 25.0, 37.0], "iscrowd": false, "isbbox": false, "color": "#4635e9", "metadata": {}}, {"id": 100602, "image_id": 139968, "category_id": 145, "segmentation": [[563.8, 56.2, 563.6, 83.0, 560.7, 87.0, 561.0, 93.2, 544.7, 93.2, 545.5, 86.8, 543.1, 81.2, 542.8, 56.9, 544.4, 55.5, 562.3, 54.7]], "area": 745, "bbox": [543.0, 55.0, 21.0, 38.0], "iscrowd": false, "isbbox": false, "color": "#edc174", "metadata": {}}]}