{"images": [{"id": 139718, "dataset_id": 48, "category_ids": [], "path": "/datasets/201005_PERFUME/20170701_090423_A_1582_   6099721300171_V.jpg", "width": 1024, "height": 255, "file_name": "20170701_090423_A_1582_   6099721300171_V_perfume_110.jpg", "annotated": false, "annotating": [], "num_annotations": 0, "metadata": {}, "deleted": false, "milliseconds": 0, "events": [], "regenerate_thumbnail": false}], "categories": [{"id": 144, "name": "perfume", "supercategory": "", "color": "#167e9d", "metadata": {}, "keypoint_colors": []}], "annotations": [{"id": 99955, "image_id": 139718, "category_id": 144, "segmentation": [[771.1, 44.5, 773.3, 47.2, 759.5, 81.1, 736.5, 81.6, 726.2, 105.2, 665.6, 100.0, 664.5, 97.8, 672.6, 77.8, 651.5, 73.5, 664.5, 38.3, 668.3, 36.1, 679.6, 35.0, 766.3, 42.3]], "area": 5995, "bbox": [652.0, 35.0, 121.0, 70.0], "iscrowd": false, "isbbox": false, "color": "#e2d552", "metadata": {}}]}