{"images": [{"id": 139868, "dataset_id": 48, "category_ids": [], "path": "/datasets/201005_PERFUME/20170702_081454_G_8482_    PUS009118034_H.jpg", "width": 1024, "height": 295, "file_name": "20170702_081454_G_8482_    PUS009118034_H_perfume_348.jpg", "annotated": false, "annotating": [], "num_annotations": 0, "metadata": {}, "deleted": false, "milliseconds": 0, "events": [], "regenerate_thumbnail": false}], "categories": [{"id": 144, "name": "perfume", "supercategory": "", "color": "#167e9d", "metadata": {}, "keypoint_colors": []}], "annotations": [{"id": 100329, "image_id": 139868, "category_id": 144, "segmentation": [[47.3, 48.6, 98.7, 48.1, 102.5, 51.4, 102.0, 120.5, 100.3, 123.4, 88.4, 128.5, 88.7, 154.8, 56.2, 154.1, 55.8, 128.7, 45.1, 124.9, 43.0, 122.4, 42.8, 51.5]], "area": 5518, "bbox": [43.0, 48.0, 60.0, 107.0], "iscrowd": false, "isbbox": false, "color": "#cf1177", "metadata": {}}]}