{"images": [{"id": 139865, "dataset_id": 48, "category_ids": [], "path": "/datasets/201005_PERFUME/20170701_173706_F_6793_    PUS009119081_V.jpg", "width": 1024, "height": 293, "file_name": "20170701_173706_F_6793_    PUS009119081_V_perfume_345.jpg", "annotated": false, "annotating": [], "num_annotations": 0, "metadata": {}, "deleted": false, "milliseconds": 0, "events": [], "regenerate_thumbnail": false}], "categories": [{"id": 144, "name": "perfume", "supercategory": "", "color": "#167e9d", "metadata": {}, "keypoint_colors": []}], "annotations": [{"id": 100325, "image_id": 139865, "category_id": 144, "segmentation": [[760.2, 27.7, 761.5, 95.2, 715.3, 96.0, 714.0, 100.0, 718.8, 100.2, 719.9, 105.1, 716.7, 117.3, 695.0, 121.1, 667.5, 118.9, 659.8, 116.5, 658.2, 101.3, 659.5, 99.4, 663.2, 98.9, 662.7, 95.2, 612.8, 94.9, 612.6, 27.4, 758.1, 27.6]], "area": 11427, "bbox": [613.0, 27.0, 149.0, 94.0], "iscrowd": false, "isbbox": false, "color": "#a31b4c", "metadata": {}}]}