{"images": [{"id": 139695, "dataset_id": 48, "category_ids": [], "path": "/datasets/201005_PERFUME/20170701_090304_A_1546_   6099721299514_H.jpg", "width": 1024, "height": 256, "file_name": "20170701_090304_A_1546_   6099721299514_H_perfume_40.jpg", "annotated": false, "annotating": [], "num_annotations": 0, "metadata": {}, "deleted": false, "milliseconds": 0, "events": [], "regenerate_thumbnail": false}], "categories": [{"id": 144, "name": "perfume", "supercategory": "", "color": "#167e9d", "metadata": {}, "keypoint_colors": []}], "annotations": [{"id": 99822, "image_id": 139695, "category_id": 144, "segmentation": [[137.4, 45.2, 145.3, 71.0, 169.1, 72.3, 174.5, 73.9, 181.8, 81.0, 182.4, 88.6, 177.2, 101.8, 165.6, 115.4, 119.8, 120.0, 103.6, 112.1, 96.3, 99.7, 87.9, 92.1, 80.6, 88.0, 80.8, 83.7, 88.1, 78.0, 107.9, 75.0, 102.0, 49.6, 105.7, 46.1, 137.2, 45.0]], "area": 4707, "bbox": [81.0, 45.0, 101.0, 75.0], "iscrowd": false, "isbbox": false, "color": "#2d9acb", "metadata": {}}]}