{"images": [{"id": 139825, "dataset_id": 48, "category_ids": [], "path": "/datasets/201005_PERFUME/20170701_170500_A_1958_   6099721301102_V.jpg", "width": 1024, "height": 250, "file_name": "20170701_170500_A_1958_   6099721301102_V_perfumesample_273.jpg", "annotated": false, "annotating": [], "num_annotations": 0, "metadata": {}, "deleted": false, "milliseconds": 0, "events": [], "regenerate_thumbnail": false}], "categories": [{"id": 145, "name": "perfumesample", "supercategory": "", "color": "#7d29d2", "metadata": {}, "keypoint_colors": []}], "annotations": [{"id": 100230, "image_id": 139825, "category_id": 145, "segmentation": [[747.3, 32.1, 746.6, 35.0, 675.8, 36.3, 672.9, 34.7, 672.9, 29.8, 675.5, 27.5, 745.0, 27.5]], "area": 562, "bbox": [673.0, 28.0, 74.0, 8.0], "iscrowd": false, "isbbox": false, "color": "#e75f74", "metadata": {}}, {"id": 100231, "image_id": 139825, "category_id": 145, "segmentation": [[762.5, 126.6, 761.9, 129.5, 692.4, 130.5, 689.4, 128.5, 689.8, 124.3, 692.7, 122.4, 760.6, 121.7]], "area": 579, "bbox": [689.0, 122.0, 74.0, 9.0], "iscrowd": false, "isbbox": false, "color": "#ca1106", "metadata": {}}]}