{"images": [{"id": 139829, "dataset_id": 48, "category_ids": [], "path": "/datasets/201005_PERFUME/20170701_170527_A_1969_   6099721300779_V.jpg", "width": 1024, "height": 253, "file_name": "20170701_170527_A_1969_   6099721300779_V_perfume_282.jpg", "annotated": false, "annotating": [], "num_annotations": 0, "metadata": {}, "deleted": false, "milliseconds": 0, "events": [], "regenerate_thumbnail": false}], "categories": [{"id": 144, "name": "perfume", "supercategory": "", "color": "#167e9d", "metadata": {}, "keypoint_colors": []}], "annotations": [{"id": 100240, "image_id": 139829, "category_id": 144, "segmentation": [[691.6, 34.7, 703.8, 36.6, 706.0, 45.0, 709.7, 47.1, 708.9, 49.6, 705.7, 50.6, 704.9, 62.6, 724.6, 66.1, 727.3, 68.2, 721.1, 119.1, 718.9, 120.5, 641.0, 119.7, 639.6, 117.5, 640.7, 67.2, 648.3, 64.2, 665.9, 62.6, 666.2, 49.6, 663.2, 47.7, 663.4, 45.5, 671.0, 44.4, 672.1, 37.1, 674.0, 36.0, 690.5, 34.7]], "area": 5794, "bbox": [640.0, 35.0, 87.0, 86.0], "iscrowd": false, "isbbox": false, "color": "#202ace", "metadata": {}}]}