{"images": [{"id": 139710, "dataset_id": 48, "category_ids": [], "path": "/datasets/201005_PERFUME/20170701_090359_A_1569_   6099721300164_V.jpg", "width": 1024, "height": 269, "file_name": "20170701_090359_A_1569_   6099721300164_V_perfumesample_85.jpg", "annotated": false, "annotating": [], "num_annotations": 0, "metadata": {}, "deleted": false, "milliseconds": 0, "events": [], "regenerate_thumbnail": false}], "categories": [{"id": 145, "name": "perfumesample", "supercategory": "", "color": "#7d29d2", "metadata": {}, "keypoint_colors": []}], "annotations": [{"id": 99928, "image_id": 139710, "category_id": 145, "segmentation": [[730.3, 78.0, 672.7, 62.2, 671.6, 59.9, 673.9, 57.2, 681.5, 55.6, 744.7, 74.6, 743.6, 79.1, 733.6, 78.4]], "area": 559, "bbox": [672.0, 56.0, 73.0, 23.0], "iscrowd": false, "isbbox": false, "color": "#3411f0", "metadata": {}}, {"id": 99929, "image_id": 139710, "category_id": 145, "segmentation": [[630.8, 42.5, 640.2, 78.9, 620.2, 80.4, 618.6, 78.6, 619.0, 73.9, 617.4, 72.8, 609.1, 43.2, 630.1, 41.9]], "area": 792, "bbox": [609.0, 42.0, 31.0, 38.0], "iscrowd": false, "isbbox": false, "color": "#07ba7d", "metadata": {}}]}