{"images": [{"id": 139838, "dataset_id": 48, "category_ids": [], "path": "/datasets/201005_PERFUME/20170701_170734_A_1018_   6099721300810_H.jpg", "width": 1024, "height": 268, "file_name": "20170701_170734_A_1018_   6099721300810_H_perfumesample_308.jpg", "annotated": false, "annotating": [], "num_annotations": 0, "metadata": {}, "deleted": false, "milliseconds": 0, "events": [], "regenerate_thumbnail": false}], "categories": [{"id": 145, "name": "perfumesample", "supercategory": "", "color": "#7d29d2", "metadata": {}, "keypoint_colors": []}], "annotations": [{"id": 100265, "image_id": 139838, "category_id": 145, "segmentation": [[93.2, 144.9, 98.7, 147.2, 98.7, 150.1, 95.8, 152.4, 82.1, 152.1, 76.3, 148.2, 81.0, 144.0, 87.6, 144.0]], "area": 144, "bbox": [77.0, 144.0, 22.0, 8.0], "iscrowd": false, "isbbox": false, "color": "#219675", "metadata": {}}, {"id": 100266, "image_id": 139838, "category_id": 145, "segmentation": [[139.3, 106.3, 147.7, 77.7, 149.7, 76.7, 148.7, 74.4, 163.0, 76.7, 161.1, 78.0, 162.7, 81.2, 154.2, 108.9, 139.3, 106.9]], "area": 501, "bbox": [139.0, 75.0, 24.0, 34.0], "iscrowd": false, "isbbox": false, "color": "#d1248a", "metadata": {}}]}