{"images": [{"id": 139692, "dataset_id": 48, "category_ids": [], "path": "/datasets/201005_PERFUME/20170701_090221_A_1534_   6099721300147_V.jpg", "width": 1024, "height": 308, "file_name": "20170701_090221_A_1534_   6099721300147_V_perfume_32.jpg", "annotated": false, "annotating": [], "num_annotations": 0, "metadata": {}, "deleted": false, "milliseconds": 0, "events": [], "regenerate_thumbnail": false}], "categories": [{"id": 144, "name": "perfume", "supercategory": "", "color": "#167e9d", "metadata": {}, "keypoint_colors": []}], "annotations": [{"id": 99736, "image_id": 139692, "category_id": 144, "segmentation": [[677.8, 73.7, 694.3, 75.7, 707.3, 79.3, 717.1, 86.7, 720.6, 92.9, 720.0, 109.5, 713.8, 119.6, 703.8, 129.3, 694.3, 133.2, 683.9, 135.8, 664.8, 136.4, 665.4, 138.4, 657.3, 161.8, 614.4, 158.2, 622.2, 133.5, 604.0, 133.2, 592.6, 128.3, 585.8, 122.2, 581.9, 112.4, 581.9, 101.7, 585.2, 92.3, 594.6, 82.2, 613.8, 74.4, 630.7, 72.1, 657.3, 73.7]], "area": 8636, "bbox": [582.0, 72.0, 139.0, 90.0], "iscrowd": false, "isbbox": false, "color": "#2d32ba", "metadata": {}}]}