{"images": [{"id": 139924, "dataset_id": 48, "category_ids": [], "path": "/datasets/201005_PERFUME/20170702_104126_F_6505_   6076825851135_V.jpg", "width": 1024, "height": 239, "file_name": "20170702_104126_F_6505_   6076825851135_V_perfume_405.jpg", "annotated": false, "annotating": [], "num_annotations": 0, "metadata": {}, "deleted": false, "milliseconds": 0, "events": [], "regenerate_thumbnail": false}], "categories": [{"id": 144, "name": "perfume", "supercategory": "", "color": "#167e9d", "metadata": {}, "keypoint_colors": []}], "annotations": [{"id": 101312, "image_id": 139924, "category_id": 144, "segmentation": [[587.5, 33.8, 625.8, 23.7, 650.0, 24.3, 653.9, 31.2, 679.4, 31.9, 736.7, 104.1, 700.0, 113.3, 661.8, 109.7, 594.4, 64.6, 567.3, 44.3, 588.9, 38.7, 586.2, 35.5]], "area": 8271, "bbox": [568.0, 24.0, 168.0, 89.0], "iscrowd": false, "isbbox": false, "color": "#5df339", "metadata": {}}]}