{"images": [{"id": 139684, "dataset_id": 48, "category_ids": [], "path": "/datasets/201005_PERFUME/20170701_090134_A_1522_   6099721300179_V.jpg", "width": 1024, "height": 307, "file_name": "20170701_090134_A_1522_   6099721300179_V_perfumesample_11.jpg", "annotated": false, "annotating": [], "num_annotations": 0, "metadata": {}, "deleted": false, "milliseconds": 0, "events": [], "regenerate_thumbnail": false}], "categories": [{"id": 145, "name": "perfumesample", "supercategory": "", "color": "#7d29d2", "metadata": {}, "keypoint_colors": []}], "annotations": [{"id": 99644, "image_id": 139684, "category_id": 145, "segmentation": [[746.8, 67.7, 748.7, 69.7, 749.5, 98.9, 729.2, 98.9, 727.3, 70.5, 730.4, 67.7, 728.5, 63.5, 746.4, 62.7]], "area": 728, "bbox": [727.0, 63.0, 23.0, 36.0], "iscrowd": false, "isbbox": false, "color": "#5152ec", "metadata": {}}, {"id": 99645, "image_id": 139684, "category_id": 145, "segmentation": [[709.0, 142.6, 710.1, 143.8, 707.4, 172.2, 687.9, 171.8, 690.3, 144.9, 692.6, 141.4, 691.8, 137.1, 708.2, 137.5]], "area": 664, "bbox": [688.0, 137.0, 22.0, 35.0], "iscrowd": false, "isbbox": false, "color": "#ee8b72", "metadata": {}}]}