{"images": [{"id": 139711, "dataset_id": 48, "category_ids": [], "path": "/datasets/201005_PERFUME/20170701_090400_A_1570_   6099721300156_H.jpg", "width": 1024, "height": 269, "file_name": "20170701_090400_A_1570_   6099721300156_H_perfume_86.jpg", "annotated": false, "annotating": [], "num_annotations": 0, "metadata": {}, "deleted": false, "milliseconds": 0, "events": [], "regenerate_thumbnail": false}], "categories": [{"id": 144, "name": "perfume", "supercategory": "", "color": "#167e9d", "metadata": {}, "keypoint_colors": []}], "annotations": [{"id": 99931, "image_id": 139711, "category_id": 144, "segmentation": [[122.2, 39.6, 125.6, 42.5, 128.5, 106.4, 120.6, 112.0, 111.1, 112.7, 111.1, 117.4, 117.9, 119.2, 118.8, 121.0, 118.4, 126.0, 114.1, 130.1, 104.8, 134.6, 94.0, 135.5, 79.1, 133.7, 71.6, 129.4, 68.0, 124.7, 68.9, 120.6, 75.9, 119.0, 75.9, 112.7, 65.3, 112.0, 59.9, 106.6, 56.5, 43.0, 58.1, 39.8, 61.0, 38.7, 117.2, 38.2]], "area": 5944, "bbox": [57.0, 38.0, 72.0, 98.0], "iscrowd": false, "isbbox": false, "color": "#17a63c", "metadata": {}}]}