{"images": [{"id": 139810, "dataset_id": 48, "category_ids": [], "path": "/datasets/201005_PERFUME/20170701_133632_A_1477_   6095010946478_H.jpg", "width": 1024, "height": 252, "file_name": "20170701_133632_A_1477_   6095010946478_H_perfume_254.jpg", "annotated": false, "annotating": [], "num_annotations": 0, "metadata": {}, "deleted": false, "milliseconds": 0, "events": [], "regenerate_thumbnail": false}], "categories": [{"id": 144, "name": "perfume", "supercategory": "", "color": "#167e9d", "metadata": {}, "keypoint_colors": []}], "annotations": [{"id": 100210, "image_id": 139810, "category_id": 144, "segmentation": [[214.2, 46.2, 220.7, 48.9, 224.2, 53.0, 229.6, 68.1, 228.6, 80.3, 222.9, 86.6, 177.7, 88.7, 174.4, 90.3, 152.2, 88.2, 126.2, 88.2, 82.9, 92.8, 78.8, 90.1, 75.3, 82.8, 72.9, 67.6, 74.0, 53.0, 76.1, 50.0, 107.5, 51.6, 143.3, 50.3, 164.1, 46.2, 169.0, 46.2, 174.4, 48.9, 176.8, 46.2]], "area": 6127, "bbox": [73.0, 46.0, 157.0, 47.0], "iscrowd": false, "isbbox": false, "color": "#d00b2f", "metadata": {}}]}