{"images": [{"id": 139912, "dataset_id": 48, "category_ids": [], "path": "/datasets/201005_PERFUME/20170702_101717_F_6404_   6076825850939_V.jpg", "width": 1024, "height": 253, "file_name": "20170702_101717_F_6404_   6076825850939_V_perfume_393.jpg", "annotated": false, "annotating": [], "num_annotations": 0, "metadata": {}, "deleted": false, "milliseconds": 0, "events": [], "regenerate_thumbnail": false}], "categories": [{"id": 144, "name": "perfume", "supercategory": "", "color": "#167e9d", "metadata": {}, "keypoint_colors": []}], "annotations": [{"id": 100419, "image_id": 139912, "category_id": 144, "segmentation": [[632.9, 30.5, 685.7, 29.2, 689.2, 32.1, 692.3, 50.5, 703.7, 91.3, 690.3, 95.8, 692.1, 105.1, 687.4, 107.1, 697.9, 113.5, 698.8, 120.0, 639.8, 121.1, 639.6, 114.4, 645.1, 108.4, 644.1, 106.7, 640.3, 107.1, 641.1, 96.8, 630.5, 94.4, 628.7, 92.1, 633.1, 76.1, 633.6, 69.2, 628.5, 33.2]], "area": 5541, "bbox": [629.0, 29.0, 75.0, 92.0], "iscrowd": false, "isbbox": false, "color": "#e5bd15", "metadata": {}}]}