{"images": [{"id": 139837, "dataset_id": 48, "category_ids": [], "path": "/datasets/201005_PERFUME/20170701_170723_A_1012_   6099721300173_V.jpg", "width": 1024, "height": 284, "file_name": "20170701_170723_A_1012_   6099721300173_V_perfume_303.jpg", "annotated": false, "annotating": [], "num_annotations": 0, "metadata": {}, "deleted": false, "milliseconds": 0, "events": [], "regenerate_thumbnail": false}], "categories": [{"id": 144, "name": "perfume", "supercategory": "", "color": "#167e9d", "metadata": {}, "keypoint_colors": []}], "annotations": [{"id": 100261, "image_id": 139837, "category_id": 144, "segmentation": [[674.9, 57.6, 691.5, 77.1, 712.9, 76.4, 742.5, 79.3, 766.5, 88.1, 770.1, 93.0, 769.4, 102.1, 762.0, 110.8, 747.0, 120.6, 678.5, 132.0, 657.0, 130.0, 631.4, 124.2, 618.0, 117.7, 614.8, 113.4, 614.8, 106.6, 621.0, 96.9, 634.6, 89.4, 656.7, 82.3, 650.2, 82.9, 636.9, 66.3, 642.7, 62.8, 674.2, 57.6]], "area": 7327, "bbox": [615.0, 58.0, 155.0, 74.0], "iscrowd": false, "isbbox": false, "color": "#ca2820", "metadata": {}}]}