{"images": [{"id": 139827, "dataset_id": 48, "category_ids": [], "path": "/datasets/201005_PERFUME/20170701_170526_A_1968_   6099721300789_V.jpg", "width": 1024, "height": 254, "file_name": "20170701_170526_A_1968_   6099721300789_V_perfume_277.jpg", "annotated": false, "annotating": [], "num_annotations": 0, "metadata": {}, "deleted": false, "milliseconds": 0, "events": [], "regenerate_thumbnail": false}], "categories": [{"id": 144, "name": "perfume", "supercategory": "", "color": "#167e9d", "metadata": {}, "keypoint_colors": []}], "annotations": [{"id": 100235, "image_id": 139827, "category_id": 144, "segmentation": [[696.9, 51.7, 698.0, 69.1, 728.3, 77.0, 732.5, 80.8, 736.6, 103.2, 734.1, 106.3, 722.2, 110.2, 694.9, 112.2, 649.1, 112.4, 624.7, 109.9, 621.8, 107.5, 620.2, 82.2, 624.0, 78.6, 637.6, 73.6, 653.6, 70.2, 651.8, 52.9, 695.8, 51.5]], "area": 5171, "bbox": [620.0, 52.0, 116.0, 60.0], "iscrowd": false, "isbbox": false, "color": "#ace26f", "metadata": {}}]}