{"images": [{"id": 139735, "dataset_id": 48, "category_ids": [], "path": "/datasets/201005_PERFUME/20170701_092938_A_1261_   6099730099612_H.jpg", "width": 1024, "height": 268, "file_name": "20170701_092938_A_1261_   6099730099612_H_perfume_124.jpg", "annotated": false, "annotating": [], "num_annotations": 0, "metadata": {}, "deleted": false, "milliseconds": 0, "events": [], "regenerate_thumbnail": false}], "categories": [{"id": 144, "name": "perfume", "supercategory": "", "color": "#167e9d", "metadata": {}, "keypoint_colors": []}], "annotations": [{"id": 100036, "image_id": 139735, "category_id": 144, "segmentation": [[116.5, 73.2, 116.3, 75.7, 123.0, 86.5, 127.6, 87.3, 116.0, 114.1, 115.5, 119.8, 108.4, 138.2, 57.3, 134.2, 59.2, 127.9, 58.9, 119.5, 54.8, 115.7, 54.5, 113.6, 71.1, 64.6, 115.7, 68.1]], "area": 3980, "bbox": [55.0, 65.0, 73.0, 73.0], "iscrowd": false, "isbbox": false, "color": "#f61c5e", "metadata": {}}]}