{"images": [{"id": 139682, "dataset_id": 48, "category_ids": [], "path": "/datasets/201005_PERFUME/20170701_090119_A_1521_   6099721300162_H.jpg", "width": 1024, "height": 299, "file_name": "20170701_090119_A_1521_   6099721300162_H_perfume_0.jpg", "annotated": false, "annotating": [], "num_annotations": 0, "metadata": {}, "deleted": false, "milliseconds": 0, "events": [], "regenerate_thumbnail": false}], "categories": [{"id": 144, "name": "perfume", "supercategory": "", "color": "#167e9d", "metadata": {}, "keypoint_colors": []}], "annotations": [{"id": 99612, "image_id": 139682, "category_id": 144, "segmentation": [[96.1, 86.6, 100.8, 122.9, 95.0, 147.0, 94.3, 159.0, 89.8, 163.0, 55.7, 163.5, 53.2, 161.2, 53.5, 89.3, 56.6, 86.8, 95.4, 86.6]], "area": 3352, "bbox": [53.0, 87.0, 48.0, 77.0], "iscrowd": false, "isbbox": false, "color": "#f3f359", "metadata": {}}]}