{"images": [{"id": 139908, "dataset_id": 48, "category_ids": [], "path": "/datasets/201005_PERFUME/20170702_101609_F_6381_   6076825850928_V.jpg", "width": 1024, "height": 255, "file_name": "20170702_101609_F_6381_   6076825850928_V_perfume_389.jpg", "annotated": false, "annotating": [], "num_annotations": 0, "metadata": {}, "deleted": false, "milliseconds": 0, "events": [], "regenerate_thumbnail": false}], "categories": [{"id": 144, "name": "perfume", "supercategory": "", "color": "#167e9d", "metadata": {}, "keypoint_colors": []}], "annotations": [{"id": 100408, "image_id": 139908, "category_id": 144, "segmentation": [[681.7, 38.6, 705.4, 37.8, 709.4, 39.4, 711.2, 43.6, 705.4, 49.2, 706.9, 55.9, 747.7, 56.8, 759.0, 61.0, 763.5, 64.8, 770.2, 87.5, 769.5, 90.1, 766.4, 91.9, 688.9, 96.4, 613.0, 97.7, 604.3, 72.1, 607.0, 67.9, 623.0, 62.6, 660.4, 58.5, 659.3, 50.3, 652.2, 47.4, 650.4, 43.9, 656.1, 41.1, 679.1, 39.0]], "area": 6775, "bbox": [605.0, 38.0, 165.0, 60.0], "iscrowd": false, "isbbox": false, "color": "#a6b102", "metadata": {}}]}