{"images": [{"id": 139823, "dataset_id": 48, "category_ids": [], "path": "/datasets/201005_PERFUME/20170701_170402_A_1936_   6099721301098_V.jpg", "width": 1024, "height": 252, "file_name": "20170701_170402_A_1936_   6099721301098_V_perfumesample_266.jpg", "annotated": false, "annotating": [], "num_annotations": 0, "metadata": {}, "deleted": false, "milliseconds": 0, "events": [], "regenerate_thumbnail": false}], "categories": [{"id": 145, "name": "perfumesample", "supercategory": "", "color": "#7d29d2", "metadata": {}, "keypoint_colors": []}], "annotations": [{"id": 100222, "image_id": 139823, "category_id": 145, "segmentation": [[743.7, 31.4, 742.7, 34.3, 665.4, 34.3, 661.8, 31.4, 661.8, 27.2, 663.1, 26.2, 741.4, 26.9]], "area": 593, "bbox": [662.0, 26.0, 82.0, 8.0], "iscrowd": false, "isbbox": false, "color": "#8003bc", "metadata": {}}, {"id": 100223, "image_id": 139823, "category_id": 145, "segmentation": [[707.9, 123.0, 713.1, 124.6, 712.8, 129.2, 710.9, 130.8, 635.5, 129.8, 631.6, 127.6, 631.6, 124.0, 633.9, 122.0, 702.7, 122.7]], "area": 626, "bbox": [632.0, 122.0, 81.0, 9.0], "iscrowd": false, "isbbox": false, "color": "#9a9b25", "metadata": {}}]}