{"images": [{"id": 139683, "dataset_id": 48, "category_ids": [], "path": "/datasets/201005_PERFUME/20170701_090134_A_1522_   6099721300179_H.jpg", "width": 1024, "height": 307, "file_name": "20170701_090134_A_1522_   6099721300179_H_perfumesample_8.jpg", "annotated": false, "annotating": [], "num_annotations": 0, "metadata": {}, "deleted": false, "milliseconds": 0, "events": [], "regenerate_thumbnail": false}], "categories": [{"id": 145, "name": "perfumesample", "supercategory": "", "color": "#7d29d2", "metadata": {}, "keypoint_colors": []}], "annotations": [{"id": 99638, "image_id": 139683, "category_id": 145, "segmentation": [[57.6, 72.7, 56.0, 104.2, 42.4, 104.8, 42.4, 72.0, 57.6, 71.4]], "area": 483, "bbox": [42.0, 71.0, 16.0, 34.0], "iscrowd": false, "isbbox": false, "color": "#955dfb", "metadata": {}}, {"id": 99639, "image_id": 139683, "category_id": 145, "segmentation": [[118.4, 147.4, 117.7, 177.0, 102.1, 176.3, 102.1, 144.2, 116.4, 143.5]], "area": 523, "bbox": [102.0, 144.0, 16.0, 33.0], "iscrowd": false, "isbbox": false, "color": "#453cf8", "metadata": {}}]}