{"images": [{"id": 139705, "dataset_id": 48, "category_ids": [], "path": "/datasets/201005_PERFUME/20170701_090351_A_1565_   6099721300197_H.jpg", "width": 1024, "height": 250, "file_name": "20170701_090351_A_1565_   6099721300197_H_perfumesample_70.jpg", "annotated": false, "annotating": [], "num_annotations": 0, "metadata": {}, "deleted": false, "milliseconds": 0, "events": [], "regenerate_thumbnail": false}], "categories": [{"id": 145, "name": "perfumesample", "supercategory": "", "color": "#7d29d2", "metadata": {}, "keypoint_colors": []}], "annotations": [{"id": 99897, "image_id": 139705, "category_id": 145, "segmentation": [[82.9, 76.4, 89.9, 104.6, 86.4, 106.7, 73.4, 106.7, 71.8, 105.7, 66.1, 74.5, 80.4, 72.4]], "area": 578, "bbox": [66.0, 72.0, 24.0, 35.0], "iscrowd": false, "isbbox": false, "color": "#dd57aa", "metadata": {}}, {"id": 99900, "image_id": 139705, "category_id": 145, "segmentation": [[70.4, 82.4, 74.2, 87.3, 87.7, 114.6, 83.7, 117.3, 73.7, 118.4, 59.9, 92.4, 58.0, 83.7, 65.0, 82.1]], "area": 553, "bbox": [58.0, 82.0, 30.0, 36.0], "iscrowd": false, "isbbox": false, "color": "#582fd3", "metadata": {}}]}