{"images": [{"id": 139701, "dataset_id": 48, "category_ids": [], "path": "/datasets/201005_PERFUME/20170701_090309_A_1549_   6099721300186_H.jpg", "width": 1024, "height": 251, "file_name": "20170701_090309_A_1549_   6099721300186_H_perfumesample_58.jpg", "annotated": false, "annotating": [], "num_annotations": 0, "metadata": {}, "deleted": false, "milliseconds": 0, "events": [], "regenerate_thumbnail": false}], "categories": [{"id": 145, "name": "perfumesample", "supercategory": "", "color": "#7d29d2", "metadata": {}, "keypoint_colors": []}], "annotations": [{"id": 99868, "image_id": 139701, "category_id": 145, "segmentation": [[151.1, 54.9, 159.7, 83.1, 154.0, 85.0, 145.4, 85.2, 144.0, 84.7, 136.4, 55.5, 138.3, 49.8, 146.2, 49.0, 148.4, 50.6]], "area": 531, "bbox": [136.0, 49.0, 24.0, 36.0], "iscrowd": false, "isbbox": false, "color": "#e7904c", "metadata": {}}, {"id": 99871, "image_id": 139701, "category_id": 145, "segmentation": [[157.6, 58.7, 160.0, 89.6, 142.1, 89.6, 139.7, 56.6, 154.8, 56.3]], "area": 592, "bbox": [140.0, 56.0, 20.0, 34.0], "iscrowd": false, "isbbox": false, "color": "#a4c206", "metadata": {}}]}