{"images": [{"id": 139696, "dataset_id": 48, "category_ids": [], "path": "/datasets/201005_PERFUME/20170701_090304_A_1546_   6099721299514_V.jpg", "width": 1024, "height": 256, "file_name": "20170701_090304_A_1546_   6099721299514_V_perfumesample_44.jpg", "annotated": false, "annotating": [], "num_annotations": 0, "metadata": {}, "deleted": false, "milliseconds": 0, "events": [], "regenerate_thumbnail": false}], "categories": [{"id": 145, "name": "perfumesample", "supercategory": "", "color": "#7d29d2", "metadata": {}, "keypoint_colors": []}], "annotations": [{"id": 99828, "image_id": 139696, "category_id": 145, "segmentation": [[706.0, 31.6, 705.3, 35.5, 635.1, 41.0, 632.9, 38.7, 632.9, 34.8, 634.5, 33.2, 703.4, 27.0]], "area": 599, "bbox": [633.0, 27.0, 73.0, 14.0], "iscrowd": false, "isbbox": false, "color": "#c3f922", "metadata": {}}, {"id": 99829, "image_id": 139696, "category_id": 145, "segmentation": [[711.2, 120.6, 720.6, 123.2, 720.6, 126.1, 718.0, 128.1, 636.8, 136.5, 630.6, 133.6, 630.6, 128.7, 631.9, 128.1, 706.0, 120.9]], "area": 742, "bbox": [631.0, 121.0, 90.0, 16.0], "iscrowd": false, "isbbox": false, "color": "#17e85c", "metadata": {}}]}