{"images": [{"id": 139871, "dataset_id": 48, "category_ids": [], "path": "/datasets/201005_PERFUME/20170702_082446_F_7162_   6099726114205_H.jpg", "width": 1024, "height": 270, "file_name": "20170702_082446_F_7162_   6099726114205_H_perfume_350.jpg", "annotated": false, "annotating": [], "num_annotations": 0, "metadata": {}, "deleted": false, "milliseconds": 0, "events": [], "regenerate_thumbnail": false}], "categories": [{"id": 144, "name": "perfume", "supercategory": "", "color": "#167e9d", "metadata": {}, "keypoint_colors": []}], "annotations": [{"id": 100331, "image_id": 139871, "category_id": 144, "segmentation": [[135.2, 51.2, 133.0, 54.0, 137.5, 54.0, 138.1, 56.1, 130.1, 113.5, 124.3, 118.9, 110.2, 123.2, 110.0, 126.9, 114.6, 136.8, 112.9, 140.4, 109.4, 142.7, 103.0, 144.7, 89.9, 145.5, 78.6, 141.1, 76.6, 139.0, 75.8, 134.5, 80.6, 128.8, 81.5, 123.2, 77.5, 122.7, 68.2, 117.0, 65.0, 110.5, 72.7, 53.0, 78.1, 52.7, 76.1, 49.3, 78.9, 47.1, 130.7, 48.5]], "area": 5454, "bbox": [65.0, 47.0, 73.0, 99.0], "iscrowd": false, "isbbox": false, "color": "#1e23ed", "metadata": {}}]}