{"images": [{"id": 139861, "dataset_id": 48, "category_ids": [], "path": "/datasets/201005_PERFUME/20170701_173415_E_5159_    PUS009118991_V.jpg", "width": 1024, "height": 268, "file_name": "20170701_173415_E_5159_    PUS009118991_V_perfume_341.jpg", "annotated": false, "annotating": [], "num_annotations": 0, "metadata": {}, "deleted": false, "milliseconds": 0, "events": [], "regenerate_thumbnail": false}], "categories": [{"id": 144, "name": "perfume", "supercategory": "", "color": "#167e9d", "metadata": {}, "keypoint_colors": []}], "annotations": [{"id": 100318, "image_id": 139861, "category_id": 144, "segmentation": [[668.2, 34.9, 705.8, 34.7, 719.2, 39.4, 719.9, 46.3, 715.4, 66.8, 727.0, 69.0, 715.0, 137.8, 713.4, 139.8, 632.6, 139.1, 629.3, 136.7, 641.3, 68.1, 642.6, 66.5, 654.6, 66.3, 656.0, 50.1, 660.7, 47.2, 663.3, 37.6]], "area": 8094, "bbox": [629.0, 35.0, 98.0, 105.0], "iscrowd": false, "isbbox": false, "color": "#8d2dcc", "metadata": {}}]}