{"images": [{"id": 139839, "dataset_id": 48, "category_ids": [], "path": "/datasets/201005_PERFUME/20170701_170734_A_1018_   6099721300810_V.jpg", "width": 1024, "height": 268, "file_name": "20170701_170734_A_1018_   6099721300810_V_perfumesample_311.jpg", "annotated": false, "annotating": [], "num_annotations": 0, "metadata": {}, "deleted": false, "milliseconds": 0, "events": [], "regenerate_thumbnail": false}], "categories": [{"id": 145, "name": "perfumesample", "supercategory": "", "color": "#7d29d2", "metadata": {}, "keypoint_colors": []}], "annotations": [{"id": 100268, "image_id": 139839, "category_id": 145, "segmentation": [[639.0, 100.9, 645.2, 74.6, 648.1, 72.0, 647.1, 68.1, 663.0, 70.7, 661.4, 71.7, 663.0, 74.9, 657.8, 103.8, 638.7, 101.9]], "area": 604, "bbox": [639.0, 68.0, 24.0, 36.0], "iscrowd": false, "isbbox": false, "color": "#ad40eb", "metadata": {}}, {"id": 100269, "image_id": 139839, "category_id": 145, "segmentation": [[737.1, 144.8, 735.5, 147.7, 714.7, 148.0, 656.9, 146.1, 655.9, 143.8, 657.5, 139.6, 735.8, 139.9]], "area": 587, "bbox": [656.0, 140.0, 81.0, 8.0], "iscrowd": false, "isbbox": false, "color": "#e578a0", "metadata": {}}]}