{"images": [{"id": 139794, "dataset_id": 48, "category_ids": [], "path": "/datasets/201005_PERFUME/20170701_110710_G_8304_   6076820266702_H.jpg", "width": 1024, "height": 267, "file_name": "20170701_110710_G_8304_   6076820266702_H_perfume_242.jpg", "annotated": false, "annotating": [], "num_annotations": 0, "metadata": {}, "deleted": false, "milliseconds": 0, "events": [], "regenerate_thumbnail": false}], "categories": [{"id": 144, "name": "perfume", "supercategory": "", "color": "#167e9d", "metadata": {}, "keypoint_colors": []}], "annotations": [{"id": 100198, "image_id": 139794, "category_id": 144, "segmentation": [[128.0, 57.5, 133.8, 57.5, 137.4, 60.7, 144.5, 106.6, 142.6, 108.5, 127.0, 109.5, 129.6, 128.7, 90.6, 130.3, 89.9, 110.8, 77.3, 110.5, 69.5, 61.4, 71.4, 59.5, 122.8, 58.2]], "area": 4217, "bbox": [70.0, 58.0, 75.0, 72.0], "iscrowd": false, "isbbox": false, "color": "#25e6fc", "metadata": {}}]}