{"images": [{"id": 139787, "dataset_id": 48, "category_ids": [], "path": "/datasets/201005_PERFUME/20170701_100901_A_1081_   6099730096493_H.jpg", "width": 1024, "height": 258, "file_name": "20170701_100901_A_1081_   6099730096493_H_perfume_236.jpg", "annotated": false, "annotating": [], "num_annotations": 0, "metadata": {}, "deleted": false, "milliseconds": 0, "events": [], "regenerate_thumbnail": false}], "categories": [{"id": 144, "name": "perfume", "supercategory": "", "color": "#167e9d", "metadata": {}, "keypoint_colors": []}], "annotations": [{"id": 100192, "image_id": 139787, "category_id": 144, "segmentation": [[88.9, 59.6, 103.5, 61.2, 124.0, 69.4, 130.8, 77.5, 128.8, 86.2, 124.9, 90.1, 113.6, 95.3, 97.0, 98.6, 86.3, 98.6, 75.2, 96.3, 59.3, 88.5, 56.7, 84.6, 56.7, 77.2, 61.9, 68.7, 66.5, 64.5, 73.6, 61.6, 83.7, 60.6]], "area": 2217, "bbox": [57.0, 60.0, 74.0, 39.0], "iscrowd": false, "isbbox": false, "color": "#8ff659", "metadata": {}}]}