{"images": [{"id": 139947, "dataset_id": 48, "category_ids": [], "path": "/datasets/201005_PERFUME/20170702_171201_A_1044_   6099721299899_H.jpg", "width": 1024, "height": 262, "file_name": "20170702_171201_A_1044_   6099721299899_H_perfume_436.jpg", "annotated": false, "annotating": [], "num_annotations": 0, "metadata": {}, "deleted": false, "milliseconds": 0, "events": [], "regenerate_thumbnail": false}], "categories": [{"id": 144, "name": "perfume", "supercategory": "", "color": "#167e9d", "metadata": {}, "keypoint_colors": []}], "annotations": [{"id": 100534, "image_id": 139947, "category_id": 144, "segmentation": [[105.2, 47.2, 116.0, 51.8, 122.1, 57.6, 120.9, 61.4, 123.2, 71.0, 121.2, 75.0, 124.9, 77.7, 128.1, 85.2, 129.8, 108.2, 127.2, 134.0, 83.1, 134.6, 78.8, 121.7, 80.0, 78.8, 83.6, 76.8, 84.9, 73.4, 81.1, 69.7, 81.8, 60.7, 84.7, 57.2, 94.2, 52.1, 97.4, 46.9, 104.5, 46.3]], "area": 3788, "bbox": [79.0, 46.0, 51.0, 89.0], "iscrowd": false, "isbbox": false, "color": "#e8ee12", "metadata": {}}]}