{"images": [{"id": 139753, "dataset_id": 48, "category_ids": [], "path": "/datasets/201005_PERFUME/20170701_093745_A_1475_   6099721300166_H.jpg", "width": 1024, "height": 246, "file_name": "20170701_093745_A_1475_   6099721300166_H_perfumesample_162.jpg", "annotated": false, "annotating": [], "num_annotations": 0, "metadata": {}, "deleted": false, "milliseconds": 0, "events": [], "regenerate_thumbnail": false}], "categories": [{"id": 145, "name": "perfumesample", "supercategory": "", "color": "#7d29d2", "metadata": {}, "keypoint_colors": []}], "annotations": [{"id": 100115, "image_id": 139753, "category_id": 145, "segmentation": [[49.8, 119.3, 47.6, 97.6, 54.3, 94.0, 63.4, 96.1, 64.0, 118.6, 61.3, 120.6, 52.5, 120.4, 50.7, 119.1]], "area": 376, "bbox": [48.0, 94.0, 16.0, 27.0], "iscrowd": false, "isbbox": false, "color": "#fca61c", "metadata": {}}, {"id": 100116, "image_id": 139753, "category_id": 145, "segmentation": [[67.4, 117.5, 65.6, 98.1, 72.2, 94.2, 80.7, 95.8, 83.0, 115.9, 81.9, 118.4, 78.7, 120.9, 75.5, 120.9, 70.8, 120.0, 68.1, 117.7]], "area": 380, "bbox": [66.0, 94.0, 17.0, 27.0], "iscrowd": false, "isbbox": false, "color": "#e903c8", "metadata": {}}]}