{"images": [{"id": 139716, "dataset_id": 48, "category_ids": [], "path": "/datasets/201005_PERFUME/20170701_090405_A_1573_   6099721300159_V.jpg", "width": 1024, "height": 268, "file_name": "20170701_090405_A_1573_   6099721300159_V_perfume_103.jpg", "annotated": false, "annotating": [], "num_annotations": 0, "metadata": {}, "deleted": false, "milliseconds": 0, "events": [], "regenerate_thumbnail": false}], "categories": [{"id": 144, "name": "perfume", "supercategory": "", "color": "#167e9d", "metadata": {}, "keypoint_colors": []}], "annotations": [{"id": 101129, "image_id": 139716, "category_id": 144, "segmentation": [[671.9, 48.6, 710.8, 40.8, 754.0, 41.5, 787.7, 48.3, 759.2, 96.4, 766.1, 107.2, 770.7, 118.3, 688.3, 116.3, 696.1, 98.0, 698.4, 96.1, 670.3, 50.6]], "area": 6407, "bbox": [670.0, 41.0, 118.0, 77.0], "iscrowd": false, "isbbox": false, "color": "#2154f2", "metadata": {}}]}