{"images": [{"id": 139692, "dataset_id": 48, "category_ids": [], "path": "/datasets/201005_PERFUME/20170701_090221_A_1534_   6099721300147_V.jpg", "width": 1024, "height": 308, "file_name": "20170701_090221_A_1534_   6099721300147_V_perfumesample_33.jpg", "annotated": false, "annotating": [], "num_annotations": 0, "metadata": {}, "deleted": false, "milliseconds": 0, "events": [], "regenerate_thumbnail": false}], "categories": [{"id": 145, "name": "perfumesample", "supercategory": "", "color": "#7d29d2", "metadata": {}, "keypoint_colors": []}], "annotations": [{"id": 99741, "image_id": 139692, "category_id": 145, "segmentation": [[616.7, 61.7, 606.3, 96.8, 587.4, 94.9, 599.1, 60.4, 616.4, 60.4]], "area": 673, "bbox": [588.0, 60.0, 29.0, 37.0], "iscrowd": false, "isbbox": false, "color": "#55e6c4", "metadata": {}}, {"id": 99744, "image_id": 139692, "category_id": 145, "segmentation": [[594.6, 124.1, 596.5, 124.1, 596.9, 130.0, 591.0, 159.5, 571.5, 157.9, 579.6, 124.8, 595.2, 124.8]], "area": 643, "bbox": [572.0, 124.0, 25.0, 36.0], "iscrowd": false, "isbbox": false, "color": "#ccd64e", "metadata": {}}]}