{"images": [{"id": 139746, "dataset_id": 48, "category_ids": [], "path": "/datasets/201005_PERFUME/20170701_093716_A_1462_   6099721299513_V.jpg", "width": 1024, "height": 306, "file_name": "20170701_093716_A_1462_   6099721299513_V_perfumesample_143.jpg", "annotated": false, "annotating": [], "num_annotations": 0, "metadata": {}, "deleted": false, "milliseconds": 0, "events": [], "regenerate_thumbnail": false}], "categories": [{"id": 145, "name": "perfumesample", "supercategory": "", "color": "#7d29d2", "metadata": {}, "keypoint_colors": []}], "annotations": [{"id": 100096, "image_id": 139746, "category_id": 145, "segmentation": [[716.5, 60.8, 718.5, 63.1, 718.5, 92.3, 700.0, 92.3, 699.0, 64.0, 701.3, 60.5, 699.3, 56.2, 717.5, 55.9]], "area": 683, "bbox": [699.0, 56.0, 20.0, 36.0], "iscrowd": false, "isbbox": false, "color": "#9f132f", "metadata": {}}, {"id": 100097, "image_id": 139746, "category_id": 145, "segmentation": [[719.5, 128.7, 717.2, 132.9, 719.8, 136.2, 718.2, 164.1, 700.0, 163.8, 700.6, 135.5, 703.5, 132.9, 700.3, 128.7, 719.8, 128.4]], "area": 647, "bbox": [700.0, 128.0, 20.0, 36.0], "iscrowd": false, "isbbox": false, "color": "#a19a20", "metadata": {}}]}