{"images": [{"id": 139902, "dataset_id": 48, "category_ids": [], "path": "/datasets/201005_PERFUME/20170702_101016_G_8168_   6076825845742_V.jpg", "width": 1024, "height": 252, "file_name": "20170702_101016_G_8168_   6076825845742_V_perfume_383.jpg", "annotated": false, "annotating": [], "num_annotations": 0, "metadata": {}, "deleted": false, "milliseconds": 0, "events": [], "regenerate_thumbnail": false}], "categories": [{"id": 144, "name": "perfume", "supercategory": "", "color": "#167e9d", "metadata": {}, "keypoint_colors": []}], "annotations": [{"id": 100396, "image_id": 139902, "category_id": 144, "segmentation": [[700.3, 50.0, 719.4, 50.0, 722.8, 51.1, 730.0, 64.3, 739.9, 64.8, 764.5, 69.8, 767.7, 71.7, 771.5, 74.6, 783.8, 96.3, 783.6, 99.7, 769.7, 107.8, 741.9, 113.6, 700.7, 114.5, 682.7, 111.2, 665.3, 88.9, 664.9, 85.4, 670.7, 77.8, 686.4, 70.4, 678.3, 56.6, 695.3, 50.9]], "area": 5363, "bbox": [665.0, 50.0, 119.0, 65.0], "iscrowd": false, "isbbox": false, "color": "#573eee", "metadata": {}}]}