{"images": [{"id": 139772, "dataset_id": 48, "category_ids": [], "path": "/datasets/201005_PERFUME/20170701_100341_A_1955_   6099704563270_V.jpg", "width": 1024, "height": 322, "file_name": "20170701_100341_A_1955_   6099704563270_V_perfume_207.jpg", "annotated": false, "annotating": [], "num_annotations": 0, "metadata": {}, "deleted": false, "milliseconds": 0, "events": [], "regenerate_thumbnail": false}], "categories": [{"id": 144, "name": "perfume", "supercategory": "", "color": "#167e9d", "metadata": {}, "keypoint_colors": []}], "annotations": [{"id": 100162, "image_id": 139772, "category_id": 144, "segmentation": [[746.3, 59.7, 753.5, 62.0, 761.3, 69.4, 765.5, 80.8, 762.9, 93.1, 756.1, 101.3, 747.0, 105.8, 656.0, 105.8, 641.1, 96.4, 604.0, 96.1, 596.6, 91.5, 593.3, 85.3, 594.0, 77.2, 603.1, 69.8, 640.1, 69.4, 643.4, 64.9, 651.5, 60.3, 661.5, 59.0, 745.4, 60.0]], "area": 6586, "bbox": [593.0, 59.0, 173.0, 47.0], "iscrowd": false, "isbbox": false, "color": "#f21f26", "metadata": {}}, {"id": 100163, "image_id": 139772, "category_id": 144, "segmentation": [[743.1, 109.7, 749.6, 110.0, 756.4, 113.6, 763.6, 122.1, 765.5, 128.6, 765.5, 137.3, 763.2, 145.5, 759.3, 150.7, 751.2, 155.5, 660.6, 157.1, 649.8, 153.3, 645.0, 147.7, 607.0, 147.4, 599.2, 144.5, 594.3, 139.0, 594.6, 128.6, 599.5, 124.0, 605.7, 121.4, 642.1, 121.1, 652.1, 113.3, 662.5, 110.7, 737.9, 110.7]], "area": 6498, "bbox": [594.0, 110.0, 172.0, 47.0], "iscrowd": false, "isbbox": false, "color": "#db34d8", "metadata": {}}]}