{"images": [{"id": 139754, "dataset_id": 48, "category_ids": [], "path": "/datasets/201005_PERFUME/20170701_093745_A_1475_   6099721300166_V.jpg", "width": 1024, "height": 246, "file_name": "20170701_093745_A_1475_   6099721300166_V_perfume_164.jpg", "annotated": false, "annotating": [], "num_annotations": 0, "metadata": {}, "deleted": false, "milliseconds": 0, "events": [], "regenerate_thumbnail": false}], "categories": [{"id": 144, "name": "perfume", "supercategory": "", "color": "#167e9d", "metadata": {}, "keypoint_colors": []}], "annotations": [{"id": 100117, "image_id": 139754, "category_id": 144, "segmentation": [[437.5, 24.6, 482.8, 23.5, 498.2, 25.7, 524.6, 35.0, 548.3, 47.0, 551.9, 50.1, 556.2, 57.6, 553.9, 66.8, 546.2, 73.4, 576.9, 87.8, 576.7, 91.4, 574.9, 93.2, 545.8, 101.8, 514.7, 85.3, 472.5, 86.0, 454.4, 82.6, 433.2, 74.7, 414.7, 63.7, 405.7, 54.9, 403.2, 48.1, 407.3, 40.4, 436.4, 24.6]], "area": 8097, "bbox": [403.0, 24.0, 174.0, 78.0], "iscrowd": false, "isbbox": false, "color": "#4bcc2e", "metadata": {}}]}