{"images": [{"id": 139697, "dataset_id": 48, "category_ids": [], "path": "/datasets/201005_PERFUME/20170701_090305_A_1547_   6099721300187_H.jpg", "width": 1024, "height": 252, "file_name": "20170701_090305_A_1547_   6099721300187_H_perfume_46.jpg", "annotated": false, "annotating": [], "num_annotations": 0, "metadata": {}, "deleted": false, "milliseconds": 0, "events": [], "regenerate_thumbnail": false}], "categories": [{"id": 144, "name": "perfume", "supercategory": "", "color": "#167e9d", "metadata": {}, "keypoint_colors": []}], "annotations": [{"id": 99834, "image_id": 139697, "category_id": 144, "segmentation": [[173.6, 52.2, 178.8, 55.1, 177.7, 90.7, 176.1, 92.5, 156.7, 93.9, 156.7, 114.4, 155.4, 116.5, 100.1, 116.7, 98.0, 115.1, 98.5, 93.7, 79.5, 91.6, 77.5, 90.1, 78.4, 55.1, 81.8, 52.2, 168.7, 51.0]], "area": 5540, "bbox": [78.0, 51.0, 101.0, 66.0], "iscrowd": false, "isbbox": false, "color": "#0436d2", "metadata": {}}]}