{"images": [{"id": 139875, "dataset_id": 48, "category_ids": [], "path": "/datasets/201005_PERFUME/20170702_083018_F_7316_   6099726115507_V.jpg", "width": 1024, "height": 299, "file_name": "20170702_083018_F_7316_   6099726115507_V_perfume_355.jpg", "annotated": false, "annotating": [], "num_annotations": 0, "metadata": {}, "deleted": false, "milliseconds": 0, "events": [], "regenerate_thumbnail": false}], "categories": [{"id": 144, "name": "perfume", "supercategory": "", "color": "#167e9d", "metadata": {}, "keypoint_colors": []}], "annotations": [{"id": 100339, "image_id": 139875, "category_id": 144, "segmentation": [[706.1, 50.1, 705.3, 60.0, 711.5, 61.9, 712.5, 64.8, 705.3, 68.3, 705.6, 90.4, 736.6, 152.4, 736.0, 158.3, 731.0, 164.4, 722.7, 169.8, 668.5, 170.8, 663.7, 169.8, 652.2, 160.7, 650.3, 155.6, 652.4, 143.3, 666.9, 100.6, 669.0, 87.8, 665.3, 70.7, 663.1, 68.3, 657.0, 66.4, 663.4, 62.1, 659.4, 48.8, 665.3, 43.2, 675.9, 39.7, 692.0, 40.2, 702.7, 45.8]], "area": 7245, "bbox": [650.0, 40.0, 87.0, 131.0], "iscrowd": false, "isbbox": false, "color": "#db1a5e", "metadata": {}}]}