{"images": [{"id": 139838, "dataset_id": 48, "category_ids": [], "path": "/datasets/201005_PERFUME/20170701_170734_A_1018_   6099721300810_H.jpg", "width": 1024, "height": 268, "file_name": "20170701_170734_A_1018_   6099721300810_H_perfume_306.jpg", "annotated": false, "annotating": [], "num_annotations": 0, "metadata": {}, "deleted": false, "milliseconds": 0, "events": [], "regenerate_thumbnail": false}], "categories": [{"id": 144, "name": "perfume", "supercategory": "", "color": "#167e9d", "metadata": {}, "keypoint_colors": []}], "annotations": [{"id": 100264, "image_id": 139838, "category_id": 144, "segmentation": [[149.0, 43.2, 152.6, 67.0, 139.3, 67.0, 139.3, 72.5, 162.7, 74.8, 163.7, 79.6, 160.7, 91.6, 164.6, 135.5, 162.7, 136.8, 81.5, 136.8, 76.6, 76.1, 94.1, 73.8, 92.8, 68.6, 79.5, 68.6, 78.9, 43.2, 148.4, 42.9]], "area": 7324, "bbox": [77.0, 43.0, 88.0, 94.0], "iscrowd": false, "isbbox": false, "color": "#eff265", "metadata": {}}]}