{"images": [{"id": 139974, "dataset_id": 48, "category_ids": [], "path": "/datasets/201005_PERFUME/20170702_171808_A_1194_   6099721301680_V.jpg", "width": 1024, "height": 257, "file_name": "20170702_171808_A_1194_   6099721301680_V_perfume_497.jpg", "annotated": false, "annotating": [], "num_annotations": 0, "metadata": {}, "deleted": false, "milliseconds": 0, "events": [], "regenerate_thumbnail": false}], "categories": [{"id": 144, "name": "perfume", "supercategory": "", "color": "#167e9d", "metadata": {}, "keypoint_colors": []}], "annotations": [{"id": 100628, "image_id": 139974, "category_id": 144, "segmentation": [[682.0, 39.4, 756.4, 40.7, 758.8, 43.6, 753.7, 93.7, 748.4, 98.1, 729.0, 100.6, 727.0, 110.6, 730.8, 115.0, 729.0, 116.8, 722.3, 117.7, 720.1, 125.3, 706.3, 126.8, 690.0, 124.8, 687.1, 120.8, 686.7, 116.6, 683.1, 113.7, 687.1, 110.4, 687.4, 99.0, 671.1, 96.1, 667.6, 93.5, 679.4, 40.9]], "area": 5904, "bbox": [668.0, 39.0, 91.0, 88.0], "iscrowd": false, "isbbox": false, "color": "#e49c4a", "metadata": {}}]}