{"images": [{"id": 139762, "dataset_id": 48, "category_ids": [], "path": "/datasets/201005_PERFUME/20170701_094549_A_1603_   6099721300192_V.jpg", "width": 1024, "height": 251, "file_name": "20170701_094549_A_1603_   6099721300192_V_perfumesample_184.jpg", "annotated": false, "annotating": [], "num_annotations": 0, "metadata": {}, "deleted": false, "milliseconds": 0, "events": [], "regenerate_thumbnail": false}], "categories": [{"id": 145, "name": "perfumesample", "supercategory": "", "color": "#7d29d2", "metadata": {}, "keypoint_colors": []}], "annotations": [{"id": 100140, "image_id": 139762, "category_id": 145, "segmentation": [[754.2, 30.9, 754.2, 33.4, 751.2, 35.3, 677.3, 34.4, 673.5, 30.6, 673.5, 28.5, 675.9, 26.6, 750.9, 26.9]], "area": 614, "bbox": [674.0, 27.0, 80.0, 8.0], "iscrowd": false, "isbbox": false, "color": "#5abf18", "metadata": {}}, {"id": 100141, "image_id": 139762, "category_id": 145, "segmentation": [[805.9, 75.3, 807.8, 103.2, 805.6, 106.7, 808.6, 110.0, 808.6, 112.1, 792.9, 113.0, 789.6, 104.0, 787.5, 76.4, 804.8, 75.3]], "area": 657, "bbox": [788.0, 75.0, 21.0, 38.0], "iscrowd": false, "isbbox": false, "color": "#5cc818", "metadata": {}}]}