{"images": [{"id": 139959, "dataset_id": 48, "category_ids": [], "path": "/datasets/201005_PERFUME/20170702_171306_A_1080_   6099721299871_H.jpg", "width": 1024, "height": 280, "file_name": "20170702_171306_A_1080_   6099721299871_H_perfume_462.jpg", "annotated": false, "annotating": [], "num_annotations": 0, "metadata": {}, "deleted": false, "milliseconds": 0, "events": [], "regenerate_thumbnail": false}], "categories": [{"id": 144, "name": "perfume", "supercategory": "", "color": "#167e9d", "metadata": {}, "keypoint_colors": []}], "annotations": [{"id": 100571, "image_id": 139959, "category_id": 144, "segmentation": [[98.9, 55.4, 148.4, 56.7, 151.5, 59.9, 135.3, 124.0, 130.6, 128.0, 124.4, 130.0, 119.3, 148.2, 114.4, 154.2, 83.2, 152.9, 79.2, 149.2, 80.5, 130.0, 76.3, 124.0, 76.4, 119.1, 91.4, 58.1, 96.5, 55.4]], "area": 5365, "bbox": [76.0, 55.0, 75.0, 99.0], "iscrowd": false, "isbbox": false, "color": "#b8f83a", "metadata": {}}]}