{"images": [{"id": 139681, "dataset_id": 48, "category_ids": [], "path": "/datasets/201005_PERFUME/20170701_090119_A_1521_   6099721300162_V.jpg", "width": 1024, "height": 299, "file_name": "20170701_090119_A_1521_   6099721300162_V_perfumesample_5.jpg", "annotated": false, "annotating": [], "num_annotations": 0, "metadata": {}, "deleted": false, "milliseconds": 0, "events": [], "regenerate_thumbnail": false}], "categories": [{"id": 145, "name": "perfumesample", "supercategory": "", "color": "#7d29d2", "metadata": {}, "keypoint_colors": []}], "annotations": [{"id": 99625, "image_id": 139681, "category_id": 145, "segmentation": [[653.3, 65.5, 654.1, 70.2, 641.6, 75.3, 587.4, 88.1, 582.3, 87.8, 576.1, 83.5, 575.7, 81.1, 624.8, 68.7, 637.3, 67.1, 648.2, 63.2]], "area": 732, "bbox": [576.0, 63.0, 78.0, 25.0], "iscrowd": false, "isbbox": false, "color": "#4ba910", "metadata": {}}, {"id": 99627, "image_id": 139681, "category_id": 145, "segmentation": [[464.6, 68.3, 465.0, 72.2, 458.0, 76.5, 407.3, 90.1, 397.2, 88.5, 397.2, 83.5, 460.3, 65.1]], "area": 647, "bbox": [397.0, 65.0, 68.0, 25.0], "iscrowd": false, "isbbox": false, "color": "#87dc6b", "metadata": {}}]}