{"images": [{"id": 139956, "dataset_id": 48, "category_ids": [], "path": "/datasets/201005_PERFUME/20170702_171232_A_1062_   6099721301325_V.jpg", "width": 1024, "height": 300, "file_name": "20170702_171232_A_1062_   6099721301325_V_perfume_457.jpg", "annotated": false, "annotating": [], "num_annotations": 0, "metadata": {}, "deleted": false, "milliseconds": 0, "events": [], "regenerate_thumbnail": false}], "categories": [{"id": 144, "name": "perfume", "supercategory": "", "color": "#167e9d", "metadata": {}, "keypoint_colors": []}], "annotations": [{"id": 100563, "image_id": 139956, "category_id": 144, "segmentation": [[535.2, 61.9, 645.2, 63.7, 644.4, 163.1, 642.0, 166.6, 532.7, 166.6, 530.2, 159.0, 532.7, 63.7]], "area": 11797, "bbox": [530.0, 62.0, 115.0, 105.0], "iscrowd": false, "isbbox": false, "color": "#53d32f", "metadata": {}}]}