{"images": [{"id": 139856, "dataset_id": 48, "category_ids": [], "path": "/datasets/201005_PERFUME/20170701_172633_E_5031_    PUS009119046_H.jpg", "width": 1024, "height": 303, "file_name": "20170701_172633_E_5031_    PUS009119046_H_perfume_336.jpg", "annotated": false, "annotating": [], "num_annotations": 0, "metadata": {}, "deleted": false, "milliseconds": 0, "events": [], "regenerate_thumbnail": false}], "categories": [{"id": 144, "name": "perfume", "supercategory": "", "color": "#167e9d", "metadata": {}, "keypoint_colors": []}], "annotations": [{"id": 100306, "image_id": 139856, "category_id": 144, "segmentation": [[90.8, 46.9, 90.2, 170.4, 44.9, 171.1, 40.4, 128.1, 41.2, 46.9, 90.0, 46.4]], "area": 6076, "bbox": [40.0, 46.0, 51.0, 125.0], "iscrowd": false, "isbbox": false, "color": "#36c02b", "metadata": {}}]}