{"images": [{"id": 139820, "dataset_id": 48, "category_ids": [], "path": "/datasets/201005_PERFUME/20170701_165251_G_9500_      8131615052_H.jpg", "width": 1024, "height": 276, "file_name": "20170701_165251_G_9500_      8131615052_H_perfume_260.jpg", "annotated": false, "annotating": [], "num_annotations": 0, "metadata": {}, "deleted": false, "milliseconds": 0, "events": [], "regenerate_thumbnail": false}], "categories": [{"id": 144, "name": "perfume", "supercategory": "", "color": "#167e9d", "metadata": {}, "keypoint_colors": []}], "annotations": [{"id": 100216, "image_id": 139820, "category_id": 144, "segmentation": [[97.8, 61.6, 105.1, 63.2, 107.0, 65.1, 106.5, 129.5, 104.0, 133.3, 94.3, 135.5, 94.3, 139.3, 98.9, 139.8, 99.4, 147.6, 103.2, 149.3, 102.9, 151.4, 80.7, 155.5, 59.3, 151.4, 59.3, 149.0, 63.7, 146.8, 63.1, 140.3, 67.2, 139.3, 67.7, 137.1, 67.5, 135.5, 61.8, 134.4, 61.8, 132.2, 57.2, 130.6, 56.9, 64.3, 60.7, 61.3, 98.1, 61.3]], "area": 4301, "bbox": [57.0, 61.0, 50.0, 95.0], "iscrowd": false, "isbbox": false, "color": "#d912e3", "metadata": {}}]}