{"images": [{"id": 139972, "dataset_id": 48, "category_ids": [], "path": "/datasets/201005_PERFUME/20170702_171805_A_1192_   6099721301373_V.jpg", "width": 1024, "height": 252, "file_name": "20170702_171805_A_1192_   6099721301373_V_perfume_491.jpg", "annotated": false, "annotating": [], "num_annotations": 0, "metadata": {}, "deleted": false, "milliseconds": 0, "events": [], "regenerate_thumbnail": false}], "categories": [{"id": 144, "name": "perfume", "supercategory": "", "color": "#167e9d", "metadata": {}, "keypoint_colors": []}], "annotations": [{"id": 100620, "image_id": 139972, "category_id": 144, "segmentation": [[703.7, 41.4, 729.7, 44.1, 748.0, 43.6, 768.9, 65.0, 769.1, 85.9, 766.9, 90.6, 760.9, 96.8, 752.9, 100.2, 719.9, 98.2, 716.1, 99.3, 715.9, 100.8, 718.4, 101.9, 746.9, 102.4, 748.9, 111.7, 745.7, 119.5, 652.0, 115.7, 651.8, 111.1, 654.5, 105.1, 660.5, 99.5, 664.2, 98.6, 690.8, 101.0, 691.9, 97.0, 656.9, 96.6, 654.5, 95.5, 651.4, 89.3, 650.9, 79.9, 655.4, 68.3, 664.9, 59.2, 675.6, 52.3, 698.6, 41.6]], "area": 7285, "bbox": [651.0, 41.0, 118.0, 79.0], "iscrowd": false, "isbbox": false, "color": "#0cb5e9", "metadata": {}}]}