{"images": [{"id": 139913, "dataset_id": 48, "category_ids": [], "path": "/datasets/201005_PERFUME/20170702_101810_F_6422_   6076825850935_H.jpg", "width": 1024, "height": 254, "file_name": "20170702_101810_F_6422_   6076825850935_H_perfume_394.jpg", "annotated": false, "annotating": [], "num_annotations": 0, "metadata": {}, "deleted": false, "milliseconds": 0, "events": [], "regenerate_thumbnail": false}], "categories": [{"id": 144, "name": "perfume", "supercategory": "", "color": "#167e9d", "metadata": {}, "keypoint_colors": []}], "annotations": [{"id": 100421, "image_id": 139913, "category_id": 144, "segmentation": [[105.6, 35.2, 183.5, 38.3, 177.2, 106.9, 136.3, 107.3, 136.3, 110.4, 145.0, 117.1, 145.0, 120.0, 141.9, 123.6, 143.6, 128.7, 133.6, 133.6, 124.1, 134.5, 114.0, 138.5, 103.4, 137.1, 93.8, 130.0, 83.5, 127.1, 82.9, 121.3, 92.2, 114.0, 91.7, 107.0, 57.1, 105.8, 62.2, 37.2, 76.4, 34.4, 102.2, 35.4]], "area": 10000, "bbox": [57.0, 34.0, 127.0, 105.0], "iscrowd": false, "isbbox": false, "color": "#d8d263", "metadata": {}}]}