{"images": [{"id": 139938, "dataset_id": 48, "category_ids": [], "path": "/datasets/201005_PERFUME/20170702_154200_E_4401_    338421240236_V.jpg", "width": 1024, "height": 261, "file_name": "20170702_154200_E_4401_    338421240236_V_perfume_419.jpg", "annotated": false, "annotating": [], "num_annotations": 0, "metadata": {}, "deleted": false, "milliseconds": 0, "events": [], "regenerate_thumbnail": false}], "categories": [{"id": 144, "name": "perfume", "supercategory": "", "color": "#167e9d", "metadata": {}, "keypoint_colors": []}], "annotations": [{"id": 100476, "image_id": 139938, "category_id": 144, "segmentation": [[624.4, 38.8, 632.0, 56.5, 622.5, 58.9, 623.5, 62.4, 659.3, 59.6, 682.5, 117.9, 681.7, 119.9, 547.8, 129.6, 523.0, 71.7, 525.8, 69.1, 559.5, 66.7, 558.8, 63.3, 545.8, 63.3, 539.1, 46.5, 622.2, 39.2]], "area": 10283, "bbox": [523.0, 39.0, 159.0, 91.0], "iscrowd": false, "isbbox": false, "color": "#c2e01f", "metadata": {}}]}