{"images": [{"id": 139702, "dataset_id": 48, "category_ids": [], "path": "/datasets/201005_PERFUME/20170701_090309_A_1549_   6099721300186_V.jpg", "width": 1024, "height": 251, "file_name": "20170701_090309_A_1549_   6099721300186_V_perfumesample_62.jpg", "annotated": false, "annotating": [], "num_annotations": 0, "metadata": {}, "deleted": false, "milliseconds": 0, "events": [], "regenerate_thumbnail": false}], "categories": [{"id": 145, "name": "perfumesample", "supercategory": "", "color": "#7d29d2", "metadata": {}, "keypoint_colors": []}], "annotations": [{"id": 99876, "image_id": 139702, "category_id": 145, "segmentation": [[653.5, 48.2, 658.3, 77.5, 655.4, 79.6, 642.1, 80.2, 640.5, 78.6, 637.2, 53.1, 638.0, 44.4, 651.6, 43.4]], "area": 612, "bbox": [637.0, 43.0, 21.0, 37.0], "iscrowd": false, "isbbox": false, "color": "#69deb7", "metadata": {}}, {"id": 99880, "image_id": 139702, "category_id": 145, "segmentation": [[760.4, 53.9, 762.3, 83.2, 760.1, 84.8, 745.2, 84.5, 743.9, 83.2, 742.5, 56.9, 744.7, 53.7, 743.1, 50.1, 758.5, 49.1]], "area": 625, "bbox": [743.0, 49.0, 19.0, 36.0], "iscrowd": false, "isbbox": false, "color": "#65c513", "metadata": {}}]}