{"images": [{"id": 139759, "dataset_id": 48, "category_ids": [], "path": "/datasets/201005_PERFUME/20170701_094137_A_1555_   6099721300170_H.jpg", "width": 1024, "height": 298, "file_name": "20170701_094137_A_1555_   6099721300170_H_perfume_174.jpg", "annotated": false, "annotating": [], "num_annotations": 0, "metadata": {}, "deleted": false, "milliseconds": 0, "events": [], "regenerate_thumbnail": false}], "categories": [{"id": 144, "name": "perfume", "supercategory": "", "color": "#167e9d", "metadata": {}, "keypoint_colors": []}], "annotations": [{"id": 100127, "image_id": 139759, "category_id": 144, "segmentation": [[90.8, 78.8, 91.4, 101.0, 86.2, 102.9, 96.8, 105.1, 98.7, 160.3, 94.9, 164.9, 56.2, 164.9, 54.5, 162.2, 52.4, 106.7, 54.3, 104.0, 61.6, 103.5, 61.9, 101.3, 56.2, 100.2, 55.6, 79.4, 88.1, 78.8]], "area": 3537, "bbox": [52.0, 79.0, 47.0, 86.0], "iscrowd": false, "isbbox": false, "color": "#b6df5c", "metadata": {}}]}