{"images": [{"id": 139831, "dataset_id": 48, "category_ids": [], "path": "/datasets/201005_PERFUME/20170701_170534_A_1972_   6099721300748_V.jpg", "width": 1024, "height": 250, "file_name": "20170701_170534_A_1972_   6099721300748_V_perfumesample_289.jpg", "annotated": false, "annotating": [], "num_annotations": 0, "metadata": {}, "deleted": false, "milliseconds": 0, "events": [], "regenerate_thumbnail": false}], "categories": [{"id": 145, "name": "perfumesample", "supercategory": "", "color": "#7d29d2", "metadata": {}, "keypoint_colors": []}], "annotations": [{"id": 100247, "image_id": 139831, "category_id": 145, "segmentation": [[641.1, 55.6, 650.6, 54.8, 657.3, 78.6, 657.1, 87.3, 643.3, 89.2, 643.8, 86.5, 640.8, 84.0, 632.7, 57.5, 641.6, 55.1]], "area": 575, "bbox": [633.0, 55.0, 24.0, 34.0], "iscrowd": false, "isbbox": false, "color": "#2a0ab0", "metadata": {}}, {"id": 100248, "image_id": 139831, "category_id": 145, "segmentation": [[769.7, 39.9, 774.0, 66.7, 771.3, 71.1, 773.5, 72.9, 758.3, 72.9, 757.8, 71.9, 759.9, 70.5, 756.7, 68.3, 752.1, 39.4, 769.2, 39.4]], "area": 576, "bbox": [752.0, 39.0, 22.0, 34.0], "iscrowd": false, "isbbox": false, "color": "#b478e8", "metadata": {}}]}