{"images": [{"id": 139789, "dataset_id": 48, "category_ids": [], "path": "/datasets/201005_PERFUME/20170701_101155_A_1174_   6099711082751_H.jpg", "width": 1024, "height": 273, "file_name": "20170701_101155_A_1174_   6099711082751_H_perfume_238.jpg", "annotated": false, "annotating": [], "num_annotations": 0, "metadata": {}, "deleted": false, "milliseconds": 0, "events": [], "regenerate_thumbnail": false}], "categories": [{"id": 144, "name": "perfume", "supercategory": "", "color": "#167e9d", "metadata": {}, "keypoint_colors": []}], "annotations": [{"id": 100194, "image_id": 139789, "category_id": 144, "segmentation": [[87.6, 145.3, 88.2, 132.8, 90.1, 131.5, 88.2, 131.2, 87.6, 129.3, 88.5, 103.3, 86.3, 101.7, 86.0, 99.3, 87.9, 97.1, 87.1, 91.7, 87.9, 86.3, 89.5, 84.9, 92.0, 56.5, 95.8, 51.1, 99.0, 50.0, 126.1, 51.9, 128.8, 53.8, 129.3, 57.8, 127.4, 84.1, 129.1, 86.5, 128.3, 101.4, 125.5, 103.5, 122.6, 127.4, 116.9, 132.0, 120.4, 133.4, 119.0, 145.6, 87.9, 145.3]], "area": 3449, "bbox": [86.0, 50.0, 43.0, 96.0], "iscrowd": false, "isbbox": false, "color": "#09ad34", "metadata": {}}]}