{"images": [{"id": 139966, "dataset_id": 48, "category_ids": [], "path": "/datasets/201005_PERFUME/20170702_171732_A_1176_   6099721301321_V.jpg", "width": 1024, "height": 298, "file_name": "20170702_171732_A_1176_   6099721301321_V_perfumesample_472.jpg", "annotated": false, "annotating": [], "num_annotations": 0, "metadata": {}, "deleted": false, "milliseconds": 0, "events": [], "regenerate_thumbnail": false}], "categories": [{"id": 145, "name": "perfumesample", "supercategory": "", "color": "#7d29d2", "metadata": {}, "keypoint_colors": []}], "annotations": [{"id": 100589, "image_id": 139966, "category_id": 145, "segmentation": [[684.1, 63.3, 684.3, 91.1, 682.6, 96.2, 663.4, 96.4, 661.9, 63.3, 683.2, 63.3]], "area": 703, "bbox": [662.0, 63.0, 22.0, 33.0], "iscrowd": false, "isbbox": false, "color": "#70fa68", "metadata": {}}, {"id": 100590, "image_id": 139966, "category_id": 145, "segmentation": [[751.1, 121.5, 753.8, 148.5, 752.7, 154.8, 738.0, 155.4, 736.1, 152.9, 730.9, 122.0, 731.8, 120.9, 748.9, 120.7]], "area": 643, "bbox": [731.0, 121.0, 23.0, 34.0], "iscrowd": false, "isbbox": false, "color": "#df4361", "metadata": {}}]}