{"images": [{"id": 139958, "dataset_id": 48, "category_ids": [], "path": "/datasets/201005_PERFUME/20170702_171234_A_1063_   6099721299850_V.jpg", "width": 1024, "height": 285, "file_name": "20170702_171234_A_1063_   6099721299850_V_perfume_461.jpg", "annotated": false, "annotating": [], "num_annotations": 0, "metadata": {}, "deleted": false, "milliseconds": 0, "events": [], "regenerate_thumbnail": false}], "categories": [{"id": 144, "name": "perfume", "supercategory": "", "color": "#167e9d", "metadata": {}, "keypoint_colors": []}], "annotations": [{"id": 100568, "image_id": 139958, "category_id": 144, "segmentation": [[578.5, 52.4, 721.4, 52.4, 723.0, 107.2, 717.1, 108.5, 717.9, 128.8, 581.2, 128.8, 577.7, 53.8]], "area": 10896, "bbox": [578.0, 52.0, 145.0, 77.0], "iscrowd": false, "isbbox": false, "color": "#239799", "metadata": {}}]}