{"images": [{"id": 139763, "dataset_id": 48, "category_ids": [], "path": "/datasets/201005_PERFUME/20170701_094710_A_1629_   6099721299488_H.jpg", "width": 1024, "height": 261, "file_name": "20170701_094710_A_1629_   6099721299488_H_perfume_186.jpg", "annotated": false, "annotating": [], "num_annotations": 0, "metadata": {}, "deleted": false, "milliseconds": 0, "events": [], "regenerate_thumbnail": false}], "categories": [{"id": 144, "name": "perfume", "supercategory": "", "color": "#167e9d", "metadata": {}, "keypoint_colors": []}], "annotations": [{"id": 100142, "image_id": 139763, "category_id": 144, "segmentation": [[183.4, 72.2, 176.2, 88.2, 182.1, 89.1, 196.1, 98.9, 177.5, 140.8, 87.9, 133.3, 81.7, 124.6, 98.0, 82.6, 117.4, 83.9, 124.3, 66.4, 181.4, 70.9]], "area": 6157, "bbox": [82.0, 66.0, 114.0, 75.0], "iscrowd": false, "isbbox": false, "color": "#0db1a7", "metadata": {}}]}