{"images": [{"id": 139698, "dataset_id": 48, "category_ids": [], "path": "/datasets/201005_PERFUME/20170701_090305_A_1547_   6099721300187_V.jpg", "width": 1024, "height": 252, "file_name": "20170701_090305_A_1547_   6099721300187_V_perfume_49.jpg", "annotated": false, "annotating": [], "num_annotations": 0, "metadata": {}, "deleted": false, "milliseconds": 0, "events": [], "regenerate_thumbnail": false}], "categories": [{"id": 144, "name": "perfume", "supercategory": "", "color": "#167e9d", "metadata": {}, "keypoint_colors": []}], "annotations": [{"id": 99840, "image_id": 139698, "category_id": 144, "segmentation": [[759.0, 54.0, 748.7, 87.8, 747.6, 89.2, 726.0, 88.6, 718.1, 112.4, 656.1, 108.4, 662.6, 85.6, 640.4, 82.9, 651.0, 48.3, 654.2, 45.3, 756.0, 51.0]], "area": 5717, "bbox": [641.0, 45.0, 118.0, 67.0], "iscrowd": false, "isbbox": false, "color": "#ce76ed", "metadata": {}}]}