{"images": [{"id": 139704, "dataset_id": 48, "category_ids": [], "path": "/datasets/201005_PERFUME/20170701_090315_A_1551_   6099721299457_V.jpg", "width": 1024, "height": 242, "file_name": "20170701_090315_A_1551_   6099721299457_V_perfume_66.jpg", "annotated": false, "annotating": [], "num_annotations": 0, "metadata": {}, "deleted": false, "milliseconds": 0, "events": [], "regenerate_thumbnail": false}], "categories": [{"id": 144, "name": "perfume", "supercategory": "", "color": "#167e9d", "metadata": {}, "keypoint_colors": []}], "annotations": [{"id": 99891, "image_id": 139704, "category_id": 144, "segmentation": [[711.4, 37.5, 713.8, 59.4, 703.8, 62.4, 705.4, 82.2, 707.6, 84.2, 717.9, 84.0, 720.3, 106.5, 708.1, 109.0, 626.6, 110.3, 624.7, 87.0, 612.0, 85.9, 608.5, 65.1, 610.4, 62.1, 620.9, 61.0, 617.7, 38.6, 711.1, 36.4]], "area": 6778, "bbox": [609.0, 36.0, 111.0, 74.0], "iscrowd": false, "isbbox": false, "color": "#4b6ee5", "metadata": {}}]}