{"images": [{"id": 139939, "dataset_id": 48, "category_ids": [], "path": "/datasets/201005_PERFUME/20170702_170342_F_6363_      8131619650_H.jpg", "width": 1024, "height": 291, "file_name": "20170702_170342_F_6363_      8131619650_H_perfume_420.jpg", "annotated": false, "annotating": [], "num_annotations": 0, "metadata": {}, "deleted": false, "milliseconds": 0, "events": [], "regenerate_thumbnail": false}], "categories": [{"id": 144, "name": "perfume", "supercategory": "", "color": "#167e9d", "metadata": {}, "keypoint_colors": []}], "annotations": [{"id": 100486, "image_id": 139939, "category_id": 144, "segmentation": [[111.2, 37.4, 183.0, 40.0, 185.9, 43.2, 187.8, 68.5, 183.0, 72.0, 110.2, 73.1, 64.1, 76.2, 58.6, 74.6, 55.4, 71.7, 54.1, 69.8, 52.9, 48.9, 55.7, 45.4, 68.6, 41.1, 104.1, 37.4]], "area": 4523, "bbox": [53.0, 37.0, 135.0, 39.0], "iscrowd": false, "isbbox": false, "color": "#f6322b", "metadata": {}}, {"id": 100488, "image_id": 139939, "category_id": 144, "segmentation": [[87.1, 82.3, 110.9, 80.3, 149.2, 84.8, 175.3, 102.5, 178.2, 108.2, 177.5, 118.5, 174.0, 125.2, 162.1, 136.4, 152.2, 144.1, 142.0, 148.3, 118.6, 151.8, 85.2, 151.5, 71.1, 147.6, 61.5, 142.5, 48.4, 131.0, 44.2, 122.0, 43.9, 112.4, 48.4, 102.1, 55.1, 95.1, 69.8, 86.7, 81.4, 82.7]], "area": 7607, "bbox": [44.0, 80.0, 134.0, 72.0], "iscrowd": false, "isbbox": false, "color": "#25c92f", "metadata": {}}, {"id": 100490, "image_id": 139939, "category_id": 144, "segmentation": [[103.8, 79.1, 116.0, 78.4, 149.0, 81.6, 166.0, 85.8, 175.9, 90.9, 189.4, 103.1, 192.9, 108.5, 193.9, 118.8, 189.1, 131.0, 183.0, 136.7, 171.4, 143.2, 157.0, 147.6, 138.1, 149.9, 95.5, 150.2, 71.8, 141.9, 61.5, 134.8, 55.4, 127.5, 51.9, 118.2, 52.2, 110.5, 57.3, 101.8, 67.3, 93.5, 85.5, 83.5, 98.4, 80.0]], "area": 8109, "bbox": [52.0, 78.0, 142.0, 72.0], "iscrowd": false, "isbbox": false, "color": "#12fdcb", "metadata": {}}]}