{"images": [{"id": 139946, "dataset_id": 48, "category_ids": [], "path": "/datasets/201005_PERFUME/20170702_171146_A_1035_   6099721301369_V.jpg", "width": 1024, "height": 267, "file_name": "20170702_171146_A_1035_   6099721301369_V_perfume_433.jpg", "annotated": false, "annotating": [], "num_annotations": 0, "metadata": {}, "deleted": false, "milliseconds": 0, "events": [], "regenerate_thumbnail": false}], "categories": [{"id": 144, "name": "perfume", "supercategory": "", "color": "#167e9d", "metadata": {}, "keypoint_colors": []}], "annotations": [{"id": 100528, "image_id": 139946, "category_id": 144, "segmentation": [[697.4, 29.4, 717.7, 36.1, 719.3, 42.5, 709.7, 51.1, 709.7, 54.6, 711.3, 57.2, 716.6, 58.6, 722.5, 62.6, 728.4, 71.4, 727.3, 92.2, 720.4, 113.3, 704.9, 142.2, 649.3, 140.6, 646.1, 133.9, 643.6, 112.2, 647.7, 75.7, 651.2, 69.5, 658.7, 62.0, 665.6, 58.2, 676.8, 56.2, 677.1, 49.7, 672.3, 41.5, 672.5, 36.7, 680.3, 32.1, 691.5, 30.5]], "area": 7179, "bbox": [644.0, 29.0, 84.0, 113.0], "iscrowd": false, "isbbox": false, "color": "#8fef63", "metadata": {}}]}