{"images": [{"id": 139911, "dataset_id": 48, "category_ids": [], "path": "/datasets/201005_PERFUME/20170702_101717_F_6404_   6076825850939_H.jpg", "width": 1024, "height": 253, "file_name": "20170702_101717_F_6404_   6076825850939_H_perfume_392.jpg", "annotated": false, "annotating": [], "num_annotations": 0, "metadata": {}, "deleted": false, "milliseconds": 0, "events": [], "regenerate_thumbnail": false}], "categories": [{"id": 144, "name": "perfume", "supercategory": "", "color": "#167e9d", "metadata": {}, "keypoint_colors": []}], "annotations": [{"id": 100417, "image_id": 139911, "category_id": 144, "segmentation": [[88.9, 37.9, 171.5, 36.9, 173.5, 38.7, 181.1, 99.2, 179.3, 101.2, 153.5, 102.1, 155.7, 112.5, 152.4, 114.5, 161.3, 122.3, 161.1, 128.1, 104.5, 127.7, 104.5, 122.1, 111.0, 115.7, 107.8, 112.4, 108.8, 102.5, 82.7, 99.4, 81.6, 96.9, 86.3, 39.8]], "area": 7269, "bbox": [82.0, 37.0, 99.0, 91.0], "iscrowd": false, "isbbox": false, "color": "#cf1943", "metadata": {}}]}