{"images": [{"id": 139744, "dataset_id": 48, "category_ids": [], "path": "/datasets/201005_PERFUME/20170701_093539_A_1430_   6099721300167_V.jpg", "width": 1024, "height": 298, "file_name": "20170701_093539_A_1430_   6099721300167_V_perfumesample_138.jpg", "annotated": false, "annotating": [], "num_annotations": 0, "metadata": {}, "deleted": false, "milliseconds": 0, "events": [], "regenerate_thumbnail": false}], "categories": [{"id": 145, "name": "perfumesample", "supercategory": "", "color": "#7d29d2", "metadata": {}, "keypoint_colors": []}], "annotations": [{"id": 100083, "image_id": 139744, "category_id": 145, "segmentation": [[524.5, 112.4, 528.4, 114.3, 530.3, 145.9, 508.5, 145.9, 507.3, 112.0, 524.1, 112.0]], "area": 720, "bbox": [507.0, 112.0, 23.0, 34.0], "iscrowd": false, "isbbox": false, "color": "#3582d2", "metadata": {}}, {"id": 100085, "image_id": 139744, "category_id": 145, "segmentation": [[540.6, 77.9, 541.8, 109.6, 540.0, 111.3, 522.1, 111.0, 522.6, 73.6, 539.4, 72.9]], "area": 714, "bbox": [522.0, 73.0, 20.0, 38.0], "iscrowd": false, "isbbox": false, "color": "#8030f7", "metadata": {}}]}