{"images": [{"id": 139776, "dataset_id": 48, "category_ids": [], "path": "/datasets/201005_PERFUME/20170701_100354_A_1962_   6099704563265_V.jpg", "width": 1024, "height": 337, "file_name": "20170701_100354_A_1962_   6099704563265_V_perfume_215.jpg", "annotated": false, "annotating": [], "num_annotations": 0, "metadata": {}, "deleted": false, "milliseconds": 0, "events": [], "regenerate_thumbnail": false}], "categories": [{"id": 144, "name": "perfume", "supercategory": "", "color": "#167e9d", "metadata": {}, "keypoint_colors": []}], "annotations": [{"id": 100170, "image_id": 139776, "category_id": 144, "segmentation": [[629.3, 56.7, 648.4, 55.4, 667.6, 57.6, 682.9, 62.2, 694.6, 69.0, 701.4, 76.8, 702.4, 81.4, 700.1, 86.9, 693.6, 94.0, 679.6, 100.2, 661.1, 103.8, 638.4, 105.1, 612.0, 101.8, 593.2, 94.7, 587.3, 90.1, 584.4, 84.9, 583.8, 78.1, 590.3, 69.0, 600.0, 63.8, 627.3, 56.7]], "area": 4532, "bbox": [584.0, 55.0, 118.0, 50.0], "iscrowd": false, "isbbox": false, "color": "#fbc321", "metadata": {}}, {"id": 100171, "image_id": 139776, "category_id": 144, "segmentation": [[624.4, 129.8, 643.5, 130.4, 663.0, 133.3, 677.7, 139.5, 686.8, 147.6, 686.8, 158.4, 679.3, 167.1, 670.8, 171.3, 666.0, 173.3, 640.6, 175.2, 634.5, 183.7, 625.7, 186.9, 619.8, 186.9, 609.4, 183.0, 606.8, 174.3, 592.5, 172.0, 580.2, 167.1, 572.4, 161.3, 570.8, 157.7, 571.1, 150.6, 576.0, 144.1, 586.0, 137.6, 606.5, 131.1, 622.8, 129.8]], "area": 4599, "bbox": [571.0, 130.0, 116.0, 57.0], "iscrowd": false, "isbbox": false, "color": "#7cf460", "metadata": {}}]}