{"images": [{"id": 139798, "dataset_id": 48, "category_ids": [], "path": "/datasets/201005_PERFUME/20170701_111040_G_8401_   6076820266700_H.jpg", "width": 1024, "height": 269, "file_name": "20170701_111040_G_8401_   6076820266700_H_perfume_246.jpg", "annotated": false, "annotating": [], "num_annotations": 0, "metadata": {}, "deleted": false, "milliseconds": 0, "events": [], "regenerate_thumbnail": false}], "categories": [{"id": 144, "name": "perfume", "supercategory": "", "color": "#167e9d", "metadata": {}, "keypoint_colors": []}], "annotations": [{"id": 100202, "image_id": 139798, "category_id": 144, "segmentation": [[151.3, 64.7, 155.2, 69.5, 155.6, 79.3, 158.8, 91.0, 156.9, 100.9, 157.8, 113.7, 156.2, 115.0, 151.3, 116.6, 83.8, 117.9, 77.3, 113.4, 76.6, 103.0, 74.0, 94.6, 74.0, 70.2, 81.5, 63.4, 146.5, 62.7]], "area": 4376, "bbox": [74.0, 63.0, 85.0, 55.0], "iscrowd": false, "isbbox": false, "color": "#25ac59", "metadata": {}}]}