{"images": [{"id": 139948, "dataset_id": 48, "category_ids": [], "path": "/datasets/201005_PERFUME/20170702_171201_A_1044_   6099721299899_V.jpg", "width": 1024, "height": 262, "file_name": "20170702_171201_A_1044_   6099721299899_V_perfume_439.jpg", "annotated": false, "annotating": [], "num_annotations": 0, "metadata": {}, "deleted": false, "milliseconds": 0, "events": [], "regenerate_thumbnail": false}], "categories": [{"id": 144, "name": "perfume", "supercategory": "", "color": "#167e9d", "metadata": {}, "keypoint_colors": []}], "annotations": [{"id": 100538, "image_id": 139948, "category_id": 144, "segmentation": [[719.1, 46.1, 726.7, 51.5, 729.6, 57.0, 725.5, 63.4, 714.0, 71.3, 729.8, 71.3, 746.5, 74.1, 759.7, 79.7, 769.9, 88.0, 773.0, 95.1, 773.0, 102.5, 767.5, 113.2, 760.8, 119.0, 748.9, 125.1, 733.3, 129.6, 640.2, 129.4, 628.4, 124.4, 616.9, 114.9, 611.9, 108.8, 608.7, 100.8, 609.8, 91.0, 614.6, 84.7, 623.0, 78.2, 638.7, 72.8, 667.9, 70.4, 666.4, 63.0, 661.4, 57.8, 661.9, 54.6, 665.5, 51.3, 672.5, 48.0, 688.6, 44.4, 691.8, 45.0, 696.4, 49.1, 694.8, 45.9, 689.8, 42.8, 691.0, 41.3, 714.2, 44.4]], "area": 9904, "bbox": [609.0, 41.0, 164.0, 89.0], "iscrowd": false, "isbbox": false, "color": "#f65724", "metadata": {}}]}