{"images": [{"id": 139768, "dataset_id": 48, "category_ids": [], "path": "/datasets/201005_PERFUME/20170701_100140_A_1937_   6099704563268_V.jpg", "width": 1024, "height": 340, "file_name": "20170701_100140_A_1937_   6099704563268_V_perfume_199.jpg", "annotated": false, "annotating": [], "num_annotations": 0, "metadata": {}, "deleted": false, "milliseconds": 0, "events": [], "regenerate_thumbnail": false}], "categories": [{"id": 144, "name": "perfume", "supercategory": "", "color": "#167e9d", "metadata": {}, "keypoint_colors": []}], "annotations": [{"id": 100154, "image_id": 139768, "category_id": 144, "segmentation": [[699.4, 100.2, 708.2, 104.1, 712.1, 108.0, 713.7, 118.4, 712.4, 122.2, 706.2, 130.0, 694.9, 139.5, 690.0, 141.7, 673.4, 143.7, 599.0, 137.8, 584.1, 133.3, 577.3, 126.8, 556.1, 125.5, 542.8, 120.9, 543.8, 107.0, 550.3, 102.1, 562.0, 98.2, 590.6, 100.5, 601.9, 95.0, 618.2, 93.0, 694.2, 98.9]], "area": 6469, "bbox": [543.0, 93.0, 171.0, 51.0], "iscrowd": false, "isbbox": false, "color": "#e9dc72", "metadata": {}}, {"id": 100155, "image_id": 139768, "category_id": 144, "segmentation": [[678.3, 148.2, 693.2, 150.2, 698.1, 152.8, 703.0, 160.6, 703.0, 165.5, 701.4, 174.2, 696.5, 181.7, 685.8, 190.2, 676.7, 193.7, 588.6, 188.9, 575.3, 184.6, 569.8, 178.1, 537.6, 175.2, 533.1, 172.0, 530.8, 167.1, 531.1, 159.0, 532.7, 156.7, 545.4, 149.5, 555.2, 148.6, 584.7, 151.5, 599.0, 144.3, 609.7, 143.0, 676.0, 147.6]], "area": 6590, "bbox": [531.0, 143.0, 172.0, 51.0], "iscrowd": false, "isbbox": false, "color": "#dcd46d", "metadata": {}}]}