{"images": [{"id": 139900, "dataset_id": 48, "category_ids": [], "path": "/datasets/201005_PERFUME/20170702_100716_G_8109_   6076825851252_V.jpg", "width": 1024, "height": 253, "file_name": "20170702_100716_G_8109_   6076825851252_V_perfume_381.jpg", "annotated": false, "annotating": [], "num_annotations": 0, "metadata": {}, "deleted": false, "milliseconds": 0, "events": [], "regenerate_thumbnail": false}], "categories": [{"id": 144, "name": "perfume", "supercategory": "", "color": "#167e9d", "metadata": {}, "keypoint_colors": []}], "annotations": [{"id": 100392, "image_id": 139900, "category_id": 144, "segmentation": [[620.5, 38.7, 709.0, 38.9, 711.2, 40.3, 713.6, 58.1, 717.4, 52.0, 720.9, 49.8, 767.9, 50.0, 772.4, 53.4, 775.7, 59.4, 778.0, 66.5, 777.5, 75.0, 771.3, 85.4, 763.3, 88.6, 722.5, 88.1, 719.2, 86.1, 717.4, 81.7, 715.2, 81.2, 714.5, 93.2, 711.6, 96.3, 692.9, 98.8, 595.0, 98.1, 590.8, 42.7, 618.8, 38.5]], "area": 9387, "bbox": [591.0, 39.0, 187.0, 60.0], "iscrowd": false, "isbbox": false, "color": "#ed50d7", "metadata": {}}]}