{"images": [{"id": 139926, "dataset_id": 48, "category_ids": [], "path": "/datasets/201005_PERFUME/20170702_111649_F_6937_   6076801081262_V.jpg", "width": 1024, "height": 303, "file_name": "20170702_111649_F_6937_   6076801081262_V_perfume_407.jpg", "annotated": false, "annotating": [], "num_annotations": 0, "metadata": {}, "deleted": false, "milliseconds": 0, "events": [], "regenerate_thumbnail": false}], "categories": [{"id": 144, "name": "perfume", "supercategory": "", "color": "#167e9d", "metadata": {}, "keypoint_colors": []}], "annotations": [{"id": 100449, "image_id": 139926, "category_id": 144, "segmentation": [[654.8, 42.6, 728.2, 41.9, 729.8, 43.7, 734.6, 88.2, 735.6, 128.3, 731.6, 131.8, 732.2, 166.3, 658.1, 167.0, 656.1, 165.7, 654.8, 131.4, 651.7, 131.2, 651.2, 129.4, 649.8, 87.6, 652.8, 43.7]], "area": 10072, "bbox": [650.0, 42.0, 86.0, 125.0], "iscrowd": false, "isbbox": false, "color": "#19aea7", "metadata": {}}]}