{"images": [{"id": 139945, "dataset_id": 48, "category_ids": [], "path": "/datasets/201005_PERFUME/20170702_171146_A_1035_   6099721301369_H.jpg", "width": 1024, "height": 267, "file_name": "20170702_171146_A_1035_   6099721301369_H_perfumesample_432.jpg", "annotated": false, "annotating": [], "num_annotations": 0, "metadata": {}, "deleted": false, "milliseconds": 0, "events": [], "regenerate_thumbnail": false}], "categories": [{"id": 145, "name": "perfumesample", "supercategory": "", "color": "#7d29d2", "metadata": {}, "keypoint_colors": []}], "annotations": [{"id": 100525, "image_id": 139945, "category_id": 145, "segmentation": [[81.0, 91.7, 75.1, 118.4, 72.9, 120.4, 73.6, 122.6, 60.0, 122.4, 58.9, 115.5, 64.0, 89.4, 79.3, 89.0]], "area": 557, "bbox": [59.0, 89.0, 22.0, 34.0], "iscrowd": false, "isbbox": false, "color": "#98d01c", "metadata": {}}, {"id": 100527, "image_id": 139945, "category_id": 145, "segmentation": [[176.7, 101.1, 174.8, 128.4, 172.2, 134.2, 158.1, 134.8, 156.4, 127.9, 159.5, 101.9, 175.7, 101.0]], "area": 575, "bbox": [156.0, 101.0, 21.0, 34.0], "iscrowd": false, "isbbox": false, "color": "#341acc", "metadata": {}}]}