{"images": [{"id": 139952, "dataset_id": 48, "category_ids": [], "path": "/datasets/201005_PERFUME/20170702_171211_A_1050_   6099721300804_V.jpg", "width": 1024, "height": 290, "file_name": "20170702_171211_A_1050_   6099721300804_V_perfumesample_447.jpg", "annotated": false, "annotating": [], "num_annotations": 0, "metadata": {}, "deleted": false, "milliseconds": 0, "events": [], "regenerate_thumbnail": false}], "categories": [{"id": 145, "name": "perfumesample", "supercategory": "", "color": "#7d29d2", "metadata": {}, "keypoint_colors": []}], "annotations": [{"id": 100547, "image_id": 139952, "category_id": 145, "segmentation": [[394.0, 98.5, 387.4, 96.9, 384.7, 94.5, 384.7, 92.4, 393.2, 88.1, 441.0, 75.8, 446.4, 75.8, 453.1, 79.0, 452.3, 82.5, 444.5, 86.8, 399.6, 98.8]], "area": 732, "bbox": [385.0, 76.0, 68.0, 23.0], "iscrowd": false, "isbbox": false, "color": "#27babd", "metadata": {}}, {"id": 100548, "image_id": 139952, "category_id": 145, "segmentation": [[536.1, 62.8, 527.0, 62.8, 523.3, 57.9, 533.1, 53.0, 585.0, 40.6, 590.6, 41.9, 594.3, 46.5, 593.8, 49.7, 591.4, 51.0, 543.9, 62.8]], "area": 766, "bbox": [524.0, 41.0, 70.0, 22.0], "iscrowd": false, "isbbox": false, "color": "#42e8a5", "metadata": {}}]}