{"images": [{"id": 139867, "dataset_id": 48, "category_ids": [], "path": "/datasets/201005_PERFUME/20170702_081444_G_8477_   PUS0010131237_V.jpg", "width": 1024, "height": 289, "file_name": "20170702_081444_G_8477_   PUS0010131237_V_perfume_347.jpg", "annotated": false, "annotating": [], "num_annotations": 0, "metadata": {}, "deleted": false, "milliseconds": 0, "events": [], "regenerate_thumbnail": false}], "categories": [{"id": 144, "name": "perfume", "supercategory": "", "color": "#167e9d", "metadata": {}, "keypoint_colors": []}], "annotations": [{"id": 100328, "image_id": 139867, "category_id": 144, "segmentation": [[679.3, 49.0, 682.1, 52.9, 676.7, 58.8, 678.6, 71.5, 692.4, 72.3, 708.6, 75.9, 712.7, 78.9, 728.3, 139.9, 727.5, 142.3, 717.5, 146.6, 626.6, 150.5, 620.9, 146.6, 618.5, 142.3, 605.9, 84.3, 607.9, 81.3, 614.9, 77.8, 633.1, 74.1, 631.3, 62.2, 622.0, 57.4, 620.9, 53.3, 622.5, 51.3, 674.3, 47.9]], "area": 9235, "bbox": [606.0, 48.0, 122.0, 103.0], "iscrowd": false, "isbbox": false, "color": "#0832fc", "metadata": {}}]}