{"images": [{"id": 139862, "dataset_id": 48, "category_ids": [], "path": "/datasets/201005_PERFUME/20170701_173519_F_6769_   PUS0010130616_H.jpg", "width": 1024, "height": 253, "file_name": "20170701_173519_F_6769_   PUS0010130616_H_perfume_342.jpg", "annotated": false, "annotating": [], "num_annotations": 0, "metadata": {}, "deleted": false, "milliseconds": 0, "events": [], "regenerate_thumbnail": false}], "categories": [{"id": 144, "name": "perfume", "supercategory": "", "color": "#167e9d", "metadata": {}, "keypoint_colors": []}], "annotations": [{"id": 100319, "image_id": 139862, "category_id": 144, "segmentation": [[51.7, 37.0, 101.6, 36.7, 102.9, 42.3, 109.0, 41.5, 110.9, 43.4, 110.9, 92.1, 108.1, 95.0, 94.9, 95.5, 95.1, 114.8, 62.9, 114.4, 63.1, 95.1, 56.0, 95.0, 50.9, 88.4, 50.4, 37.4]], "area": 4059, "bbox": [50.0, 37.0, 61.0, 78.0], "iscrowd": false, "isbbox": false, "color": "#f0568b", "metadata": {}}]}