{"images": [{"id": 139837, "dataset_id": 48, "category_ids": [], "path": "/datasets/201005_PERFUME/20170701_170723_A_1012_   6099721300173_V.jpg", "width": 1024, "height": 284, "file_name": "20170701_170723_A_1012_   6099721300173_V_perfumesample_304.jpg", "annotated": false, "annotating": [], "num_annotations": 0, "metadata": {}, "deleted": false, "milliseconds": 0, "events": [], "regenerate_thumbnail": false}], "categories": [{"id": 145, "name": "perfumesample", "supercategory": "", "color": "#7d29d2", "metadata": {}, "keypoint_colors": []}], "annotations": [{"id": 100262, "image_id": 139837, "category_id": 145, "segmentation": [[679.1, 50.1, 685.0, 51.7, 685.3, 55.6, 683.0, 57.6, 614.5, 56.9, 610.2, 54.0, 610.2, 51.4, 613.8, 48.5, 673.9, 48.8]], "area": 585, "bbox": [610.0, 49.0, 75.0, 9.0], "iscrowd": false, "isbbox": false, "color": "#f400a6", "metadata": {}}, {"id": 100263, "image_id": 139837, "category_id": 145, "segmentation": [[729.5, 158.6, 727.5, 163.2, 679.1, 163.5, 660.9, 162.5, 658.0, 160.6, 658.0, 157.3, 660.3, 154.7, 667.7, 154.1, 726.2, 154.7]], "area": 604, "bbox": [658.0, 154.0, 72.0, 10.0], "iscrowd": false, "isbbox": false, "color": "#61f6e3", "metadata": {}}]}