{"images": [{"id": 139816, "dataset_id": 48, "category_ids": [], "path": "/datasets/201005_PERFUME/20170701_161557_G_9223_      8131616113_H.jpg", "width": 1024, "height": 293, "file_name": "20170701_161557_G_9223_      8131616113_H_perfume_256.jpg", "annotated": false, "annotating": [], "num_annotations": 0, "metadata": {}, "deleted": false, "milliseconds": 0, "events": [], "regenerate_thumbnail": false}], "categories": [{"id": 144, "name": "perfume", "supercategory": "", "color": "#167e9d", "metadata": {}, "keypoint_colors": []}], "annotations": [{"id": 100211, "image_id": 139816, "category_id": 144, "segmentation": [[93.8, 48.4, 92.4, 104.4, 89.4, 106.1, 44.2, 106.1, 41.2, 104.8, 42.8, 45.9, 90.4, 45.5]], "area": 3062, "bbox": [41.0, 46.0, 53.0, 60.0], "iscrowd": false, "isbbox": false, "color": "#00ece0", "metadata": {}}]}