{"images": [{"id": 139863, "dataset_id": 48, "category_ids": [], "path": "/datasets/201005_PERFUME/20170701_173519_F_6769_   PUS0010130616_V.jpg", "width": 1024, "height": 253, "file_name": "20170701_173519_F_6769_   PUS0010130616_V_perfume_343.jpg", "annotated": false, "annotating": [], "num_annotations": 0, "metadata": {}, "deleted": false, "milliseconds": 0, "events": [], "regenerate_thumbnail": false}], "categories": [{"id": 144, "name": "perfume", "supercategory": "", "color": "#167e9d", "metadata": {}, "keypoint_colors": []}], "annotations": [{"id": 100321, "image_id": 139863, "category_id": 144, "segmentation": [[721.1, 38.1, 706.5, 87.2, 656.6, 88.2, 651.4, 108.9, 612.8, 107.9, 617.4, 85.2, 574.5, 83.1, 568.3, 80.3, 583.1, 30.7, 616.9, 30.0, 717.8, 36.5]], "area": 8339, "bbox": [569.0, 30.0, 152.0, 79.0], "iscrowd": false, "isbbox": false, "color": "#5fb4e6", "metadata": {}}]}