{"images": [{"id": 139771, "dataset_id": 48, "category_ids": [], "path": "/datasets/201005_PERFUME/20170701_100341_A_1955_   6099704563270_H.jpg", "width": 1024, "height": 322, "file_name": "20170701_100341_A_1955_   6099704563270_H_perfume_205.jpg", "annotated": false, "annotating": [], "num_annotations": 0, "metadata": {}, "deleted": false, "milliseconds": 0, "events": [], "regenerate_thumbnail": false}], "categories": [{"id": 144, "name": "perfume", "supercategory": "", "color": "#167e9d", "metadata": {}, "keypoint_colors": []}], "annotations": [{"id": 100160, "image_id": 139771, "category_id": 144, "segmentation": [[105.7, 64.7, 123.2, 65.4, 139.5, 69.6, 156.1, 78.4, 160.0, 82.0, 161.6, 85.9, 160.6, 92.0, 149.9, 102.1, 135.3, 107.9, 116.8, 110.9, 97.3, 110.5, 80.0, 107.3, 63.8, 100.8, 56.6, 94.3, 55.7, 84.2, 57.3, 80.7, 63.5, 75.5, 79.4, 68.3, 99.5, 64.7]], "area": 3794, "bbox": [56.0, 65.0, 106.0, 46.0], "iscrowd": false, "isbbox": false, "color": "#4f5be2", "metadata": {}}, {"id": 100161, "image_id": 139771, "category_id": 144, "segmentation": [[115.1, 116.1, 139.8, 119.0, 159.3, 127.4, 166.1, 136.2, 165.8, 141.4, 156.1, 152.5, 142.1, 158.0, 124.5, 161.2, 100.5, 161.2, 85.9, 159.3, 69.0, 151.8, 64.4, 148.2, 61.2, 140.8, 61.2, 136.2, 64.1, 129.4, 73.9, 123.2, 91.7, 116.7, 110.3, 115.1]], "area": 3764, "bbox": [61.0, 115.0, 105.0, 46.0], "iscrowd": false, "isbbox": false, "color": "#46e96a", "metadata": {}}]}