{"images": [{"id": 139845, "dataset_id": 48, "category_ids": [], "path": "/datasets/201005_PERFUME/20170701_171234_A_1124_   6099721299824_V.jpg", "width": 1024, "height": 269, "file_name": "20170701_171234_A_1124_   6099721299824_V_perfumesample_322.jpg", "annotated": false, "annotating": [], "num_annotations": 0, "metadata": {}, "deleted": false, "milliseconds": 0, "events": [], "regenerate_thumbnail": false}], "categories": [{"id": 145, "name": "perfumesample", "supercategory": "", "color": "#7d29d2", "metadata": {}, "keypoint_colors": []}], "annotations": [{"id": 100280, "image_id": 139845, "category_id": 145, "segmentation": [[759.0, 27.9, 762.2, 30.4, 762.2, 33.1, 757.6, 35.5, 718.6, 34.4, 714.3, 31.4, 714.3, 29.8, 721.0, 26.6, 754.1, 26.0]], "area": 385, "bbox": [714.0, 26.0, 48.0, 10.0], "iscrowd": false, "isbbox": false, "color": "#f9e157", "metadata": {}}, {"id": 100281, "image_id": 139845, "category_id": 145, "segmentation": [[774.1, 81.3, 775.2, 109.7, 758.4, 110.0, 757.6, 80.7, 759.8, 79.1, 759.0, 76.7, 773.0, 76.1, 771.8, 78.8, 774.0, 80.8]], "area": 546, "bbox": [758.0, 76.0, 17.0, 34.0], "iscrowd": false, "isbbox": false, "color": "#54d972", "metadata": {}}]}