{"images": [{"id": 139687, "dataset_id": 48, "category_ids": [], "path": "/datasets/201005_PERFUME/20170701_090205_A_1532_   6099721300161_H.jpg", "width": 1024, "height": 254, "file_name": "20170701_090205_A_1532_   6099721300161_H_perfume_18.jpg", "annotated": false, "annotating": [], "num_annotations": 0, "metadata": {}, "deleted": false, "milliseconds": 0, "events": [], "regenerate_thumbnail": false}], "categories": [{"id": 144, "name": "perfume", "supercategory": "", "color": "#167e9d", "metadata": {}, "keypoint_colors": []}], "annotations": [{"id": 99672, "image_id": 139687, "category_id": 144, "segmentation": [[150.4, 45.2, 147.1, 61.4, 162.8, 62.8, 168.5, 66.8, 159.9, 131.5, 158.0, 134.2, 79.5, 131.5, 78.1, 126.1, 86.2, 63.9, 93.0, 60.1, 108.7, 60.1, 109.5, 43.5, 150.7, 44.6]], "area": 6575, "bbox": [78.0, 44.0, 90.0, 90.0], "iscrowd": false, "isbbox": false, "color": "#5fb6f5", "metadata": {}}]}