{"images": [{"id": 139914, "dataset_id": 48, "category_ids": [], "path": "/datasets/201005_PERFUME/20170702_101810_F_6422_   6076825850935_V.jpg", "width": 1024, "height": 254, "file_name": "20170702_101810_F_6422_   6076825850935_V_perfume_395.jpg", "annotated": false, "annotating": [], "num_annotations": 0, "metadata": {}, "deleted": false, "milliseconds": 0, "events": [], "regenerate_thumbnail": false}], "categories": [{"id": 144, "name": "perfume", "supercategory": "", "color": "#167e9d", "metadata": {}, "keypoint_colors": []}], "annotations": [{"id": 100423, "image_id": 139914, "category_id": 144, "segmentation": [[686.5, 26.4, 758.4, 29.6, 764.4, 33.4, 744.6, 101.5, 719.9, 101.5, 720.8, 119.3, 716.4, 124.2, 707.5, 128.2, 685.0, 130.0, 675.2, 127.6, 669.0, 120.7, 667.2, 114.6, 675.6, 100.4, 661.6, 96.4, 682.8, 28.3]], "area": 7414, "bbox": [662.0, 26.0, 102.0, 104.0], "iscrowd": false, "isbbox": false, "color": "#70a6e3", "metadata": {}}]}