{"images": [{"id": 139878, "dataset_id": 48, "category_ids": [], "path": "/datasets/201005_PERFUME/20170702_083807_F_7449_   6099726115446_H.jpg", "width": 1024, "height": 269, "file_name": "20170702_083807_F_7449_   6099726115446_H_perfume_358.jpg", "annotated": false, "annotating": [], "num_annotations": 0, "metadata": {}, "deleted": false, "milliseconds": 0, "events": [], "regenerate_thumbnail": false}], "categories": [{"id": 144, "name": "perfume", "supercategory": "", "color": "#167e9d", "metadata": {}, "keypoint_colors": []}], "annotations": [{"id": 100342, "image_id": 139878, "category_id": 144, "segmentation": [[73.9, 69.7, 125.1, 66.7, 129.6, 74.7, 131.6, 83.8, 145.4, 116.7, 145.2, 118.7, 142.7, 119.9, 130.7, 121.4, 131.4, 127.2, 145.8, 127.9, 148.9, 132.8, 149.8, 139.2, 85.5, 143.9, 81.3, 132.5, 94.6, 130.3, 92.9, 123.4, 77.9, 123.0, 57.9, 75.6, 61.0, 71.8, 70.3, 70.2]], "area": 4795, "bbox": [58.0, 67.0, 92.0, 77.0], "iscrowd": false, "isbbox": false, "color": "#08bcd3", "metadata": {}}]}