{"images": [{"id": 139835, "dataset_id": 48, "category_ids": [], "path": "/datasets/201005_PERFUME/20170701_170719_A_1011_   6099721300815_V.jpg", "width": 1024, "height": 308, "file_name": "20170701_170719_A_1011_   6099721300815_V_perfume_297.jpg", "annotated": false, "annotating": [], "num_annotations": 0, "metadata": {}, "deleted": false, "milliseconds": 0, "events": [], "regenerate_thumbnail": false}], "categories": [{"id": 144, "name": "perfume", "supercategory": "", "color": "#167e9d", "metadata": {}, "keypoint_colors": []}], "annotations": [{"id": 100255, "image_id": 139835, "category_id": 144, "segmentation": [[774.8, 103.2, 772.1, 112.1, 766.6, 118.4, 762.7, 121.5, 753.4, 123.8, 664.1, 123.4, 657.9, 121.9, 646.5, 114.5, 632.5, 114.1, 625.9, 112.1, 616.5, 106.3, 614.6, 103.2, 615.4, 95.4, 625.5, 88.3, 647.3, 86.0, 655.1, 80.5, 663.7, 77.4, 754.1, 77.0, 768.2, 83.3, 774.3, 93.7]], "area": 6351, "bbox": [615.0, 77.0, 160.0, 47.0], "iscrowd": false, "isbbox": false, "color": "#ba0004", "metadata": {}}]}