{"images": [{"id": 139891, "dataset_id": 48, "category_ids": [], "path": "/datasets/201005_PERFUME/20170702_100232_G_9972_   6076825849388_H.jpg", "width": 1024, "height": 252, "file_name": "20170702_100232_G_9972_   6076825849388_H_perfume_372.jpg", "annotated": false, "annotating": [], "num_annotations": 0, "metadata": {}, "deleted": false, "milliseconds": 0, "events": [], "regenerate_thumbnail": false}], "categories": [{"id": 144, "name": "perfume", "supercategory": "", "color": "#167e9d", "metadata": {}, "keypoint_colors": []}], "annotations": [{"id": 100369, "image_id": 139891, "category_id": 144, "segmentation": [[78.0, 48.6, 111.9, 47.0, 125.7, 55.3, 134.6, 102.3, 129.8, 108.4, 119.4, 112.4, 118.6, 114.3, 121.5, 117.5, 126.3, 117.5, 128.7, 119.1, 129.0, 126.8, 84.1, 127.9, 84.4, 119.9, 93.0, 114.3, 80.9, 112.9, 71.9, 106.3, 69.2, 88.9, 62.2, 61.9, 63.3, 55.3, 74.8, 48.3]], "area": 4513, "bbox": [62.0, 47.0, 72.0, 81.0], "iscrowd": false, "isbbox": false, "color": "#42fe61", "metadata": {}}]}