{"images": [{"id": 139699, "dataset_id": 48, "category_ids": [], "path": "/datasets/201005_PERFUME/20170701_090307_A_1548_   6099721299437_H.jpg", "width": 1024, "height": 252, "file_name": "20170701_090307_A_1548_   6099721299437_H_perfumesample_53.jpg", "annotated": false, "annotating": [], "num_annotations": 0, "metadata": {}, "deleted": false, "milliseconds": 0, "events": [], "regenerate_thumbnail": false}], "categories": [{"id": 145, "name": "perfumesample", "supercategory": "", "color": "#7d29d2", "metadata": {}, "keypoint_colors": []}], "annotations": [{"id": 99849, "image_id": 139699, "category_id": 145, "segmentation": [[167.7, 58.3, 170.4, 62.9, 179.6, 92.6, 163.1, 95.1, 154.4, 59.9, 167.1, 58.3]], "area": 555, "bbox": [155.0, 58.0, 25.0, 37.0], "iscrowd": false, "isbbox": false, "color": "#1b19d6", "metadata": {}}]}