{"images": [{"id": 139965, "dataset_id": 48, "category_ids": [], "path": "/datasets/201005_PERFUME/20170702_171732_A_1176_   6099721301321_H.jpg", "width": 1024, "height": 298, "file_name": "20170702_171732_A_1176_   6099721301321_H_perfume_468.jpg", "annotated": false, "annotating": [], "num_annotations": 0, "metadata": {}, "deleted": false, "milliseconds": 0, "events": [], "regenerate_thumbnail": false}], "categories": [{"id": 144, "name": "perfume", "supercategory": "", "color": "#167e9d", "metadata": {}, "keypoint_colors": []}], "annotations": [{"id": 100582, "image_id": 139965, "category_id": 144, "segmentation": [[100.1, 62.8, 102.6, 88.2, 99.0, 123.1, 96.8, 126.9, 90.0, 128.8, 88.3, 152.1, 56.5, 152.1, 55.2, 149.6, 55.6, 128.9, 51.8, 125.8, 51.0, 120.4, 52.5, 61.3, 55.6, 59.5, 95.9, 59.9]], "area": 4139, "bbox": [51.0, 60.0, 52.0, 92.0], "iscrowd": false, "isbbox": false, "color": "#eb06df", "metadata": {}}]}