{"images": [{"id": 139761, "dataset_id": 48, "category_ids": [], "path": "/datasets/201005_PERFUME/20170701_094549_A_1603_   6099721300192_H.jpg", "width": 1024, "height": 251, "file_name": "20170701_094549_A_1603_   6099721300192_H_perfume_180.jpg", "annotated": false, "annotating": [], "num_annotations": 0, "metadata": {}, "deleted": false, "milliseconds": 0, "events": [], "regenerate_thumbnail": false}], "categories": [{"id": 144, "name": "perfume", "supercategory": "", "color": "#167e9d", "metadata": {}, "keypoint_colors": []}], "annotations": [{"id": 100136, "image_id": 139761, "category_id": 144, "segmentation": [[162.9, 44.0, 166.8, 46.3, 169.0, 101.5, 166.6, 104.2, 153.2, 104.2, 153.2, 127.5, 104.5, 127.9, 103.6, 105.4, 89.6, 104.9, 87.6, 103.3, 83.8, 46.7, 87.1, 44.4, 157.8, 43.8]], "area": 6113, "bbox": [84.0, 44.0, 85.0, 84.0], "iscrowd": false, "isbbox": false, "color": "#e88971", "metadata": {}}]}