{"images": [{"id": 139874, "dataset_id": 48, "category_ids": [], "path": "/datasets/201005_PERFUME/20170702_083018_F_7316_   6099726115507_H.jpg", "width": 1024, "height": 299, "file_name": "20170702_083018_F_7316_   6099726115507_H_perfume_354.jpg", "annotated": false, "annotating": [], "num_annotations": 0, "metadata": {}, "deleted": false, "milliseconds": 0, "events": [], "regenerate_thumbnail": false}], "categories": [{"id": 144, "name": "perfume", "supercategory": "", "color": "#167e9d", "metadata": {}, "keypoint_colors": []}], "annotations": [{"id": 100338, "image_id": 139874, "category_id": 144, "segmentation": [[102.3, 57.2, 103.1, 66.0, 109.2, 70.3, 108.7, 73.2, 102.5, 77.2, 102.8, 96.3, 134.6, 158.1, 134.9, 164.8, 129.5, 172.0, 123.1, 176.0, 71.8, 177.6, 66.5, 175.5, 57.1, 162.2, 70.8, 101.0, 66.2, 76.7, 64.9, 75.1, 60.1, 74.6, 59.3, 71.9, 64.6, 70.0, 63.0, 55.9, 64.9, 52.1, 69.7, 48.9, 78.0, 47.0, 89.2, 47.6, 94.0, 48.9, 98.8, 52.7]], "area": 6446, "bbox": [57.0, 47.0, 78.0, 131.0], "iscrowd": false, "isbbox": false, "color": "#47f93f", "metadata": {}}]}