{"images": [{"id": 139741, "dataset_id": 48, "category_ids": [], "path": "/datasets/201005_PERFUME/20170701_093419_A_1395_   6099721297945_H.jpg", "width": 1024, "height": 271, "file_name": "20170701_093419_A_1395_   6099721297945_H_perfumesample_129.jpg", "annotated": false, "annotating": [], "num_annotations": 0, "metadata": {}, "deleted": false, "milliseconds": 0, "events": [], "regenerate_thumbnail": false}], "categories": [{"id": 145, "name": "perfumesample", "supercategory": "", "color": "#7d29d2", "metadata": {}, "keypoint_colors": []}], "annotations": [{"id": 100060, "image_id": 139741, "category_id": 145, "segmentation": [[148.2, 72.9, 149.0, 102.1, 133.1, 102.4, 133.1, 69.4, 135.2, 69.1, 135.5, 65.6, 145.3, 65.3, 145.8, 69.6]], "area": 547, "bbox": [133.0, 65.0, 16.0, 37.0], "iscrowd": false, "isbbox": false, "color": "#cfed59", "metadata": {}}, {"id": 100063, "image_id": 139741, "category_id": 145, "segmentation": [[152.0, 143.0, 146.1, 144.4, 123.3, 139.8, 120.6, 137.6, 120.9, 134.6, 125.0, 131.7, 127.9, 131.4, 153.7, 138.1]], "area": 253, "bbox": [121.0, 131.0, 33.0, 13.0], "iscrowd": false, "isbbox": false, "color": "#a5df45", "metadata": {}}]}