{"images": [{"id": 139885, "dataset_id": 48, "category_ids": [], "path": "/datasets/201005_PERFUME/20170702_093429_F_6018_   6067510240911_H.jpg", "width": 1024, "height": 282, "file_name": "20170702_093429_F_6018_   6067510240911_H_perfume_365.jpg", "annotated": false, "annotating": [], "num_annotations": 0, "metadata": {}, "deleted": false, "milliseconds": 0, "events": [], "regenerate_thumbnail": false}], "categories": [{"id": 144, "name": "perfume", "supercategory": "", "color": "#167e9d", "metadata": {}, "keypoint_colors": []}], "annotations": [{"id": 100352, "image_id": 139885, "category_id": 144, "segmentation": [[69.8, 63.5, 75.1, 61.7, 108.5, 62.8, 126.5, 69.7, 131.7, 75.1, 131.9, 83.3, 129.4, 87.5, 119.9, 94.0, 106.3, 98.9, 85.8, 101.3, 63.8, 98.9, 52.0, 93.8, 48.4, 90.4, 46.0, 80.6, 47.5, 76.4, 51.3, 72.6, 64.7, 65.1]], "area": 2672, "bbox": [46.0, 62.0, 86.0, 39.0], "iscrowd": false, "isbbox": false, "color": "#8be069", "metadata": {}}, {"id": 100354, "image_id": 139885, "category_id": 144, "segmentation": [[68.4, 109.8, 76.0, 107.3, 91.6, 106.0, 106.5, 107.6, 125.0, 114.7, 129.6, 118.2, 132.1, 122.7, 131.9, 129.6, 124.8, 136.7, 104.9, 144.5, 74.9, 145.8, 66.9, 143.8, 51.5, 136.5, 46.0, 128.0, 46.9, 123.1, 49.7, 118.9, 63.3, 110.7]], "area": 2620, "bbox": [46.0, 106.0, 86.0, 40.0], "iscrowd": false, "isbbox": false, "color": "#12fcfe", "metadata": {}}]}