{"images": [{"id": 139843, "dataset_id": 48, "category_ids": [], "path": "/datasets/201005_PERFUME/20170701_171222_F_6509_    PUS009118240_V.jpg", "width": 1024, "height": 267, "file_name": "20170701_171222_F_6509_    PUS009118240_V_perfume_317.jpg", "annotated": false, "annotating": [], "num_annotations": 0, "metadata": {}, "deleted": false, "milliseconds": 0, "events": [], "regenerate_thumbnail": false}], "categories": [{"id": 144, "name": "perfume", "supercategory": "", "color": "#167e9d", "metadata": {}, "keypoint_colors": []}], "annotations": [{"id": 100275, "image_id": 139843, "category_id": 144, "segmentation": [[736.9, 36.1, 744.0, 82.6, 741.8, 85.2, 713.5, 87.1, 705.1, 89.7, 705.1, 95.6, 722.3, 96.2, 725.2, 97.5, 725.2, 103.7, 647.9, 105.6, 645.3, 103.0, 645.9, 98.8, 665.1, 96.6, 664.8, 88.8, 624.2, 87.1, 619.6, 82.3, 613.1, 40.7, 613.1, 38.1, 615.4, 36.1, 734.9, 32.5]], "area": 7558, "bbox": [613.0, 33.0, 131.0, 73.0], "iscrowd": false, "isbbox": false, "color": "#b02bad", "metadata": {}}]}