{"images": [{"id": 139688, "dataset_id": 48, "category_ids": [], "path": "/datasets/201005_PERFUME/20170701_090205_A_1532_   6099721300161_V.jpg", "width": 1024, "height": 254, "file_name": "20170701_090205_A_1532_   6099721300161_V_perfumesample_22.jpg", "annotated": false, "annotating": [], "num_annotations": 0, "metadata": {}, "deleted": false, "milliseconds": 0, "events": [], "regenerate_thumbnail": false}], "categories": [{"id": 145, "name": "perfumesample", "supercategory": "", "color": "#7d29d2", "metadata": {}, "keypoint_colors": []}], "annotations": [{"id": 99693, "image_id": 139688, "category_id": 145, "segmentation": [[819.8, 57.7, 819.8, 62.9, 809.8, 89.7, 804.6, 90.5, 793.0, 88.3, 802.7, 60.7, 805.2, 59.6, 804.9, 52.8, 821.1, 52.8]], "area": 626, "bbox": [793.0, 53.0, 28.0, 38.0], "iscrowd": false, "isbbox": false, "color": "#3b25cd", "metadata": {}}, {"id": 99696, "image_id": 139688, "category_id": 145, "segmentation": [[654.6, 55.3, 645.7, 88.0, 626.2, 86.9, 633.5, 59.1, 636.8, 56.4, 637.3, 49.6, 656.5, 50.1]], "area": 734, "bbox": [626.0, 50.0, 30.0, 38.0], "iscrowd": false, "isbbox": false, "color": "#1c2599", "metadata": {}}]}