{"images": [{"id": 139762, "dataset_id": 48, "category_ids": [], "path": "/datasets/201005_PERFUME/20170701_094549_A_1603_   6099721300192_V.jpg", "width": 1024, "height": 251, "file_name": "20170701_094549_A_1603_   6099721300192_V_perfume_183.jpg", "annotated": false, "annotating": [], "num_annotations": 0, "metadata": {}, "deleted": false, "milliseconds": 0, "events": [], "regenerate_thumbnail": false}], "categories": [{"id": 144, "name": "perfume", "supercategory": "", "color": "#167e9d", "metadata": {}, "keypoint_colors": []}], "annotations": [{"id": 100139, "image_id": 139762, "category_id": 144, "segmentation": [[764.7, 40.1, 766.4, 40.4, 766.6, 43.1, 761.8, 98.1, 758.8, 100.5, 743.9, 100.5, 743.1, 123.8, 690.3, 122.4, 692.7, 99.4, 674.6, 97.5, 678.6, 39.6, 680.3, 38.5, 759.9, 38.8]], "area": 6538, "bbox": [675.0, 39.0, 92.0, 85.0], "iscrowd": false, "isbbox": false, "color": "#07c11f", "metadata": {}}]}