{"images": [{"id": 139767, "dataset_id": 48, "category_ids": [], "path": "/datasets/201005_PERFUME/20170701_100140_A_1937_   6099704563268_H.jpg", "width": 1024, "height": 340, "file_name": "20170701_100140_A_1937_   6099704563268_H_perfume_197.jpg", "annotated": false, "annotating": [], "num_annotations": 0, "metadata": {}, "deleted": false, "milliseconds": 0, "events": [], "regenerate_thumbnail": false}], "categories": [{"id": 144, "name": "perfume", "supercategory": "", "color": "#167e9d", "metadata": {}, "keypoint_colors": []}], "annotations": [{"id": 100152, "image_id": 139767, "category_id": 144, "segmentation": [[95.4, 98.6, 124.3, 101.2, 142.2, 109.0, 148.4, 118.7, 148.4, 125.9, 146.4, 131.1, 137.6, 139.2, 122.1, 145.0, 103.9, 148.3, 81.4, 147.6, 63.2, 143.4, 51.9, 136.0, 48.0, 129.8, 48.3, 123.3, 55.8, 112.2, 74.3, 102.5, 95.7, 98.3]], "area": 3884, "bbox": [48.0, 98.0, 100.0, 50.0], "iscrowd": false, "isbbox": false, "color": "#4be493", "metadata": {}}, {"id": 100153, "image_id": 139767, "category_id": 144, "segmentation": [[103.5, 149.3, 114.9, 150.2, 124.3, 153.5, 136.0, 159.0, 145.1, 166.8, 148.0, 173.0, 148.0, 176.9, 144.5, 184.7, 134.7, 191.8, 122.4, 195.7, 103.5, 198.7, 81.8, 197.4, 67.1, 193.1, 55.8, 187.0, 50.9, 182.1, 49.3, 177.9, 49.6, 170.4, 55.8, 160.6, 68.1, 153.5, 83.7, 150.2, 101.3, 149.3]], "area": 3820, "bbox": [49.0, 149.0, 99.0, 50.0], "iscrowd": false, "isbbox": false, "color": "#0914cb", "metadata": {}}]}