{"images": [{"id": 139811, "dataset_id": 48, "category_ids": [], "path": "/datasets/201005_PERFUME/20170701_133632_A_1477_   6095010946478_V.jpg", "width": 1024, "height": 252, "file_name": "20170701_133632_A_1477_   6095010946478_V_perfume_255.jpg", "annotated": false, "annotating": [], "num_annotations": 0, "metadata": {}, "deleted": false, "milliseconds": 0, "events": [], "regenerate_thumbnail": false}], "categories": [{"id": 144, "name": "perfume", "supercategory": "", "color": "#167e9d", "metadata": {}, "keypoint_colors": []}], "annotations": [{"id": 101261, "image_id": 139811, "category_id": 144, "segmentation": [[578.7, 69.0, 581.1, 60.5, 587.2, 53.0, 595.7, 48.8, 601.3, 47.8, 637.6, 45.5, 658.8, 41.7, 698.8, 42.2, 715.8, 45.5, 723.8, 51.1, 724.2, 60.1, 721.9, 70.9, 706.3, 80.3, 683.7, 84.1, 624.4, 87.8, 606.0, 86.0, 587.7, 78.4, 579.7, 71.8]], "area": 5400, "bbox": [579.0, 42.0, 145.0, 46.0], "iscrowd": false, "isbbox": false, "color": "#840cbf", "metadata": {}}]}