{"images": [{"id": 139904, "dataset_id": 48, "category_ids": [], "path": "/datasets/201005_PERFUME/20170702_101603_F_6378_   6076825850925_V.jpg", "width": 1024, "height": 255, "file_name": "20170702_101603_F_6378_   6076825850925_V_perfume_385.jpg", "annotated": false, "annotating": [], "num_annotations": 0, "metadata": {}, "deleted": false, "milliseconds": 0, "events": [], "regenerate_thumbnail": false}], "categories": [{"id": 144, "name": "perfume", "supercategory": "", "color": "#167e9d", "metadata": {}, "keypoint_colors": []}], "annotations": [{"id": 100399, "image_id": 139904, "category_id": 144, "segmentation": [[574.8, 27.3, 671.2, 31.5, 672.3, 36.7, 661.9, 81.2, 668.1, 81.6, 663.8, 102.2, 660.1, 103.3, 545.4, 97.9, 544.5, 95.8, 551.0, 77.3, 558.4, 78.1, 569.9, 28.9]], "area": 7749, "bbox": [545.0, 27.0, 127.0, 76.0], "iscrowd": false, "isbbox": false, "color": "#6aa2f2", "metadata": {}}]}