{"images": [{"id": 139685, "dataset_id": 48, "category_ids": [], "path": "/datasets/201005_PERFUME/20170701_090148_A_1529_   6099721300189_H.jpg", "width": 1024, "height": 243, "file_name": "20170701_090148_A_1529_   6099721300189_H_perfume_12.jpg", "annotated": false, "annotating": [], "num_annotations": 0, "metadata": {}, "deleted": false, "milliseconds": 0, "events": [], "regenerate_thumbnail": false}], "categories": [{"id": 144, "name": "perfume", "supercategory": "", "color": "#167e9d", "metadata": {}, "keypoint_colors": []}], "annotations": [{"id": 99681, "image_id": 139685, "category_id": 144, "segmentation": [[90.7, 60.2, 92.6, 64.8, 95.8, 96.2, 90.4, 120.6, 84.5, 126.6, 76.9, 130.1, 69.8, 130.6, 57.9, 128.7, 50.3, 124.1, 47.4, 119.5, 45.7, 112.2, 43.0, 94.1, 47.1, 72.4, 50.9, 67.3, 51.7, 62.1, 57.4, 57.2, 64.2, 55.9, 86.9, 57.2]], "area": 3278, "bbox": [43.0, 56.0, 53.0, 75.0], "iscrowd": false, "isbbox": false, "color": "#abca25", "metadata": {}}]}