{"images": [{"id": 139846, "dataset_id": 48, "category_ids": [], "path": "/datasets/201005_PERFUME/20170701_171259_A_1136_   6099721300784_H.jpg", "width": 1024, "height": 302, "file_name": "20170701_171259_A_1136_   6099721300784_H_perfumesample_325.jpg", "annotated": false, "annotating": [], "num_annotations": 0, "metadata": {}, "deleted": false, "milliseconds": 0, "events": [], "regenerate_thumbnail": false}], "categories": [{"id": 145, "name": "perfumesample", "supercategory": "", "color": "#7d29d2", "metadata": {}, "keypoint_colors": []}], "annotations": [{"id": 101295, "image_id": 139846, "category_id": 145, "segmentation": [[59.1, 51.6, 51.9, 48.0, 51.5, 43.4, 53.5, 41.8, 82.0, 38.8, 87.2, 42.4, 86.9, 46.4, 84.6, 48.0, 62.3, 51.6]], "area": 328, "bbox": [52.0, 39.0, 35.0, 13.0], "iscrowd": false, "isbbox": false, "color": "#db9046", "metadata": {}}]}