{"images": [{"id": 139708, "dataset_id": 48, "category_ids": [], "path": "/datasets/201005_PERFUME/20170701_090356_A_1568_   6099721300151_V.jpg", "width": 1024, "height": 252, "file_name": "20170701_090356_A_1568_   6099721300151_V_perfume_77.jpg", "annotated": false, "annotating": [], "num_annotations": 0, "metadata": {}, "deleted": false, "milliseconds": 0, "events": [], "regenerate_thumbnail": false}], "categories": [{"id": 144, "name": "perfume", "supercategory": "", "color": "#167e9d", "metadata": {}, "keypoint_colors": []}], "annotations": [{"id": 99917, "image_id": 139708, "category_id": 144, "segmentation": [[767.6, 56.1, 782.0, 57.0, 785.2, 59.4, 784.4, 78.9, 779.8, 103.3, 777.9, 106.0, 725.4, 107.0, 643.4, 103.8, 641.5, 101.6, 648.5, 59.7, 653.1, 54.5, 766.0, 55.6]], "area": 6963, "bbox": [642.0, 55.0, 143.0, 52.0], "iscrowd": false, "isbbox": false, "color": "#da220d", "metadata": {}}]}