{"images": [{"id": 139899, "dataset_id": 48, "category_ids": [], "path": "/datasets/201005_PERFUME/20170702_100716_G_8109_   6076825851252_H.jpg", "width": 1024, "height": 253, "file_name": "20170702_100716_G_8109_   6076825851252_H_perfume_380.jpg", "annotated": false, "annotating": [], "num_annotations": 0, "metadata": {}, "deleted": false, "milliseconds": 0, "events": [], "regenerate_thumbnail": false}], "categories": [{"id": 144, "name": "perfume", "supercategory": "", "color": "#167e9d", "metadata": {}, "keypoint_colors": []}], "annotations": [{"id": 100391, "image_id": 139899, "category_id": 144, "segmentation": [[68.6, 46.3, 144.7, 43.7, 146.5, 44.6, 148.7, 55.5, 163.6, 62.9, 170.1, 68.2, 171.2, 71.8, 170.3, 78.9, 165.2, 84.5, 156.0, 89.2, 157.6, 99.4, 156.0, 100.9, 78.4, 103.4, 74.7, 100.0, 65.7, 48.4]], "area": 5118, "bbox": [66.0, 44.0, 105.0, 59.0], "iscrowd": false, "isbbox": false, "color": "#e174c5", "metadata": {}}]}