{"images": [{"id": 139759, "dataset_id": 48, "category_ids": [], "path": "/datasets/201005_PERFUME/20170701_094137_A_1555_   6099721300170_H.jpg", "width": 1024, "height": 298, "file_name": "20170701_094137_A_1555_   6099721300170_H_perfumesample_176.jpg", "annotated": false, "annotating": [], "num_annotations": 0, "metadata": {}, "deleted": false, "milliseconds": 0, "events": [], "regenerate_thumbnail": false}], "categories": [{"id": 145, "name": "perfumesample", "supercategory": "", "color": "#7d29d2", "metadata": {}, "keypoint_colors": []}], "annotations": [{"id": 100128, "image_id": 139759, "category_id": 145, "segmentation": [[60.5, 61.5, 60.5, 95.1, 42.4, 95.1, 42.9, 61.2, 58.6, 61.2]], "area": 617, "bbox": [42.0, 61.0, 19.0, 34.0], "iscrowd": false, "isbbox": false, "color": "#f6be38", "metadata": {}}, {"id": 100129, "image_id": 139759, "category_id": 145, "segmentation": [[114.4, 127.3, 114.6, 152.8, 113.3, 157.9, 97.6, 158.2, 96.2, 125.7, 112.2, 125.1]], "area": 570, "bbox": [96.0, 125.0, 19.0, 33.0], "iscrowd": false, "isbbox": false, "color": "#cc2dcf", "metadata": {}}]}