{"images": [{"id": 139696, "dataset_id": 48, "category_ids": [], "path": "/datasets/201005_PERFUME/20170701_090304_A_1546_   6099721299514_V.jpg", "width": 1024, "height": 256, "file_name": "20170701_090304_A_1546_   6099721299514_V_perfume_43.jpg", "annotated": false, "annotating": [], "num_annotations": 0, "metadata": {}, "deleted": false, "milliseconds": 0, "events": [], "regenerate_thumbnail": false}], "categories": [{"id": 144, "name": "perfume", "supercategory": "", "color": "#167e9d", "metadata": {}, "keypoint_colors": []}], "annotations": [{"id": 99827, "image_id": 139696, "category_id": 144, "segmentation": [[671.2, 40.0, 684.5, 68.3, 714.4, 65.7, 720.6, 68.3, 727.4, 74.8, 727.7, 88.1, 719.3, 107.0, 714.1, 109.9, 671.5, 114.1, 660.5, 113.4, 637.7, 102.7, 616.0, 87.8, 616.0, 81.3, 618.6, 78.0, 626.0, 75.1, 639.0, 74.5, 645.5, 72.5, 643.6, 71.9, 631.9, 47.2, 635.8, 42.9, 670.5, 40.0]], "area": 5256, "bbox": [616.0, 40.0, 112.0, 74.0], "iscrowd": false, "isbbox": false, "color": "#ef3667", "metadata": {}}]}