{"images": [{"id": 139706, "dataset_id": 48, "category_ids": [], "path": "/datasets/201005_PERFUME/20170701_090351_A_1565_   6099721300197_V.jpg", "width": 1024, "height": 250, "file_name": "20170701_090351_A_1565_   6099721300197_V_perfume_72.jpg", "annotated": false, "annotating": [], "num_annotations": 0, "metadata": {}, "deleted": false, "milliseconds": 0, "events": [], "regenerate_thumbnail": false}], "categories": [{"id": 144, "name": "perfume", "supercategory": "", "color": "#167e9d", "metadata": {}, "keypoint_colors": []}], "annotations": [{"id": 99901, "image_id": 139706, "category_id": 144, "segmentation": [[705.8, 31.0, 702.6, 120.6, 698.2, 122.0, 630.8, 120.4, 629.7, 118.2, 633.0, 31.0, 647.3, 30.2, 686.6, 31.8, 704.7, 30.5]], "area": 6574, "bbox": [630.0, 30.0, 76.0, 92.0], "iscrowd": false, "isbbox": false, "color": "#a680e0", "metadata": {}}]}