{"images": [{"id": 139893, "dataset_id": 48, "category_ids": [], "path": "/datasets/201005_PERFUME/20170702_100309_G_9991_   6076825849396_H.jpg", "width": 1024, "height": 265, "file_name": "20170702_100309_G_9991_   6076825849396_H_perfume_374.jpg", "annotated": false, "annotating": [], "num_annotations": 0, "metadata": {}, "deleted": false, "milliseconds": 0, "events": [], "regenerate_thumbnail": false}], "categories": [{"id": 144, "name": "perfume", "supercategory": "", "color": "#167e9d", "metadata": {}, "keypoint_colors": []}], "annotations": [{"id": 100376, "image_id": 139893, "category_id": 144, "segmentation": [[47.0, 33.1, 57.7, 29.9, 68.6, 28.9, 98.5, 30.7, 100.9, 33.1, 99.9, 38.2, 100.9, 81.5, 109.2, 145.0, 106.3, 150.1, 89.7, 155.7, 70.5, 157.1, 50.7, 153.3, 47.3, 149.8, 45.4, 51.6, 43.0, 36.6]], "area": 7131, "bbox": [43.0, 29.0, 66.0, 128.0], "iscrowd": false, "isbbox": false, "color": "#419c1c", "metadata": {}}]}