{"images": [{"id": 139836, "dataset_id": 48, "category_ids": [], "path": "/datasets/201005_PERFUME/20170701_170723_A_1012_   6099721300173_H.jpg", "width": 1024, "height": 284, "file_name": "20170701_170723_A_1012_   6099721300173_H_perfumesample_301.jpg", "annotated": false, "annotating": [], "num_annotations": 0, "metadata": {}, "deleted": false, "milliseconds": 0, "events": [], "regenerate_thumbnail": false}], "categories": [{"id": 145, "name": "perfumesample", "supercategory": "", "color": "#7d29d2", "metadata": {}, "keypoint_colors": []}], "annotations": [{"id": 100259, "image_id": 139836, "category_id": 145, "segmentation": [[137.1, 54.8, 142.8, 57.5, 142.0, 61.0, 138.2, 62.7, 126.5, 62.7, 122.2, 60.0, 123.6, 54.8, 132.0, 53.2]], "area": 156, "bbox": [122.0, 53.0, 21.0, 10.0], "iscrowd": false, "isbbox": false, "color": "#f28132", "metadata": {}}, {"id": 100260, "image_id": 139836, "category_id": 145, "segmentation": [[161.7, 167.7, 152.5, 167.2, 148.5, 164.7, 147.7, 162.3, 150.4, 160.4, 160.1, 159.0, 166.6, 162.0, 165.8, 165.5, 163.6, 166.4]], "area": 119, "bbox": [148.0, 159.0, 18.0, 9.0], "iscrowd": false, "isbbox": false, "color": "#fc085b", "metadata": {}}]}