{"images": [{"id": 139790, "dataset_id": 48, "category_ids": [], "path": "/datasets/201005_PERFUME/20170701_101155_A_1174_   6099711082751_V.jpg", "width": 1024, "height": 273, "file_name": "20170701_101155_A_1174_   6099711082751_V_perfume_239.jpg", "annotated": false, "annotating": [], "num_annotations": 0, "metadata": {}, "deleted": false, "milliseconds": 0, "events": [], "regenerate_thumbnail": false}], "categories": [{"id": 144, "name": "perfume", "supercategory": "", "color": "#167e9d", "metadata": {}, "keypoint_colors": []}], "annotations": [{"id": 100195, "image_id": 139790, "category_id": 144, "segmentation": [[742.9, 52.4, 745.2, 53.8, 745.2, 59.5, 726.5, 103.0, 709.6, 127.8, 703.1, 128.7, 675.0, 126.4, 674.1, 129.2, 678.3, 130.1, 672.2, 143.7, 632.0, 139.5, 632.0, 137.1, 640.4, 124.5, 616.5, 120.7, 613.3, 118.9, 621.7, 91.3, 645.1, 45.9, 653.5, 44.5, 737.2, 52.0]], "area": 8870, "bbox": [614.0, 45.0, 131.0, 99.0], "iscrowd": false, "isbbox": false, "color": "#311cd5", "metadata": {}}]}