{"images": [{"id": 139935, "dataset_id": 48, "category_ids": [], "path": "/datasets/201005_PERFUME/20170702_150448_E_4104_   6076183529584_H.jpg", "width": 1024, "height": 291, "file_name": "20170702_150448_E_4104_   6076183529584_H_perfume_414.jpg", "annotated": false, "annotating": [], "num_annotations": 0, "metadata": {}, "deleted": false, "milliseconds": 0, "events": [], "regenerate_thumbnail": false}], "categories": [{"id": 144, "name": "perfume", "supercategory": "", "color": "#167e9d", "metadata": {}, "keypoint_colors": []}], "annotations": [{"id": 100469, "image_id": 139935, "category_id": 144, "segmentation": [[86.1, 96.0, 97.2, 98.6, 97.9, 107.3, 97.1, 109.4, 91.4, 109.6, 92.4, 112.2, 104.7, 112.0, 104.2, 156.3, 100.8, 158.2, 55.8, 157.8, 52.2, 153.9, 52.7, 112.0, 68.4, 111.4, 68.2, 108.8, 60.8, 108.0, 60.8, 105.5, 63.5, 105.0, 63.4, 98.6, 72.9, 96.0, 84.7, 96.0]], "area": 2880, "bbox": [52.0, 96.0, 53.0, 62.0], "iscrowd": false, "isbbox": false, "color": "#2e39e1", "metadata": {}}, {"id": 100470, "image_id": 139935, "category_id": 144, "segmentation": [[113.4, 37.3, 126.2, 37.1, 127.5, 47.2, 132.2, 46.8, 133.1, 43.1, 147.9, 43.8, 152.2, 52.7, 150.3, 62.3, 144.8, 65.3, 132.9, 66.0, 132.4, 62.1, 126.9, 62.1, 126.6, 71.6, 59.5, 72.0, 54.1, 68.1, 53.0, 39.9, 54.1, 39.2, 111.0, 37.7]], "area": 2941, "bbox": [53.0, 37.0, 99.0, 35.0], "iscrowd": false, "isbbox": false, "color": "#51d908", "metadata": {}}]}