{"images": [{"id": 139758, "dataset_id": 48, "category_ids": [], "path": "/datasets/201005_PERFUME/20170701_094120_A_1550_   6099721299526_V.jpg", "width": 1024, "height": 298, "file_name": "20170701_094120_A_1550_   6099721299526_V_perfumesample_172.jpg", "annotated": false, "annotating": [], "num_annotations": 0, "metadata": {}, "deleted": false, "milliseconds": 0, "events": [], "regenerate_thumbnail": false}], "categories": [{"id": 145, "name": "perfumesample", "supercategory": "", "color": "#7d29d2", "metadata": {}, "keypoint_colors": []}], "annotations": [{"id": 100125, "image_id": 139758, "category_id": 145, "segmentation": [[569.4, 51.7, 571.9, 52.5, 570.4, 87.9, 550.5, 87.5, 553.2, 51.3]], "area": 702, "bbox": [551.0, 51.0, 21.0, 37.0], "iscrowd": false, "isbbox": false, "color": "#3370f8", "metadata": {}}, {"id": 100126, "image_id": 139758, "category_id": 145, "segmentation": [[570.4, 116.4, 571.5, 152.3, 552.0, 152.7, 550.9, 116.8, 567.2, 116.0]], "area": 712, "bbox": [551.0, 116.0, 21.0, 37.0], "iscrowd": false, "isbbox": false, "color": "#44a719", "metadata": {}}]}