{"images": [{"id": 139751, "dataset_id": 48, "category_ids": [], "path": "/datasets/201005_PERFUME/20170701_093727_A_1467_   6099721300174_H.jpg", "width": 1024, "height": 298, "file_name": "20170701_093727_A_1467_   6099721300174_H_perfume_155.jpg", "annotated": false, "annotating": [], "num_annotations": 0, "metadata": {}, "deleted": false, "milliseconds": 0, "events": [], "regenerate_thumbnail": false}], "categories": [{"id": 144, "name": "perfume", "supercategory": "", "color": "#167e9d", "metadata": {}, "keypoint_colors": []}], "annotations": [{"id": 100108, "image_id": 139751, "category_id": 144, "segmentation": [[100.2, 62.2, 99.6, 69.5, 102.3, 71.1, 105.3, 77.4, 107.2, 89.3, 106.7, 103.6, 103.4, 115.3, 100.4, 119.1, 100.2, 125.0, 94.2, 125.8, 101.3, 133.1, 102.6, 143.2, 105.0, 147.8, 99.6, 147.2, 96.9, 150.5, 89.9, 153.7, 75.5, 152.6, 67.4, 148.0, 60.1, 147.8, 64.4, 125.6, 60.9, 123.9, 61.2, 119.6, 55.5, 112.0, 52.3, 87.1, 54.7, 74.4, 59.3, 70.1, 58.2, 61.9, 61.2, 59.2, 96.1, 59.2]], "area": 4172, "bbox": [52.0, 59.0, 55.0, 95.0], "iscrowd": false, "isbbox": false, "color": "#6e95ee", "metadata": {}}]}