{"images": [{"id": 139792, "dataset_id": 48, "category_ids": [], "path": "/datasets/201005_PERFUME/20170701_110551_G_8263_   6076820266646_H.jpg", "width": 1024, "height": 277, "file_name": "20170701_110551_G_8263_   6076820266646_H_perfume_240.jpg", "annotated": false, "annotating": [], "num_annotations": 0, "metadata": {}, "deleted": false, "milliseconds": 0, "events": [], "regenerate_thumbnail": false}], "categories": [{"id": 144, "name": "perfume", "supercategory": "", "color": "#167e9d", "metadata": {}, "keypoint_colors": []}], "annotations": [{"id": 100196, "image_id": 139792, "category_id": 144, "segmentation": [[210.5, 73.5, 218.6, 75.4, 223.7, 80.8, 222.9, 87.3, 214.5, 93.0, 215.1, 100.9, 213.7, 101.7, 144.1, 109.0, 88.9, 109.3, 82.7, 80.0, 83.2, 78.4, 96.2, 76.5, 163.1, 69.2, 207.5, 69.5]], "area": 4638, "bbox": [83.0, 69.0, 141.0, 40.0], "iscrowd": false, "isbbox": false, "color": "#9757ec", "metadata": {}}]}