{"images": [{"id": 139969, "dataset_id": 48, "category_ids": [], "path": "/datasets/201005_PERFUME/20170702_171803_A_1191_   6099721301376_H.jpg", "width": 1024, "height": 234, "file_name": "20170702_171803_A_1191_   6099721301376_H_perfumesample_483.jpg", "annotated": false, "annotating": [], "num_annotations": 0, "metadata": {}, "deleted": false, "milliseconds": 0, "events": [], "regenerate_thumbnail": false}], "categories": [{"id": 145, "name": "perfumesample", "supercategory": "", "color": "#7d29d2", "metadata": {}, "keypoint_colors": []}], "annotations": [{"id": 100606, "image_id": 139969, "category_id": 145, "segmentation": [[154.4, 42.2, 154.1, 69.9, 151.4, 74.3, 138.6, 74.3, 136.7, 43.2, 139.7, 41.3, 152.7, 40.9]], "area": 533, "bbox": [137.0, 41.0, 17.0, 33.0], "iscrowd": false, "isbbox": false, "color": "#532dd4", "metadata": {}}, {"id": 100607, "image_id": 139969, "category_id": 145, "segmentation": [[168.6, 105.3, 171.8, 112.7, 169.0, 117.7, 161.9, 119.0, 154.4, 115.4, 149.5, 103.8, 155.1, 101.2, 164.7, 101.8]], "area": 279, "bbox": [150.0, 101.0, 22.0, 18.0], "iscrowd": false, "isbbox": false, "color": "#f3e81e", "metadata": {}}]}