{"images": [{"id": 139818, "dataset_id": 48, "category_ids": [], "path": "/datasets/201005_PERFUME/20170701_161710_G_9248_      8131616054_H.jpg", "width": 1024, "height": 353, "file_name": "20170701_161710_G_9248_      8131616054_H_perfume_258.jpg", "annotated": false, "annotating": [], "num_annotations": 0, "metadata": {}, "deleted": false, "milliseconds": 0, "events": [], "regenerate_thumbnail": false}], "categories": [{"id": 144, "name": "perfume", "supercategory": "", "color": "#167e9d", "metadata": {}, "keypoint_colors": []}], "annotations": [{"id": 100213, "image_id": 139818, "category_id": 144, "segmentation": [[141.4, 61.4, 143.7, 67.3, 142.7, 86.8, 138.8, 106.2, 136.5, 109.8, 136.8, 113.7, 134.6, 117.3, 128.7, 141.0, 126.1, 161.2, 128.4, 178.4, 145.6, 208.3, 126.8, 207.6, 95.6, 202.7, 98.8, 174.5, 94.3, 151.4, 80.6, 126.4, 70.2, 113.1, 72.2, 108.2, 60.2, 92.3, 50.7, 74.1, 47.2, 63.0, 48.1, 61.4, 135.9, 60.4]], "area": 8081, "bbox": [47.0, 60.0, 98.0, 148.0], "iscrowd": false, "isbbox": false, "color": "#0db761", "metadata": {}}]}