{"images": [{"id": 139690, "dataset_id": 48, "category_ids": [], "path": "/datasets/201005_PERFUME/20170701_090207_A_1533_   6099721300190_V.jpg", "width": 1024, "height": 249, "file_name": "20170701_090207_A_1533_   6099721300190_V_perfumesample_28.jpg", "annotated": false, "annotating": [], "num_annotations": 0, "metadata": {}, "deleted": false, "milliseconds": 0, "events": [], "regenerate_thumbnail": false}], "categories": [{"id": 145, "name": "perfumesample", "supercategory": "", "color": "#7d29d2", "metadata": {}, "keypoint_colors": []}], "annotations": [{"id": 99719, "image_id": 139690, "category_id": 145, "segmentation": [[643.7, 41.0, 644.8, 41.8, 644.2, 47.2, 638.3, 77.6, 618.8, 76.5, 625.5, 39.7, 644.0, 41.0]], "area": 727, "bbox": [619.0, 40.0, 26.0, 38.0], "iscrowd": false, "isbbox": false, "color": "#6199e3", "metadata": {}}, {"id": 99720, "image_id": 139690, "category_id": 145, "segmentation": [[736.3, 123.3, 734.9, 126.8, 732.2, 127.9, 655.1, 127.6, 655.9, 119.0, 732.8, 119.5]], "area": 700, "bbox": [655.0, 119.0, 81.0, 9.0], "iscrowd": false, "isbbox": false, "color": "#fa139b", "metadata": {}}]}