{"images": [{"id": 139930, "dataset_id": 48, "category_ids": [], "path": "/datasets/201005_PERFUME/20170702_132709_G_9465_    PUS009129448_V.jpg", "width": 1024, "height": 323, "file_name": "20170702_132709_G_9465_    PUS009129448_V_perfume_409.jpg", "annotated": false, "annotating": [], "num_annotations": 0, "metadata": {}, "deleted": false, "milliseconds": 0, "events": [], "regenerate_thumbnail": false}], "categories": [{"id": 144, "name": "perfume", "supercategory": "", "color": "#167e9d", "metadata": {}, "keypoint_colors": []}], "annotations": [{"id": 100456, "image_id": 139930, "category_id": 144, "segmentation": [[641.6, 71.2, 630.9, 110.0, 632.9, 114.4, 628.2, 116.7, 619.1, 125.6, 596.6, 134.2, 595.5, 139.8, 598.8, 146.7, 595.2, 151.6, 584.8, 156.3, 567.2, 156.1, 554.1, 150.1, 553.0, 143.6, 559.4, 138.9, 560.1, 131.6, 544.7, 125.1, 537.6, 117.1, 536.5, 112.9, 533.4, 111.1, 533.4, 109.5, 537.8, 106.4, 547.4, 65.3, 549.2, 64.2, 639.3, 67.3]], "area": 6852, "bbox": [533.0, 64.0, 108.0, 92.0], "iscrowd": false, "isbbox": false, "color": "#9d2bcb", "metadata": {}}]}