{"images": [{"id": 139859, "dataset_id": 48, "category_ids": [], "path": "/datasets/201005_PERFUME/20170701_172808_G_8090_    PUS009118189_V.jpg", "width": 1024, "height": 263, "file_name": "20170701_172808_G_8090_    PUS009118189_V_perfume_339.jpg", "annotated": false, "annotating": [], "num_annotations": 0, "metadata": {}, "deleted": false, "milliseconds": 0, "events": [], "regenerate_thumbnail": false}], "categories": [{"id": 144, "name": "perfume", "supercategory": "", "color": "#167e9d", "metadata": {}, "keypoint_colors": []}], "annotations": [{"id": 100315, "image_id": 139859, "category_id": 144, "segmentation": [[720.6, 56.8, 717.6, 77.4, 714.8, 78.7, 707.2, 77.9, 707.6, 80.0, 716.9, 86.1, 718.3, 90.4, 702.8, 132.1, 690.3, 134.3, 626.4, 130.8, 623.4, 128.8, 622.9, 122.1, 639.2, 84.2, 641.0, 82.2, 658.1, 75.5, 657.5, 74.0, 651.6, 74.6, 650.5, 73.3, 657.1, 54.9, 715.6, 56.0]], "area": 5828, "bbox": [623.0, 55.0, 97.0, 79.0], "iscrowd": false, "isbbox": false, "color": "#d68506", "metadata": {}}]}