{"images": [{"id": 139724, "dataset_id": 48, "category_ids": [], "path": "/datasets/201005_PERFUME/20170701_092122_A_1989_   6099730562915_V.jpg", "width": 1024, "height": 316, "file_name": "20170701_092122_A_1989_   6099730562915_V_perfume_115.jpg", "annotated": false, "annotating": [], "num_annotations": 0, "metadata": {}, "deleted": false, "milliseconds": 0, "events": [], "regenerate_thumbnail": false}], "categories": [{"id": 144, "name": "perfume", "supercategory": "", "color": "#167e9d", "metadata": {}, "keypoint_colors": []}], "annotations": [{"id": 99964, "image_id": 139724, "category_id": 144, "segmentation": [[631.8, 45.4, 635.6, 45.4, 659.4, 54.9, 675.7, 64.1, 670.8, 72.7, 671.9, 81.7, 647.2, 93.1, 633.7, 94.9, 647.5, 95.8, 652.1, 93.1, 656.7, 94.1, 656.7, 96.0, 652.9, 99.3, 634.2, 99.8, 635.9, 116.6, 599.0, 116.9, 597.4, 97.4, 576.0, 94.9, 572.0, 90.9, 555.4, 86.6, 553.0, 84.9, 550.0, 76.8, 545.2, 70.3, 551.4, 63.8, 551.7, 56.0, 577.1, 46.8, 626.7, 45.1]], "area": 6160, "bbox": [545.0, 45.0, 131.0, 72.0], "iscrowd": false, "isbbox": false, "color": "#1b81e7", "metadata": {}}]}