{"images": [{"id": 139690, "dataset_id": 48, "category_ids": [], "path": "/datasets/201005_PERFUME/20170701_090207_A_1533_   6099721300190_V.jpg", "width": 1024, "height": 249, "file_name": "20170701_090207_A_1533_   6099721300190_V_perfume_26.jpg", "annotated": false, "annotating": [], "num_annotations": 0, "metadata": {}, "deleted": false, "milliseconds": 0, "events": [], "regenerate_thumbnail": false}], "categories": [{"id": 144, "name": "perfume", "supercategory": "", "color": "#167e9d", "metadata": {}, "keypoint_colors": []}], "annotations": [{"id": 101076, "image_id": 139690, "category_id": 144, "segmentation": [[682.4, 66.9, 713.5, 65.0, 716.4, 46.3, 781.1, 48.3, 777.9, 68.3, 803.4, 68.9, 798.2, 114.7, 674.2, 113.4, 681.1, 67.9]], "area": 7068, "bbox": [674.0, 46.0, 129.0, 69.0], "iscrowd": false, "isbbox": false, "color": "#ea1b46", "metadata": {}}]}