{"images": [{"id": 139973, "dataset_id": 48, "category_ids": [], "path": "/datasets/201005_PERFUME/20170702_171808_A_1194_   6099721301680_H.jpg", "width": 1024, "height": 257, "file_name": "20170702_171808_A_1194_   6099721301680_H_perfumesample_496.jpg", "annotated": false, "annotating": [], "num_annotations": 0, "metadata": {}, "deleted": false, "milliseconds": 0, "events": [], "regenerate_thumbnail": false}], "categories": [{"id": 145, "name": "perfumesample", "supercategory": "", "color": "#7d29d2", "metadata": {}, "keypoint_colors": []}], "annotations": [{"id": 100626, "image_id": 139973, "category_id": 145, "segmentation": [[166.2, 82.1, 175.1, 110.1, 172.9, 112.0, 158.2, 113.6, 156.4, 112.6, 148.1, 85.3, 148.1, 79.7, 163.6, 77.8]], "area": 645, "bbox": [148.0, 78.0, 27.0, 36.0], "iscrowd": false, "isbbox": false, "color": "#df7586", "metadata": {}}, {"id": 100627, "image_id": 139973, "category_id": 145, "segmentation": [[161.4, 35.6, 164.1, 38.8, 163.8, 42.3, 154.0, 45.7, 147.8, 44.7, 142.7, 39.1, 143.0, 36.1, 145.4, 34.2, 156.1, 33.2]], "area": 199, "bbox": [143.0, 33.0, 21.0, 13.0], "iscrowd": false, "isbbox": false, "color": "#cc295f", "metadata": {}}]}