{"images": [{"id": 139695, "dataset_id": 48, "category_ids": [], "path": "/datasets/201005_PERFUME/20170701_090304_A_1546_   6099721299514_H.jpg", "width": 1024, "height": 256, "file_name": "20170701_090304_A_1546_   6099721299514_H_perfumesample_42.jpg", "annotated": false, "annotating": [], "num_annotations": 0, "metadata": {}, "deleted": false, "milliseconds": 0, "events": [], "regenerate_thumbnail": false}], "categories": [{"id": 145, "name": "perfumesample", "supercategory": "", "color": "#7d29d2", "metadata": {}, "keypoint_colors": []}], "annotations": [{"id": 99824, "image_id": 139695, "category_id": 145, "segmentation": [[166.7, 33.9, 172.6, 34.4, 174.5, 38.2, 156.4, 48.0, 150.7, 48.0, 144.7, 44.7, 145.5, 40.6, 161.5, 33.3]], "area": 261, "bbox": [145.0, 33.0, 29.0, 15.0], "iscrowd": false, "isbbox": false, "color": "#66d210", "metadata": {}}, {"id": 99826, "image_id": 139695, "category_id": 145, "segmentation": [[84.4, 127.0, 87.3, 128.4, 87.3, 132.2, 83.0, 138.9, 78.1, 140.5, 69.7, 139.7, 68.4, 135.4, 70.0, 131.3, 75.4, 127.0, 79.2, 126.5]], "area": 198, "bbox": [68.0, 127.0, 19.0, 14.0], "iscrowd": false, "isbbox": false, "color": "#f4d02d", "metadata": {}}]}