{"images": [{"id": 139682, "dataset_id": 48, "category_ids": [], "path": "/datasets/201005_PERFUME/20170701_090119_A_1521_   6099721300162_H.jpg", "width": 1024, "height": 299, "file_name": "20170701_090119_A_1521_   6099721300162_H_perfumesample_2.jpg", "annotated": false, "annotating": [], "num_annotations": 0, "metadata": {}, "deleted": false, "milliseconds": 0, "events": [], "regenerate_thumbnail": false}], "categories": [{"id": 145, "name": "perfumesample", "supercategory": "", "color": "#7d29d2", "metadata": {}, "keypoint_colors": []}], "annotations": [{"id": 99616, "image_id": 139682, "category_id": 145, "segmentation": [[56.6, 74.6, 58.6, 76.9, 58.0, 92.4, 55.0, 94.2, 48.0, 94.0, 44.2, 90.9, 44.4, 77.5, 48.5, 73.7, 51.4, 73.3]], "area": 263, "bbox": [44.0, 73.0, 15.0, 21.0], "iscrowd": false, "isbbox": false, "color": "#3e5ef5", "metadata": {}}, {"id": 99617, "image_id": 139682, "category_id": 145, "segmentation": [[107.6, 73.7, 108.7, 77.8, 102.9, 91.1, 99.5, 93.6, 90.0, 92.9, 87.3, 88.4, 93.8, 74.6, 97.0, 72.4, 102.4, 71.7]], "area": 318, "bbox": [88.0, 72.0, 21.0, 22.0], "iscrowd": false, "isbbox": false, "color": "#61efe5", "metadata": {}}]}