{"images": [{"id": 139860, "dataset_id": 48, "category_ids": [], "path": "/datasets/201005_PERFUME/20170701_173415_E_5159_    PUS009118991_H.jpg", "width": 1024, "height": 268, "file_name": "20170701_173415_E_5159_    PUS009118991_H_perfume_340.jpg", "annotated": false, "annotating": [], "num_annotations": 0, "metadata": {}, "deleted": false, "milliseconds": 0, "events": [], "regenerate_thumbnail": false}], "categories": [{"id": 144, "name": "perfume", "supercategory": "", "color": "#167e9d", "metadata": {}, "keypoint_colors": []}], "annotations": [{"id": 100316, "image_id": 139860, "category_id": 144, "segmentation": [[114.0, 43.0, 125.5, 43.7, 130.4, 46.4, 131.5, 47.7, 131.7, 75.8, 143.1, 76.2, 140.4, 146.6, 135.7, 149.5, 68.9, 148.8, 65.8, 146.6, 66.3, 76.4, 79.0, 74.9, 80.0, 47.2, 89.8, 43.3, 113.5, 42.8]], "area": 7224, "bbox": [66.0, 43.0, 77.0, 107.0], "iscrowd": false, "isbbox": false, "color": "#f0ec5b", "metadata": {}}]}