{"images": [{"id": 139760, "dataset_id": 48, "category_ids": [], "path": "/datasets/201005_PERFUME/20170701_094137_A_1555_   6099721300170_V.jpg", "width": 1024, "height": 298, "file_name": "20170701_094137_A_1555_   6099721300170_V_perfume_177.jpg", "annotated": false, "annotating": [], "num_annotations": 0, "metadata": {}, "deleted": false, "milliseconds": 0, "events": [], "regenerate_thumbnail": false}], "categories": [{"id": 144, "name": "perfume", "supercategory": "", "color": "#167e9d", "metadata": {}, "keypoint_colors": []}], "annotations": [{"id": 100131, "image_id": 139760, "category_id": 144, "segmentation": [[633.9, 74.2, 633.6, 96.1, 628.8, 96.1, 628.0, 97.5, 645.8, 97.5, 653.1, 99.3, 667.2, 107.2, 673.4, 115.3, 675.6, 136.4, 673.7, 142.4, 666.4, 150.2, 655.0, 156.7, 641.2, 160.3, 575.7, 160.0, 562.2, 156.5, 545.7, 147.5, 542.7, 143.5, 540.5, 136.2, 540.8, 123.7, 542.7, 115.3, 548.9, 107.5, 569.2, 99.1, 591.4, 98.0, 592.2, 96.1, 588.2, 95.8, 589.2, 74.2, 632.0, 73.4]], "area": 8493, "bbox": [541.0, 73.0, 135.0, 87.0], "iscrowd": false, "isbbox": false, "color": "#db9f70", "metadata": {}}]}