{"images": [{"id": 139779, "dataset_id": 48, "category_ids": [], "path": "/datasets/201005_PERFUME/20170701_100555_A_1007_   6099704563275_H.jpg", "width": 1024, "height": 319, "file_name": "20170701_100555_A_1007_   6099704563275_H_perfume_220.jpg", "annotated": false, "annotating": [], "num_annotations": 0, "metadata": {}, "deleted": false, "milliseconds": 0, "events": [], "regenerate_thumbnail": false}], "categories": [{"id": 144, "name": "perfume", "supercategory": "", "color": "#167e9d", "metadata": {}, "keypoint_colors": []}], "annotations": [{"id": 100176, "image_id": 139779, "category_id": 144, "segmentation": [[107.7, 68.2, 131.2, 70.9, 149.6, 77.7, 159.6, 84.7, 162.8, 89.7, 163.6, 92.9, 160.7, 100.1, 157.2, 104.0, 142.1, 111.8, 125.8, 115.6, 104.2, 115.6, 84.4, 112.1, 68.4, 104.2, 61.9, 98.3, 61.1, 90.2, 63.3, 83.7, 75.2, 75.0, 89.5, 70.4, 106.3, 68.5]], "area": 3734, "bbox": [61.0, 68.0, 103.0, 48.0], "iscrowd": false, "isbbox": false, "color": "#f5b16f", "metadata": {}}, {"id": 100177, "image_id": 139779, "category_id": 144, "segmentation": [[110.1, 119.4, 127.7, 121.6, 145.3, 126.2, 160.7, 137.5, 161.8, 145.7, 160.2, 150.3, 149.6, 158.7, 134.5, 163.8, 114.7, 166.5, 92.5, 165.2, 74.9, 159.5, 64.4, 152.7, 60.3, 148.1, 60.3, 138.9, 65.7, 131.0, 78.4, 124.3, 92.5, 121.0, 108.0, 119.7]], "area": 3695, "bbox": [60.0, 119.0, 102.0, 48.0], "iscrowd": false, "isbbox": false, "color": "#74e6d6", "metadata": {}}]}