{"images": [{"id": 139737, "dataset_id": 48, "category_ids": [], "path": "/datasets/201005_PERFUME/20170701_092952_A_1269_   6099730096640_H.jpg", "width": 1024, "height": 295, "file_name": "20170701_092952_A_1269_   6099730096640_H_perfume_126.jpg", "annotated": false, "annotating": [], "num_annotations": 0, "metadata": {}, "deleted": false, "milliseconds": 0, "events": [], "regenerate_thumbnail": false}], "categories": [{"id": 144, "name": "perfume", "supercategory": "", "color": "#167e9d", "metadata": {}, "keypoint_colors": []}], "annotations": [{"id": 100049, "image_id": 139737, "category_id": 144, "segmentation": [[147.6, 56.6, 144.6, 68.5, 128.7, 107.8, 110.0, 110.5, 111.3, 112.9, 114.9, 112.9, 114.6, 117.8, 112.2, 122.7, 106.7, 122.7, 104.0, 125.9, 96.7, 125.1, 97.3, 131.6, 90.2, 138.1, 79.9, 138.1, 72.4, 133.8, 69.9, 129.7, 71.5, 123.2, 68.3, 120.2, 74.0, 117.5, 78.3, 107.5, 57.5, 101.0, 56.9, 98.6, 79.7, 52.6, 79.7, 49.8, 81.0, 48.5, 107.8, 49.0, 147.1, 55.5]], "area": 5057, "bbox": [57.0, 49.0, 91.0, 89.0], "iscrowd": false, "isbbox": false, "color": "#3739fb", "metadata": {}}]}