{"images": [{"id": 139921, "dataset_id": 48, "category_ids": [], "path": "/datasets/201005_PERFUME/20170702_104045_F_6488_   6076825850936_H.jpg", "width": 1024, "height": 257, "file_name": "20170702_104045_F_6488_   6076825850936_H_perfume_402.jpg", "annotated": false, "annotating": [], "num_annotations": 0, "metadata": {}, "deleted": false, "milliseconds": 0, "events": [], "regenerate_thumbnail": false}], "categories": [{"id": 144, "name": "perfume", "supercategory": "", "color": "#167e9d", "metadata": {}, "keypoint_colors": []}], "annotations": [{"id": 100441, "image_id": 139921, "category_id": 144, "segmentation": [[73.0, 35.9, 86.8, 39.0, 93.3, 44.3, 95.5, 49.0, 94.6, 56.6, 90.2, 61.7, 94.4, 65.0, 99.1, 74.2, 105.1, 135.6, 102.0, 138.9, 61.2, 138.9, 56.6, 135.8, 52.8, 89.6, 49.7, 70.4, 49.9, 67.9, 55.0, 63.9, 47.9, 55.9, 47.2, 51.9, 51.2, 44.1, 67.7, 36.1]], "area": 4670, "bbox": [47.0, 36.0, 58.0, 103.0], "iscrowd": false, "isbbox": false, "color": "#1b8ce8", "metadata": {}}]}