{"images": [{"id": 139709, "dataset_id": 48, "category_ids": [], "path": "/datasets/201005_PERFUME/20170701_090359_A_1569_   6099721300164_H.jpg", "width": 1024, "height": 269, "file_name": "20170701_090359_A_1569_   6099721300164_H_perfumesample_81.jpg", "annotated": false, "annotating": [], "num_annotations": 0, "metadata": {}, "deleted": false, "milliseconds": 0, "events": [], "regenerate_thumbnail": false}], "categories": [{"id": 145, "name": "perfumesample", "supercategory": "", "color": "#7d29d2", "metadata": {}, "keypoint_colors": []}], "annotations": [{"id": 99922, "image_id": 139709, "category_id": 145, "segmentation": [[59.6, 49.8, 58.5, 82.3, 45.0, 83.6, 43.6, 82.6, 43.3, 48.2, 54.4, 47.9, 58.5, 49.3]], "area": 541, "bbox": [43.0, 48.0, 17.0, 36.0], "iscrowd": false, "isbbox": false, "color": "#2897cb", "metadata": {}}, {"id": 99923, "image_id": 139709, "category_id": 145, "segmentation": [[178.7, 60.9, 189.5, 76.6, 189.0, 79.6, 184.1, 82.6, 174.1, 81.2, 164.9, 66.3, 165.2, 63.9, 169.5, 61.4, 177.9, 61.2]], "area": 340, "bbox": [165.0, 61.0, 25.0, 21.0], "iscrowd": false, "isbbox": false, "color": "#fcdb2f", "metadata": {}}]}