{"images": [{"id": 139965, "dataset_id": 48, "category_ids": [], "path": "/datasets/201005_PERFUME/20170702_171732_A_1176_   6099721301321_H.jpg", "width": 1024, "height": 298, "file_name": "20170702_171732_A_1176_   6099721301321_H_perfumesample_469.jpg", "annotated": false, "annotating": [], "num_annotations": 0, "metadata": {}, "deleted": false, "milliseconds": 0, "events": [], "regenerate_thumbnail": false}], "categories": [{"id": 145, "name": "perfumesample", "supercategory": "", "color": "#7d29d2", "metadata": {}, "keypoint_colors": []}], "annotations": [{"id": 100584, "image_id": 139965, "category_id": 145, "segmentation": [[122.5, 128.5, 123.1, 155.0, 121.3, 160.5, 105.7, 160.8, 103.5, 156.3, 103.5, 126.9, 119.3, 125.8]], "area": 645, "bbox": [104.0, 126.0, 19.0, 35.0], "iscrowd": false, "isbbox": false, "color": "#fb209c", "metadata": {}}, {"id": 100585, "image_id": 139965, "category_id": 145, "segmentation": [[58.5, 69.5, 58.3, 101.5, 42.5, 101.3, 41.8, 69.1, 57.6, 68.8]], "area": 532, "bbox": [42.0, 69.0, 17.0, 33.0], "iscrowd": false, "isbbox": false, "color": "#19f335", "metadata": {}}]}