{"images": [{"id": 139925, "dataset_id": 48, "category_ids": [], "path": "/datasets/201005_PERFUME/20170702_111649_F_6937_   6076801081262_H.jpg", "width": 1024, "height": 303, "file_name": "20170702_111649_F_6937_   6076801081262_H_perfume_406.jpg", "annotated": false, "annotating": [], "num_annotations": 0, "metadata": {}, "deleted": false, "milliseconds": 0, "events": [], "regenerate_thumbnail": false}], "categories": [{"id": 144, "name": "perfume", "supercategory": "", "color": "#167e9d", "metadata": {}, "keypoint_colors": []}], "annotations": [{"id": 100447, "image_id": 139925, "category_id": 144, "segmentation": [[72.7, 49.5, 139.3, 50.0, 142.0, 52.0, 143.7, 136.8, 139.0, 139.3, 140.8, 173.5, 71.6, 172.8, 72.5, 138.5, 67.7, 136.5, 70.3, 50.2]], "area": 8872, "bbox": [68.0, 50.0, 76.0, 124.0], "iscrowd": false, "isbbox": false, "color": "#de2bb7", "metadata": {}}]}