{"images": [{"id": 139872, "dataset_id": 48, "category_ids": [], "path": "/datasets/201005_PERFUME/20170702_082446_F_7162_   6099726114205_V.jpg", "width": 1024, "height": 270, "file_name": "20170702_082446_F_7162_   6099726114205_V_perfumesample_353.jpg", "annotated": false, "annotating": [], "num_annotations": 0, "metadata": {}, "deleted": false, "milliseconds": 0, "events": [], "regenerate_thumbnail": false}], "categories": [{"id": 145, "name": "perfumesample", "supercategory": "", "color": "#7d29d2", "metadata": {}, "keypoint_colors": []}], "annotations": [{"id": 100337, "image_id": 139872, "category_id": 145, "segmentation": [[622.4, 46.9, 622.9, 37.9, 709.3, 38.6, 708.9, 47.5, 623.2, 47.6]], "area": 848, "bbox": [622.0, 38.0, 87.0, 10.0], "iscrowd": false, "isbbox": false, "color": "#d8095b", "metadata": {}}]}