{"images": [{"id": 139854, "dataset_id": 48, "category_ids": [], "path": "/datasets/201005_PERFUME/20170701_172452_F_6605_    PUS009113129_H.jpg", "width": 1024, "height": 281, "file_name": "20170701_172452_F_6605_    PUS009113129_H_perfume_334.jpg", "annotated": false, "annotating": [], "num_annotations": 0, "metadata": {}, "deleted": false, "milliseconds": 0, "events": [], "regenerate_thumbnail": false}], "categories": [{"id": 144, "name": "perfume", "supercategory": "", "color": "#167e9d", "metadata": {}, "keypoint_colors": []}], "annotations": [{"id": 100301, "image_id": 139854, "category_id": 144, "segmentation": [[134.8, 48.6, 143.7, 52.8, 140.6, 111.3, 128.6, 112.3, 127.6, 129.8, 97.6, 128.9, 97.6, 111.3, 94.1, 110.6, 89.4, 106.5, 92.5, 47.8, 133.4, 48.3]], "area": 3770, "bbox": [89.0, 48.0, 55.0, 82.0], "iscrowd": false, "isbbox": false, "color": "#9be413", "metadata": {}}]}