{"images": [{"id": 139712, "dataset_id": 48, "category_ids": [], "path": "/datasets/201005_PERFUME/20170701_090400_A_1570_   6099721300156_V.jpg", "width": 1024, "height": 269, "file_name": "20170701_090400_A_1570_   6099721300156_V_perfume_89.jpg", "annotated": false, "annotating": [], "num_annotations": 0, "metadata": {}, "deleted": false, "milliseconds": 0, "events": [], "regenerate_thumbnail": false}], "categories": [{"id": 144, "name": "perfume", "supercategory": "", "color": "#167e9d", "metadata": {}, "keypoint_colors": []}], "annotations": [{"id": 99938, "image_id": 139712, "category_id": 144, "segmentation": [[719.6, 35.8, 721.5, 38.8, 721.5, 46.4, 713.7, 98.9, 709.1, 104.6, 704.8, 107.0, 683.1, 107.8, 681.7, 113.0, 688.8, 115.7, 688.5, 121.1, 683.4, 125.4, 666.9, 131.4, 653.3, 131.1, 642.2, 128.7, 633.0, 124.4, 630.6, 121.1, 630.6, 116.5, 633.0, 113.0, 640.1, 111.9, 641.7, 107.3, 626.2, 105.4, 612.4, 100.8, 611.9, 94.3, 623.5, 42.6, 624.9, 37.7, 628.1, 34.5, 662.8, 32.8, 714.5, 34.5]], "area": 8375, "bbox": [612.0, 33.0, 110.0, 98.0], "iscrowd": false, "isbbox": false, "color": "#c6e460", "metadata": {}}]}