{"images": [{"id": 139708, "dataset_id": 48, "category_ids": [], "path": "/datasets/201005_PERFUME/20170701_090356_A_1568_   6099721300151_V.jpg", "width": 1024, "height": 252, "file_name": "20170701_090356_A_1568_   6099721300151_V_perfumesample_78.jpg", "annotated": false, "annotating": [], "num_annotations": 0, "metadata": {}, "deleted": false, "milliseconds": 0, "events": [], "regenerate_thumbnail": false}], "categories": [{"id": 145, "name": "perfumesample", "supercategory": "", "color": "#7d29d2", "metadata": {}, "keypoint_colors": []}], "annotations": [{"id": 99918, "image_id": 139708, "category_id": 145, "segmentation": [[784.7, 74.3, 785.0, 101.1, 783.3, 105.7, 780.4, 108.1, 766.5, 107.0, 765.2, 105.1, 765.2, 74.8, 783.9, 73.5]], "area": 655, "bbox": [765.0, 74.0, 20.0, 34.0], "iscrowd": false, "isbbox": false, "color": "#22c4bd", "metadata": {}}, {"id": 99920, "image_id": 139708, "category_id": 145, "segmentation": [[775.7, 30.8, 774.3, 34.3, 772.2, 34.8, 709.9, 33.8, 703.4, 33.0, 701.5, 30.8, 702.1, 27.3, 704.0, 26.2, 773.0, 26.5]], "area": 576, "bbox": [702.0, 26.0, 74.0, 9.0], "iscrowd": false, "isbbox": false, "color": "#62a7d8", "metadata": {}}]}