{"images": [{"id": 139775, "dataset_id": 48, "category_ids": [], "path": "/datasets/201005_PERFUME/20170701_100354_A_1962_   6099704563265_H.jpg", "width": 1024, "height": 337, "file_name": "20170701_100354_A_1962_   6099704563265_H_perfume_213.jpg", "annotated": false, "annotating": [], "num_annotations": 0, "metadata": {}, "deleted": false, "milliseconds": 0, "events": [], "regenerate_thumbnail": false}], "categories": [{"id": 144, "name": "perfume", "supercategory": "", "color": "#167e9d", "metadata": {}, "keypoint_colors": []}], "annotations": [{"id": 100168, "image_id": 139775, "category_id": 144, "segmentation": [[119.8, 61.8, 134.4, 62.5, 150.3, 65.4, 166.2, 74.5, 171.1, 82.3, 170.8, 90.1, 168.2, 95.0, 161.7, 100.5, 145.4, 107.0, 121.7, 110.9, 102.2, 108.6, 84.7, 102.8, 75.2, 95.6, 72.3, 90.7, 73.3, 82.6, 71.7, 81.0, 71.7, 78.4, 74.9, 75.2, 83.7, 69.3, 97.3, 64.1, 112.3, 61.8]], "area": 3800, "bbox": [72.0, 62.0, 99.0, 49.0], "iscrowd": false, "isbbox": false, "color": "#30c7a7", "metadata": {}}, {"id": 100169, "image_id": 139775, "category_id": 144, "segmentation": [[140.2, 135.9, 154.2, 140.5, 169.1, 150.2, 172.1, 155.7, 170.4, 166.8, 163.6, 171.6, 147.7, 175.5, 150.0, 184.6, 128.2, 189.5, 122.4, 180.7, 96.0, 181.1, 86.3, 177.5, 77.5, 171.0, 73.0, 161.6, 73.6, 153.1, 76.5, 148.6, 86.0, 141.4, 111.3, 135.9, 124.0, 134.6, 131.5, 135.9]], "area": 3830, "bbox": [73.0, 135.0, 99.0, 55.0], "iscrowd": false, "isbbox": false, "color": "#fc3bc1", "metadata": {}}]}