{"images": [{"id": 139906, "dataset_id": 48, "category_ids": [], "path": "/datasets/201005_PERFUME/20170702_101607_F_6380_   6076825850923_V.jpg", "width": 1024, "height": 253, "file_name": "20170702_101607_F_6380_   6076825850923_V_perfume_387.jpg", "annotated": false, "annotating": [], "num_annotations": 0, "metadata": {}, "deleted": false, "milliseconds": 0, "events": [], "regenerate_thumbnail": false}], "categories": [{"id": 144, "name": "perfume", "supercategory": "", "color": "#167e9d", "metadata": {}, "keypoint_colors": []}], "annotations": [{"id": 100403, "image_id": 139906, "category_id": 144, "segmentation": [[695.6, 28.9, 709.8, 29.3, 715.4, 32.1, 715.2, 35.6, 707.4, 40.4, 707.2, 46.4, 709.2, 48.6, 747.3, 53.8, 751.1, 56.9, 752.8, 109.1, 749.3, 111.1, 741.1, 112.2, 645.2, 113.7, 623.4, 112.6, 615.4, 109.2, 613.7, 105.6, 613.7, 61.9, 614.8, 57.7, 625.2, 53.8, 659.0, 49.3, 660.6, 38.8, 653.8, 33.6, 656.6, 30.2, 694.4, 28.4]], "area": 9549, "bbox": [614.0, 28.0, 139.0, 86.0], "iscrowd": false, "isbbox": false, "color": "#67d98c", "metadata": {}}]}