{"images": [{"id": 139972, "dataset_id": 48, "category_ids": [], "path": "/datasets/201005_PERFUME/20170702_171805_A_1192_   6099721301373_V.jpg", "width": 1024, "height": 252, "file_name": "20170702_171805_A_1192_   6099721301373_V_perfumesample_492.jpg", "annotated": false, "annotating": [], "num_annotations": 0, "metadata": {}, "deleted": false, "milliseconds": 0, "events": [], "regenerate_thumbnail": false}], "categories": [{"id": 145, "name": "perfumesample", "supercategory": "", "color": "#7d29d2", "metadata": {}, "keypoint_colors": []}], "annotations": [{"id": 100622, "image_id": 139972, "category_id": 145, "segmentation": [[696.5, 130.4, 690.3, 127.3, 689.6, 124.4, 691.4, 121.7, 758.0, 121.5, 761.3, 123.8, 762.9, 127.3, 762.0, 131.3, 760.0, 132.0, 701.9, 130.9]], "area": 660, "bbox": [690.0, 122.0, 73.0, 10.0], "iscrowd": false, "isbbox": false, "color": "#1efafd", "metadata": {}}, {"id": 100623, "image_id": 139972, "category_id": 145, "segmentation": [[671.7, 45.2, 674.1, 72.1, 673.2, 76.6, 668.5, 78.1, 657.6, 77.9, 656.2, 77.2, 651.8, 46.7, 654.7, 45.0, 669.8, 45.0]], "area": 626, "bbox": [652.0, 45.0, 22.0, 33.0], "iscrowd": false, "isbbox": false, "color": "#57b6d8", "metadata": {}}]}