{"images": [{"id": 139742, "dataset_id": 48, "category_ids": [], "path": "/datasets/201005_PERFUME/20170701_093419_A_1395_   6099721297945_V.jpg", "width": 1024, "height": 271, "file_name": "20170701_093419_A_1395_   6099721297945_V_perfume_131.jpg", "annotated": false, "annotating": [], "num_annotations": 0, "metadata": {}, "deleted": false, "milliseconds": 0, "events": [], "regenerate_thumbnail": false}], "categories": [{"id": 144, "name": "perfume", "supercategory": "", "color": "#167e9d", "metadata": {}, "keypoint_colors": []}], "annotations": [{"id": 100064, "image_id": 139742, "category_id": 144, "segmentation": [[729.3, 30.0, 731.2, 33.6, 733.2, 69.0, 732.2, 96.6, 730.9, 97.9, 688.0, 98.9, 688.0, 100.2, 707.5, 101.2, 709.1, 118.7, 638.0, 119.4, 637.0, 101.8, 652.6, 101.2, 656.2, 99.6, 612.6, 98.3, 608.7, 96.6, 604.2, 34.9, 606.1, 30.0, 633.1, 28.4, 725.4, 27.8]], "area": 10200, "bbox": [604.0, 28.0, 129.0, 91.0], "iscrowd": false, "isbbox": false, "color": "#269bd3", "metadata": {}}]}