{"images": [{"id": 139960, "dataset_id": 48, "category_ids": [], "path": "/datasets/201005_PERFUME/20170702_171306_A_1080_   6099721299871_V.jpg", "width": 1024, "height": 280, "file_name": "20170702_171306_A_1080_   6099721299871_V_perfume_463.jpg", "annotated": false, "annotating": [], "num_annotations": 0, "metadata": {}, "deleted": false, "milliseconds": 0, "events": [], "regenerate_thumbnail": false}], "categories": [{"id": 144, "name": "perfume", "supercategory": "", "color": "#167e9d", "metadata": {}, "keypoint_colors": []}], "annotations": [{"id": 100572, "image_id": 139960, "category_id": 144, "segmentation": [[600.4, 51.1, 705.1, 50.5, 720.1, 54.5, 715.5, 120.0, 709.7, 122.6, 677.9, 123.2, 676.8, 125.0, 677.9, 132.8, 688.0, 136.0, 692.0, 141.9, 691.8, 143.5, 681.9, 146.9, 658.9, 148.8, 630.3, 148.0, 610.8, 145.6, 609.0, 144.0, 610.6, 140.0, 615.9, 135.5, 624.5, 132.0, 626.9, 125.6, 624.7, 122.9, 608.4, 123.2, 592.7, 121.0, 589.7, 119.2, 596.4, 52.1]], "area": 10567, "bbox": [590.0, 51.0, 130.0, 98.0], "iscrowd": false, "isbbox": false, "color": "#091cd6", "metadata": {}}]}