{"images": [{"id": 139970, "dataset_id": 48, "category_ids": [], "path": "/datasets/201005_PERFUME/20170702_171803_A_1191_   6099721301376_V.jpg", "width": 1024, "height": 234, "file_name": "20170702_171803_A_1191_   6099721301376_V_perfume_485.jpg", "annotated": false, "annotating": [], "num_annotations": 0, "metadata": {}, "deleted": false, "milliseconds": 0, "events": [], "regenerate_thumbnail": false}], "categories": [{"id": 144, "name": "perfume", "supercategory": "", "color": "#167e9d", "metadata": {}, "keypoint_colors": []}], "annotations": [{"id": 100608, "image_id": 139970, "category_id": 144, "segmentation": [[727.3, 43.4, 719.6, 59.2, 733.8, 65.2, 744.7, 73.5, 747.4, 78.1, 748.0, 86.4, 745.2, 92.6, 741.1, 96.2, 726.2, 104.4, 716.2, 107.5, 704.2, 108.2, 646.1, 102.8, 628.7, 93.9, 625.0, 88.8, 623.4, 78.8, 629.4, 68.8, 639.9, 61.7, 649.7, 58.1, 678.4, 55.2, 687.7, 35.8, 697.5, 34.3, 709.5, 34.7, 726.0, 39.8]], "area": 6102, "bbox": [624.0, 34.0, 124.0, 74.0], "iscrowd": false, "isbbox": false, "color": "#6b0aaa", "metadata": {}}]}