{"images": [{"id": 139828, "dataset_id": 48, "category_ids": [], "path": "/datasets/201005_PERFUME/20170701_170527_A_1969_   6099721300779_H.jpg", "width": 1024, "height": 253, "file_name": "20170701_170527_A_1969_   6099721300779_H_perfume_279.jpg", "annotated": false, "annotating": [], "num_annotations": 0, "metadata": {}, "deleted": false, "milliseconds": 0, "events": [], "regenerate_thumbnail": false}], "categories": [{"id": 144, "name": "perfume", "supercategory": "", "color": "#167e9d", "metadata": {}, "keypoint_colors": []}], "annotations": [{"id": 100237, "image_id": 139828, "category_id": 144, "segmentation": [[124.7, 40.1, 128.2, 49.8, 133.4, 51.4, 132.8, 53.6, 129.8, 55.0, 130.7, 67.7, 138.5, 68.2, 150.7, 72.0, 148.0, 122.6, 145.3, 125.3, 80.3, 125.6, 77.9, 123.2, 73.5, 73.4, 83.3, 68.5, 94.7, 67.1, 94.9, 55.5, 91.1, 53.6, 91.1, 51.4, 94.7, 50.4, 98.4, 40.9, 119.8, 38.4]], "area": 5147, "bbox": [74.0, 38.0, 77.0, 88.0], "iscrowd": false, "isbbox": false, "color": "#75dead", "metadata": {}}]}