{"images": [{"id": 139707, "dataset_id": 48, "category_ids": [], "path": "/datasets/201005_PERFUME/20170701_090356_A_1568_   6099721300151_H.jpg", "width": 1024, "height": 252, "file_name": "20170701_090356_A_1568_   6099721300151_H_perfume_75.jpg", "annotated": false, "annotating": [], "num_annotations": 0, "metadata": {}, "deleted": false, "milliseconds": 0, "events": [], "regenerate_thumbnail": false}], "categories": [{"id": 144, "name": "perfume", "supercategory": "", "color": "#167e9d", "metadata": {}, "keypoint_colors": []}], "annotations": [{"id": 99910, "image_id": 139707, "category_id": 144, "segmentation": [[201.2, 82.1, 198.0, 97.3, 193.9, 101.9, 187.2, 101.6, 180.4, 98.1, 156.8, 96.5, 154.1, 101.6, 147.6, 107.9, 131.7, 112.2, 69.1, 110.6, 65.1, 107.9, 74.0, 63.2, 75.9, 60.5, 82.4, 58.6, 148.5, 62.1, 157.9, 68.1, 160.4, 78.6, 184.7, 78.9, 189.6, 75.6, 193.7, 75.6, 198.0, 76.7, 199.4, 79.2]], "area": 5219, "bbox": [65.0, 59.0, 136.0, 53.0], "iscrowd": false, "isbbox": false, "color": "#add921", "metadata": {}}]}