{"images": [{"id": 139833, "dataset_id": 48, "category_ids": [], "path": "/datasets/201005_PERFUME/20170701_170555_A_1982_   6099721300797_V.jpg", "width": 1024, "height": 304, "file_name": "20170701_170555_A_1982_   6099721300797_V_perfume_291.jpg", "annotated": false, "annotating": [], "num_annotations": 0, "metadata": {}, "deleted": false, "milliseconds": 0, "events": [], "regenerate_thumbnail": false}], "categories": [{"id": 144, "name": "perfume", "supercategory": "", "color": "#167e9d", "metadata": {}, "keypoint_colors": []}], "annotations": [{"id": 100249, "image_id": 139833, "category_id": 144, "segmentation": [[648.3, 42.8, 665.5, 45.8, 686.9, 59.1, 689.5, 62.7, 690.5, 85.7, 686.9, 94.2, 673.9, 105.5, 662.9, 109.1, 646.3, 110.4, 647.3, 135.1, 603.8, 136.4, 601.5, 111.4, 580.7, 110.4, 564.4, 106.8, 555.0, 101.6, 551.1, 97.7, 545.3, 87.3, 544.6, 68.8, 545.9, 64.9, 551.8, 58.1, 563.5, 50.0, 578.1, 44.8, 647.0, 42.8]], "area": 9764, "bbox": [545.0, 43.0, 146.0, 93.0], "iscrowd": false, "isbbox": false, "color": "#b3285b", "metadata": {}}]}