{"images": [{"id": 139951, "dataset_id": 48, "category_ids": [], "path": "/datasets/201005_PERFUME/20170702_171211_A_1050_   6099721300804_H.jpg", "width": 1024, "height": 290, "file_name": "20170702_171211_A_1050_   6099721300804_H_perfumesample_443.jpg", "annotated": false, "annotating": [], "num_annotations": 0, "metadata": {}, "deleted": false, "milliseconds": 0, "events": [], "regenerate_thumbnail": false}], "categories": [{"id": 145, "name": "perfumesample", "supercategory": "", "color": "#7d29d2", "metadata": {}, "keypoint_colors": []}], "annotations": [{"id": 100544, "image_id": 139951, "category_id": 145, "segmentation": [[101.8, 54.8, 96.7, 66.6, 90.3, 69.3, 86.3, 67.7, 84.5, 59.4, 88.2, 48.7, 95.1, 46.8, 102.6, 49.5]], "area": 280, "bbox": [85.0, 47.0, 17.0, 22.0], "iscrowd": false, "isbbox": false, "color": "#70dd99", "metadata": {}}, {"id": 100545, "image_id": 139951, "category_id": 145, "segmentation": [[66.6, 85.5, 66.3, 97.0, 64.4, 101.6, 59.6, 103.2, 53.5, 102.6, 51.3, 96.0, 52.4, 84.5, 55.9, 81.3, 63.9, 81.0]], "area": 289, "bbox": [51.0, 81.0, 16.0, 22.0], "iscrowd": false, "isbbox": false, "color": "#5df79d", "metadata": {}}]}