{"images": [{"id": 139907, "dataset_id": 48, "category_ids": [], "path": "/datasets/201005_PERFUME/20170702_101609_F_6381_   6076825850928_H.jpg", "width": 1024, "height": 255, "file_name": "20170702_101609_F_6381_   6076825850928_H_perfume_388.jpg", "annotated": false, "annotating": [], "num_annotations": 0, "metadata": {}, "deleted": false, "milliseconds": 0, "events": [], "regenerate_thumbnail": false}], "categories": [{"id": 144, "name": "perfume", "supercategory": "", "color": "#167e9d", "metadata": {}, "keypoint_colors": []}], "annotations": [{"id": 100405, "image_id": 139907, "category_id": 144, "segmentation": [[104.5, 45.0, 118.8, 45.1, 125.1, 48.1, 126.1, 51.6, 118.5, 57.0, 118.6, 62.2, 148.5, 64.0, 155.6, 66.6, 160.3, 71.8, 161.3, 95.7, 160.0, 97.8, 146.3, 103.9, 44.8, 103.9, 43.2, 100.7, 44.3, 73.3, 46.1, 69.6, 54.7, 65.0, 78.6, 63.3, 77.7, 54.9, 71.5, 51.2, 71.9, 49.0, 76.2, 45.7, 101.4, 45.3]], "area": 5420, "bbox": [43.0, 45.0, 118.0, 59.0], "iscrowd": false, "isbbox": false, "color": "#e7b921", "metadata": {}}]}