{"images": [{"id": 139742, "dataset_id": 48, "category_ids": [], "path": "/datasets/201005_PERFUME/20170701_093419_A_1395_   6099721297945_V.jpg", "width": 1024, "height": 271, "file_name": "20170701_093419_A_1395_   6099721297945_V_perfumesample_132.jpg", "annotated": false, "annotating": [], "num_annotations": 0, "metadata": {}, "deleted": false, "milliseconds": 0, "events": [], "regenerate_thumbnail": false}], "categories": [{"id": 145, "name": "perfumesample", "supercategory": "", "color": "#7d29d2", "metadata": {}, "keypoint_colors": []}], "annotations": [{"id": 100068, "image_id": 139742, "category_id": 145, "segmentation": [[736.7, 136.9, 735.8, 138.5, 730.9, 138.9, 658.8, 135.0, 657.8, 133.0, 661.0, 127.2, 735.1, 132.1]], "area": 574, "bbox": [658.0, 127.0, 79.0, 12.0], "iscrowd": false, "isbbox": false, "color": "#0172bc", "metadata": {}}]}