{"images": [{"id": 139864, "dataset_id": 48, "category_ids": [], "path": "/datasets/201005_PERFUME/20170701_173706_F_6793_    PUS009119081_H.jpg", "width": 1024, "height": 293, "file_name": "20170701_173706_F_6793_    PUS009119081_H_perfume_344.jpg", "annotated": false, "annotating": [], "num_annotations": 0, "metadata": {}, "deleted": false, "milliseconds": 0, "events": [], "regenerate_thumbnail": false}], "categories": [{"id": 144, "name": "perfume", "supercategory": "", "color": "#167e9d", "metadata": {}, "keypoint_colors": []}], "annotations": [{"id": 100324, "image_id": 139864, "category_id": 144, "segmentation": [[43.2, 33.9, 92.3, 33.6, 93.6, 34.9, 92.7, 103.1, 88.5, 104.4, 86.7, 117.5, 90.5, 120.9, 88.9, 125.1, 76.5, 128.0, 56.2, 128.0, 46.0, 125.5, 44.2, 123.8, 44.0, 121.5, 48.0, 117.7, 46.2, 103.9, 42.1, 104.1, 42.4, 95.3, 41.3, 95.7, 41.0, 93.5, 40.2, 56.3, 41.5, 34.5]], "area": 4633, "bbox": [40.0, 34.0, 54.0, 94.0], "iscrowd": false, "isbbox": false, "color": "#7416bc", "metadata": {}}]}