{"images": [{"id": 139951, "dataset_id": 48, "category_ids": [], "path": "/datasets/201005_PERFUME/20170702_171211_A_1050_   6099721300804_H.jpg", "width": 1024, "height": 290, "file_name": "20170702_171211_A_1050_   6099721300804_H_perfume_442.jpg", "annotated": false, "annotating": [], "num_annotations": 0, "metadata": {}, "deleted": false, "milliseconds": 0, "events": [], "regenerate_thumbnail": false}], "categories": [{"id": 144, "name": "perfume", "supercategory": "", "color": "#167e9d", "metadata": {}, "keypoint_colors": []}], "annotations": [{"id": 100543, "image_id": 139951, "category_id": 144, "segmentation": [[89.5, 98.4, 97.5, 102.4, 99.4, 105.3, 93.5, 131.2, 101.6, 144.0, 100.2, 149.4, 95.4, 156.1, 91.1, 159.0, 60.2, 162.7, 55.3, 161.4, 53.3, 159.8, 51.3, 153.4, 50.5, 141.1, 57.5, 99.7, 89.5, 98.6]], "area": 2695, "bbox": [51.0, 99.0, 50.0, 64.0], "iscrowd": false, "isbbox": false, "color": "#9d931f", "metadata": {}}]}