{"images": [{"id": 139687, "dataset_id": 48, "category_ids": [], "path": "/datasets/201005_PERFUME/20170701_090205_A_1532_   6099721300161_H.jpg", "width": 1024, "height": 254, "file_name": "20170701_090205_A_1532_   6099721300161_H_perfumesample_19.jpg", "annotated": false, "annotating": [], "num_annotations": 0, "metadata": {}, "deleted": false, "milliseconds": 0, "events": [], "regenerate_thumbnail": false}], "categories": [{"id": 145, "name": "perfumesample", "supercategory": "", "color": "#7d29d2", "metadata": {}, "keypoint_colors": []}], "annotations": [{"id": 99676, "image_id": 139687, "category_id": 145, "segmentation": [[191.3, 64.7, 174.5, 93.9, 168.3, 95.8, 158.0, 92.3, 157.7, 88.5, 171.8, 65.7, 175.3, 64.4, 176.9, 57.4, 191.8, 59.5]], "area": 665, "bbox": [158.0, 57.0, 34.0, 39.0], "iscrowd": false, "isbbox": false, "color": "#9541e2", "metadata": {}}]}