{"images": [{"id": 139956, "dataset_id": 48, "category_ids": [], "path": "/datasets/201005_PERFUME/20170702_171232_A_1062_   6099721301325_V.jpg", "width": 1024, "height": 300, "file_name": "20170702_171232_A_1062_   6099721301325_V_perfumesample_459.jpg", "annotated": false, "annotating": [], "num_annotations": 0, "metadata": {}, "deleted": false, "milliseconds": 0, "events": [], "regenerate_thumbnail": false}], "categories": [{"id": 145, "name": "perfumesample", "supercategory": "", "color": "#7d29d2", "metadata": {}, "keypoint_colors": []}], "annotations": [{"id": 100564, "image_id": 139956, "category_id": 145, "segmentation": [[758.9, 44.7, 758.4, 73.6, 755.7, 76.8, 756.0, 81.3, 737.6, 81.3, 736.8, 45.5, 756.5, 45.3]], "area": 755, "bbox": [737.0, 45.0, 22.0, 36.0], "iscrowd": false, "isbbox": false, "color": "#ad2d27", "metadata": {}}, {"id": 100566, "image_id": 139956, "category_id": 145, "segmentation": [[753.9, 118.8, 750.4, 156.4, 732.2, 156.4, 730.8, 147.9, 732.5, 119.0, 752.8, 119.0]], "area": 761, "bbox": [731.0, 119.0, 23.0, 37.0], "iscrowd": false, "isbbox": false, "color": "#b36d0e", "metadata": {}}]}