{"images": [{"id": 139967, "dataset_id": 48, "category_ids": [], "path": "/datasets/201005_PERFUME/20170702_171801_A_1190_   6099721300198_H.jpg", "width": 1024, "height": 298, "file_name": "20170702_171801_A_1190_   6099721300198_H_perfume_474.jpg", "annotated": false, "annotating": [], "num_annotations": 0, "metadata": {}, "deleted": false, "milliseconds": 0, "events": [], "regenerate_thumbnail": false}], "categories": [{"id": 144, "name": "perfume", "supercategory": "", "color": "#167e9d", "metadata": {}, "keypoint_colors": []}], "annotations": [{"id": 100593, "image_id": 139967, "category_id": 144, "segmentation": [[69.2, 69.9, 77.0, 70.9, 93.9, 69.0, 97.2, 71.2, 97.9, 78.6, 94.8, 94.1, 95.5, 99.7, 106.6, 99.0, 108.6, 103.1, 109.9, 160.3, 113.1, 163.8, 112.4, 167.6, 55.0, 167.4, 52.7, 166.0, 52.5, 163.4, 57.4, 160.9, 56.5, 123.1, 54.5, 116.8, 55.2, 101.0, 57.9, 100.4, 59.0, 98.2, 54.5, 73.2, 55.9, 71.4, 63.9, 69.4]], "area": 4801, "bbox": [53.0, 69.0, 60.0, 99.0], "iscrowd": false, "isbbox": false, "color": "#f34d36", "metadata": {}}]}