{"images": [{"id": 139966, "dataset_id": 48, "category_ids": [], "path": "/datasets/201005_PERFUME/20170702_171732_A_1176_   6099721301321_V.jpg", "width": 1024, "height": 298, "file_name": "20170702_171732_A_1176_   6099721301321_V_perfume_471.jpg", "annotated": false, "annotating": [], "num_annotations": 0, "metadata": {}, "deleted": false, "milliseconds": 0, "events": [], "regenerate_thumbnail": false}], "categories": [{"id": 144, "name": "perfume", "supercategory": "", "color": "#167e9d", "metadata": {}, "keypoint_colors": []}], "annotations": [{"id": 100586, "image_id": 139966, "category_id": 144, "segmentation": [[574.2, 53.6, 640.5, 55.5, 649.6, 58.2, 667.4, 66.6, 672.1, 74.0, 673.9, 82.2, 670.5, 100.5, 659.0, 112.9, 644.3, 120.7, 637.8, 122.0, 609.8, 122.5, 609.6, 124.9, 613.4, 125.1, 608.2, 148.3, 564.8, 145.4, 569.1, 123.2, 573.9, 123.2, 573.9, 120.7, 548.8, 120.0, 536.1, 114.3, 527.9, 105.3, 526.5, 91.1, 529.7, 76.6, 540.3, 63.1, 556.6, 55.9, 572.8, 53.7]], "area": 9812, "bbox": [527.0, 54.0, 147.0, 94.0], "iscrowd": false, "isbbox": false, "color": "#1f2ad2", "metadata": {}}]}