{"images": [{"id": 139933, "dataset_id": 48, "category_ids": [], "path": "/datasets/201005_PERFUME/20170702_142220_A_1756_   6076825839747_H.jpg", "width": 1024, "height": 286, "file_name": "20170702_142220_A_1756_   6076825839747_H_perfume_412.jpg", "annotated": false, "annotating": [], "num_annotations": 0, "metadata": {}, "deleted": false, "milliseconds": 0, "events": [], "regenerate_thumbnail": false}], "categories": [{"id": 144, "name": "perfume", "supercategory": "", "color": "#167e9d", "metadata": {}, "keypoint_colors": []}], "annotations": [{"id": 100464, "image_id": 139933, "category_id": 144, "segmentation": [[62.5, 46.3, 107.7, 46.6, 112.5, 50.6, 113.0, 118.4, 110.1, 123.8, 103.7, 128.6, 104.5, 142.5, 102.3, 145.4, 102.1, 153.2, 66.5, 152.9, 65.2, 131.0, 56.8, 119.8, 56.4, 51.4, 61.5, 46.3]], "area": 5450, "bbox": [56.0, 46.0, 57.0, 107.0], "iscrowd": false, "isbbox": false, "color": "#a924f1", "metadata": {}}]}