{"images": [{"id": 139932, "dataset_id": 48, "category_ids": [], "path": "/datasets/201005_PERFUME/20170702_133634_A_1722_   6063412120144_V.jpg", "width": 1024, "height": 254, "file_name": "20170702_133634_A_1722_   6063412120144_V_perfume_411.jpg", "annotated": false, "annotating": [], "num_annotations": 0, "metadata": {}, "deleted": false, "milliseconds": 0, "events": [], "regenerate_thumbnail": false}], "categories": [{"id": 144, "name": "perfume", "supercategory": "", "color": "#167e9d", "metadata": {}, "keypoint_colors": []}], "annotations": [{"id": 100461, "image_id": 139932, "category_id": 144, "segmentation": [[661.4, 39.0, 721.7, 39.6, 736.7, 53.2, 736.0, 91.3, 722.1, 101.3, 712.6, 101.8, 712.9, 110.0, 732.4, 111.7, 732.4, 122.4, 707.3, 125.8, 655.0, 123.1, 655.2, 111.1, 673.5, 110.4, 673.4, 102.4, 657.0, 101.0, 645.9, 87.4, 645.9, 51.2, 660.3, 38.7]], "area": 6709, "bbox": [646.0, 39.0, 91.0, 87.0], "iscrowd": false, "isbbox": false, "color": "#431ebe", "metadata": {}}]}