{"images": [{"id": 139876, "dataset_id": 48, "category_ids": [], "path": "/datasets/201005_PERFUME/20170702_083324_F_7335_   6099726114197_H.jpg", "width": 1024, "height": 305, "file_name": "20170702_083324_F_7335_   6099726114197_H_perfume_356.jpg", "annotated": false, "annotating": [], "num_annotations": 0, "metadata": {}, "deleted": false, "milliseconds": 0, "events": [], "regenerate_thumbnail": false}], "categories": [{"id": 144, "name": "perfume", "supercategory": "", "color": "#167e9d", "metadata": {}, "keypoint_colors": []}], "annotations": [{"id": 100340, "image_id": 139876, "category_id": 144, "segmentation": [[107.6, 62.8, 108.1, 79.9, 114.8, 84.2, 116.4, 90.8, 111.3, 150.1, 105.5, 154.7, 64.3, 153.6, 59.9, 148.6, 64.3, 89.2, 67.5, 84.4, 75.8, 80.4, 76.6, 61.7, 107.1, 62.0]], "area": 4333, "bbox": [60.0, 62.0, 56.0, 93.0], "iscrowd": false, "isbbox": false, "color": "#64f1f8", "metadata": {}}]}