{"images": [{"id": 139691, "dataset_id": 48, "category_ids": [], "path": "/datasets/201005_PERFUME/20170701_090221_A_1534_   6099721300147_H.jpg", "width": 1024, "height": 308, "file_name": "20170701_090221_A_1534_   6099721300147_H_perfume_29.jpg", "annotated": false, "annotating": [], "num_annotations": 0, "metadata": {}, "deleted": false, "milliseconds": 0, "events": [], "regenerate_thumbnail": false}], "categories": [{"id": 144, "name": "perfume", "supercategory": "", "color": "#167e9d", "metadata": {}, "keypoint_colors": []}], "annotations": [{"id": 99730, "image_id": 139691, "category_id": 144, "segmentation": [[95.8, 79.9, 95.8, 138.1, 94.7, 140.6, 90.9, 141.9, 90.4, 163.3, 54.9, 163.9, 54.7, 141.1, 52.8, 140.0, 52.8, 80.7, 55.5, 78.0, 91.5, 77.2]], "area": 3533, "bbox": [53.0, 77.0, 43.0, 87.0], "iscrowd": false, "isbbox": false, "color": "#7927dd", "metadata": {}}]}