{"images": [{"id": 139754, "dataset_id": 48, "category_ids": [], "path": "/datasets/201005_PERFUME/20170701_093745_A_1475_   6099721300166_V.jpg", "width": 1024, "height": 246, "file_name": "20170701_093745_A_1475_   6099721300166_V_perfumesample_165.jpg", "annotated": false, "annotating": [], "num_annotations": 0, "metadata": {}, "deleted": false, "milliseconds": 0, "events": [], "regenerate_thumbnail": false}], "categories": [{"id": 145, "name": "perfumesample", "supercategory": "", "color": "#7d29d2", "metadata": {}, "keypoint_colors": []}], "annotations": [{"id": 101247, "image_id": 139754, "category_id": 145, "segmentation": [[544.4, 113.5, 554.2, 108.0, 598.0, 89.3, 607.2, 89.3, 612.1, 91.9, 612.1, 93.6, 558.8, 117.8, 553.2, 118.1, 545.4, 115.5]], "area": 650, "bbox": [544.0, 89.0, 68.0, 29.0], "iscrowd": false, "isbbox": false, "color": "#6c20e3", "metadata": {}}, {"id": 101249, "image_id": 139754, "category_id": 145, "segmentation": [[537.5, 111.2, 542.4, 107.6, 591.8, 88.7, 599.3, 89.6, 602.9, 91.9, 603.2, 93.6, 554.8, 114.2, 550.6, 114.5, 546.7, 117.1, 539.8, 115.8]], "area": 616, "bbox": [538.0, 89.0, 65.0, 28.0], "iscrowd": false, "isbbox": false, "color": "#33edc0", "metadata": {}}]}