{"images": [{"id": 139835, "dataset_id": 48, "category_ids": [], "path": "/datasets/201005_PERFUME/20170701_170719_A_1011_   6099721300815_V.jpg", "width": 1024, "height": 308, "file_name": "20170701_170719_A_1011_   6099721300815_V_perfumesample_298.jpg", "annotated": false, "annotating": [], "num_annotations": 0, "metadata": {}, "deleted": false, "milliseconds": 0, "events": [], "regenerate_thumbnail": false}], "categories": [{"id": 145, "name": "perfumesample", "supercategory": "", "color": "#7d29d2", "metadata": {}, "keypoint_colors": []}], "annotations": [{"id": 100256, "image_id": 139835, "category_id": 145, "segmentation": [[755.7, 31.4, 752.6, 34.2, 686.7, 33.8, 685.1, 32.6, 686.3, 26.0, 753.4, 26.4]], "area": 548, "bbox": [685.0, 26.0, 71.0, 8.0], "iscrowd": false, "isbbox": false, "color": "#432195", "metadata": {}}, {"id": 100257, "image_id": 139835, "category_id": 145, "segmentation": [[737.0, 38.4, 736.6, 41.6, 735.0, 42.0, 669.6, 41.6, 666.4, 40.0, 666.4, 36.5, 668.4, 34.2, 734.7, 33.8]], "area": 557, "bbox": [666.0, 34.0, 71.0, 8.0], "iscrowd": false, "isbbox": false, "color": "#35ed4c", "metadata": {}}]}