{"images": [{"id": 139714, "dataset_id": 48, "category_ids": [], "path": "/datasets/201005_PERFUME/20170701_090404_A_1572_   6099721300172_V.jpg", "width": 1024, "height": 250, "file_name": "20170701_090404_A_1572_   6099721300172_V_perfumesample_97.jpg", "annotated": false, "annotating": [], "num_annotations": 0, "metadata": {}, "deleted": false, "milliseconds": 0, "events": [], "regenerate_thumbnail": false}], "categories": [{"id": 145, "name": "perfumesample", "supercategory": "", "color": "#7d29d2", "metadata": {}, "keypoint_colors": []}], "annotations": [{"id": 99944, "image_id": 139714, "category_id": 145, "segmentation": [[711.7, 32.8, 636.5, 33.4, 637.8, 28.2, 710.7, 27.7]], "area": 371, "bbox": [637.0, 28.0, 75.0, 5.0], "iscrowd": false, "isbbox": false, "color": "#36b51c", "metadata": {}}, {"id": 99945, "image_id": 139714, "category_id": 145, "segmentation": [[738.0, 35.5, 739.4, 41.5, 736.4, 44.5, 604.5, 46.6, 598.8, 42.6, 599.9, 37.7, 604.3, 34.5, 733.7, 32.6]], "area": 1643, "bbox": [599.0, 33.0, 140.0, 14.0], "iscrowd": false, "isbbox": false, "color": "#57ced9", "metadata": {}}, {"id": 99946, "image_id": 139714, "category_id": 145, "segmentation": [[753.2, 82.4, 760.5, 113.5, 743.1, 114.6, 736.1, 85.9, 736.4, 77.8, 751.3, 77.5]], "area": 634, "bbox": [736.0, 78.0, 25.0, 37.0], "iscrowd": false, "isbbox": false, "color": "#3ae4e9", "metadata": {}}]}