{"images": [{"id": 139752, "dataset_id": 48, "category_ids": [], "path": "/datasets/201005_PERFUME/20170701_093727_A_1467_   6099721300174_V.jpg", "width": 1024, "height": 298, "file_name": "20170701_093727_A_1467_   6099721300174_V_perfumesample_159.jpg", "annotated": false, "annotating": [], "num_annotations": 0, "metadata": {}, "deleted": false, "milliseconds": 0, "events": [], "regenerate_thumbnail": false}], "categories": [{"id": 145, "name": "perfumesample", "supercategory": "", "color": "#7d29d2", "metadata": {}, "keypoint_colors": []}], "annotations": [{"id": 100112, "image_id": 139752, "category_id": 145, "segmentation": [[626.1, 123.6, 629.4, 126.5, 630.2, 155.0, 611.2, 155.5, 609.3, 127.3, 612.6, 123.8, 609.6, 120.3, 627.5, 119.8]], "area": 665, "bbox": [609.0, 120.0, 21.0, 36.0], "iscrowd": false, "isbbox": false, "color": "#8712bf", "metadata": {}}, {"id": 100113, "image_id": 139752, "category_id": 145, "segmentation": [[530.6, 59.7, 533.3, 62.4, 532.2, 90.5, 511.6, 90.5, 511.9, 62.6, 514.8, 59.1, 512.4, 55.3, 531.9, 55.3]], "area": 727, "bbox": [512.0, 55.0, 21.0, 36.0], "iscrowd": false, "isbbox": false, "color": "#5dd0ee", "metadata": {}}]}