{"images": [{"id": 139905, "dataset_id": 48, "category_ids": [], "path": "/datasets/201005_PERFUME/20170702_101607_F_6380_   6076825850923_H.jpg", "width": 1024, "height": 253, "file_name": "20170702_101607_F_6380_   6076825850923_H_perfume_386.jpg", "annotated": false, "annotating": [], "num_annotations": 0, "metadata": {}, "deleted": false, "milliseconds": 0, "events": [], "regenerate_thumbnail": false}], "categories": [{"id": 144, "name": "perfume", "supercategory": "", "color": "#167e9d", "metadata": {}, "keypoint_colors": []}], "annotations": [{"id": 100401, "image_id": 139905, "category_id": 144, "segmentation": [[81.5, 35.2, 118.1, 36.3, 123.5, 40.9, 122.8, 44.7, 115.2, 48.1, 112.8, 53.0, 114.1, 57.4, 120.1, 57.9, 122.6, 60.3, 105.0, 119.1, 102.5, 120.2, 46.7, 118.0, 45.6, 113.3, 62.5, 55.9, 70.9, 55.0, 72.9, 44.5, 68.7, 41.2, 68.5, 38.5, 72.3, 35.6, 79.6, 34.5]], "area": 4795, "bbox": [46.0, 35.0, 77.0, 85.0], "iscrowd": false, "isbbox": false, "color": "#12abce", "metadata": {}}]}