{"images": [{"id": 139741, "dataset_id": 48, "category_ids": [], "path": "/datasets/201005_PERFUME/20170701_093419_A_1395_   6099721297945_H.jpg", "width": 1024, "height": 271, "file_name": "20170701_093419_A_1395_   6099721297945_H_perfume_128.jpg", "annotated": false, "annotating": [], "num_annotations": 0, "metadata": {}, "deleted": false, "milliseconds": 0, "events": [], "regenerate_thumbnail": false}], "categories": [{"id": 144, "name": "perfume", "supercategory": "", "color": "#167e9d", "metadata": {}, "keypoint_colors": []}], "annotations": [{"id": 100057, "image_id": 139741, "category_id": 144, "segmentation": [[129.6, 35.5, 138.2, 101.3, 119.8, 104.0, 119.3, 105.4, 126.8, 105.9, 128.7, 109.4, 136.9, 110.0, 136.9, 122.7, 135.2, 123.8, 77.8, 125.2, 75.7, 110.5, 83.5, 109.7, 86.8, 104.8, 73.8, 104.8, 71.1, 103.0, 63.5, 35.3, 124.7, 33.6]], "area": 5729, "bbox": [64.0, 34.0, 74.0, 91.0], "iscrowd": false, "isbbox": false, "color": "#0661fe", "metadata": {}}]}