{"images": [{"id": 139732, "dataset_id": 48, "category_ids": [], "path": "/datasets/201005_PERFUME/20170701_092901_A_1240_   6099730099613_V.jpg", "width": 1024, "height": 257, "file_name": "20170701_092901_A_1240_   6099730099613_V_perfume_121.jpg", "annotated": false, "annotating": [], "num_annotations": 0, "metadata": {}, "deleted": false, "milliseconds": 0, "events": [], "regenerate_thumbnail": false}], "categories": [{"id": 144, "name": "perfume", "supercategory": "", "color": "#167e9d", "metadata": {}, "keypoint_colors": []}], "annotations": [{"id": 100010, "image_id": 139732, "category_id": 144, "segmentation": [[679.3, 54.3, 712.3, 50.8, 722.4, 51.9, 735.1, 57.8, 746.5, 69.7, 748.6, 74.9, 748.1, 82.4, 745.9, 86.0, 740.2, 89.2, 679.9, 96.3, 651.2, 97.3, 632.2, 97.3, 609.5, 93.3, 609.2, 94.6, 588.9, 97.6, 569.4, 98.4, 562.1, 96.8, 557.2, 93.3, 555.0, 89.5, 555.3, 86.8, 559.1, 83.3, 594.8, 76.8, 596.2, 78.9, 600.8, 73.8, 610.8, 67.8, 637.6, 61.1, 681.2, 54.3]], "area": 6028, "bbox": [555.0, 51.0, 194.0, 47.0], "iscrowd": false, "isbbox": false, "color": "#3afef6", "metadata": {}}]}