{"images": [{"id": 139763, "dataset_id": 48, "category_ids": [], "path": "/datasets/201005_PERFUME/20170701_094710_A_1629_   6099721299488_H.jpg", "width": 1024, "height": 261, "file_name": "20170701_094710_A_1629_   6099721299488_H_perfumesample_188.jpg", "annotated": false, "annotating": [], "num_annotations": 0, "metadata": {}, "deleted": false, "milliseconds": 0, "events": [], "regenerate_thumbnail": false}], "categories": [{"id": 145, "name": "perfumesample", "supercategory": "", "color": "#7d29d2", "metadata": {}, "keypoint_colors": []}], "annotations": [{"id": 100143, "image_id": 139763, "category_id": 145, "segmentation": [[112.9, 140.8, 110.6, 145.0, 104.4, 146.0, 85.0, 135.9, 84.6, 133.0, 88.2, 129.8, 94.1, 129.4, 111.9, 138.8]], "area": 253, "bbox": [85.0, 129.0, 28.0, 17.0], "iscrowd": false, "isbbox": false, "color": "#d6df3b", "metadata": {}}, {"id": 100144, "image_id": 139763, "category_id": 145, "segmentation": [[175.9, 106.9, 160.9, 137.6, 142.7, 136.1, 149.1, 120.5, 160.0, 103.9, 175.6, 106.2]], "area": 606, "bbox": [143.0, 104.0, 33.0, 34.0], "iscrowd": false, "isbbox": false, "color": "#b1b82b", "metadata": {}}]}