{"images": [{"id": 139683, "dataset_id": 48, "category_ids": [], "path": "/datasets/201005_PERFUME/20170701_090134_A_1522_   6099721300179_H.jpg", "width": 1024, "height": 307, "file_name": "20170701_090134_A_1522_   6099721300179_H_perfume_6.jpg", "annotated": false, "annotating": [], "num_annotations": 0, "metadata": {}, "deleted": false, "milliseconds": 0, "events": [], "regenerate_thumbnail": false}], "categories": [{"id": 144, "name": "perfume", "supercategory": "", "color": "#167e9d", "metadata": {}, "keypoint_colors": []}], "annotations": [{"id": 99633, "image_id": 139683, "category_id": 144, "segmentation": [[93.7, 69.1, 94.0, 94.1, 97.9, 97.4, 101.2, 110.4, 101.5, 145.1, 99.5, 152.9, 96.3, 157.5, 90.4, 157.5, 88.5, 155.8, 67.1, 155.5, 61.9, 158.4, 57.6, 155.5, 55.4, 149.4, 52.4, 126.6, 53.1, 101.3, 58.6, 92.2, 57.3, 89.2, 58.3, 68.1, 61.9, 65.9, 93.4, 67.2]], "area": 3889, "bbox": [52.0, 66.0, 50.0, 92.0], "iscrowd": false, "isbbox": false, "color": "#54dfa5", "metadata": {}}]}