{"images": [{"id": 139834, "dataset_id": 48, "category_ids": [], "path": "/datasets/201005_PERFUME/20170701_170719_A_1011_   6099721300815_H.jpg", "width": 1024, "height": 308, "file_name": "20170701_170719_A_1011_   6099721300815_H_perfumesample_296.jpg", "annotated": false, "annotating": [], "num_annotations": 0, "metadata": {}, "deleted": false, "milliseconds": 0, "events": [], "regenerate_thumbnail": false}], "categories": [{"id": 145, "name": "perfumesample", "supercategory": "", "color": "#7d29d2", "metadata": {}, "keypoint_colors": []}], "annotations": [{"id": 100253, "image_id": 139834, "category_id": 145, "segmentation": [[213.3, 34.4, 213.3, 38.0, 209.4, 40.6, 194.1, 40.3, 189.6, 38.7, 187.3, 36.1, 187.3, 33.5, 191.9, 31.2, 208.8, 32.2]], "area": 203, "bbox": [187.0, 31.0, 26.0, 10.0], "iscrowd": false, "isbbox": false, "color": "#760caf", "metadata": {}}, {"id": 100254, "image_id": 139834, "category_id": 145, "segmentation": [[191.5, 40.6, 194.5, 41.9, 194.5, 45.2, 190.2, 47.4, 177.3, 47.1, 171.7, 44.2, 172.1, 41.3, 175.6, 38.7, 186.0, 39.0]], "area": 158, "bbox": [172.0, 39.0, 23.0, 8.0], "iscrowd": false, "isbbox": false, "color": "#9d25e3", "metadata": {}}]}