{"images": [{"id": 139697, "dataset_id": 48, "category_ids": [], "path": "/datasets/201005_PERFUME/20170701_090305_A_1547_   6099721300187_H.jpg", "width": 1024, "height": 252, "file_name": "20170701_090305_A_1547_   6099721300187_H_perfumesample_47.jpg", "annotated": false, "annotating": [], "num_annotations": 0, "metadata": {}, "deleted": false, "milliseconds": 0, "events": [], "regenerate_thumbnail": false}], "categories": [{"id": 145, "name": "perfumesample", "supercategory": "", "color": "#7d29d2", "metadata": {}, "keypoint_colors": []}], "annotations": [{"id": 99836, "image_id": 139697, "category_id": 145, "segmentation": [[101.9, 31.9, 108.7, 34.8, 109.6, 37.7, 103.7, 42.0, 97.6, 42.0, 93.1, 40.9, 89.7, 37.0, 91.1, 33.0, 96.7, 31.4]], "area": 157, "bbox": [90.0, 31.0, 20.0, 11.0], "iscrowd": false, "isbbox": false, "color": "#3e2cc3", "metadata": {}}, {"id": 99838, "image_id": 139697, "category_id": 145, "segmentation": [[166.4, 79.2, 168.0, 81.5, 163.9, 109.2, 145.0, 108.3, 149.3, 80.4, 152.4, 77.0, 152.4, 73.1, 166.6, 74.0]], "area": 645, "bbox": [145.0, 73.0, 23.0, 36.0], "iscrowd": false, "isbbox": false, "color": "#1db479", "metadata": {}}]}