{"images": [{"id": 139920, "dataset_id": 48, "category_ids": [], "path": "/datasets/201005_PERFUME/20170702_104017_F_6477_   6076825850921_V.jpg", "width": 1024, "height": 241, "file_name": "20170702_104017_F_6477_   6076825850921_V_perfume_401.jpg", "annotated": false, "annotating": [], "num_annotations": 0, "metadata": {}, "deleted": false, "milliseconds": 0, "events": [], "regenerate_thumbnail": false}], "categories": [{"id": 144, "name": "perfume", "supercategory": "", "color": "#167e9d", "metadata": {}, "keypoint_colors": []}], "annotations": [{"id": 100438, "image_id": 139920, "category_id": 144, "segmentation": [[546.2, 20.1, 554.6, 34.3, 584.4, 32.6, 587.7, 33.7, 598.5, 46.4, 636.1, 99.6, 635.2, 104.7, 625.6, 108.0, 573.3, 116.3, 541.0, 118.7, 530.1, 115.1, 501.6, 75.1, 488.5, 52.4, 487.8, 48.4, 493.4, 44.3, 517.9, 40.1, 516.6, 37.7, 511.9, 38.4, 502.8, 25.4, 543.7, 20.1]], "area": 9370, "bbox": [488.0, 20.0, 148.0, 99.0], "iscrowd": false, "isbbox": false, "color": "#2018b8", "metadata": {}}]}