{"images": [{"id": 139758, "dataset_id": 48, "category_ids": [], "path": "/datasets/201005_PERFUME/20170701_094120_A_1550_   6099721299526_V.jpg", "width": 1024, "height": 298, "file_name": "20170701_094120_A_1550_   6099721299526_V_perfume_171.jpg", "annotated": false, "annotating": [], "num_annotations": 0, "metadata": {}, "deleted": false, "milliseconds": 0, "events": [], "regenerate_thumbnail": false}], "categories": [{"id": 144, "name": "perfume", "supercategory": "", "color": "#167e9d", "metadata": {}, "keypoint_colors": []}], "annotations": [{"id": 100124, "image_id": 139758, "category_id": 144, "segmentation": [[709.5, 62.6, 703.7, 69.2, 701.7, 82.9, 743.5, 84.4, 745.0, 145.2, 749.3, 146.0, 748.5, 150.3, 618.7, 151.9, 602.3, 150.3, 602.3, 147.6, 607.0, 144.9, 606.6, 85.6, 655.3, 83.6, 655.3, 80.9, 657.7, 80.5, 656.9, 77.0, 641.7, 57.1, 683.0, 55.6, 712.7, 58.3]], "area": 10763, "bbox": [602.0, 56.0, 147.0, 96.0], "iscrowd": false, "isbbox": false, "color": "#e2f946", "metadata": {}}]}