{"images": [{"id": 139871, "dataset_id": 48, "category_ids": [], "path": "/datasets/201005_PERFUME/20170702_082446_F_7162_   6099726114205_H.jpg", "width": 1024, "height": 270, "file_name": "20170702_082446_F_7162_   6099726114205_H_perfumesample_351.jpg", "annotated": false, "annotating": [], "num_annotations": 0, "metadata": {}, "deleted": false, "milliseconds": 0, "events": [], "regenerate_thumbnail": false}], "categories": [{"id": 145, "name": "perfumesample", "supercategory": "", "color": "#7d29d2", "metadata": {}, "keypoint_colors": []}], "annotations": [{"id": 100333, "image_id": 139871, "category_id": 145, "segmentation": [[67.2, 47.9, 69.2, 44.2, 143.8, 47.0, 142.1, 55.7, 67.9, 53.2]], "area": 673, "bbox": [67.0, 44.0, 77.0, 12.0], "iscrowd": false, "isbbox": false, "color": "#bf0029", "metadata": {}}]}