{"images": [{"id": 139857, "dataset_id": 48, "category_ids": [], "path": "/datasets/201005_PERFUME/20170701_172633_E_5031_    PUS009119046_V.jpg", "width": 1024, "height": 303, "file_name": "20170701_172633_E_5031_    PUS009119046_V_perfume_337.jpg", "annotated": false, "annotating": [], "num_annotations": 0, "metadata": {}, "deleted": false, "milliseconds": 0, "events": [], "regenerate_thumbnail": false}], "categories": [{"id": 144, "name": "perfume", "supercategory": "", "color": "#167e9d", "metadata": {}, "keypoint_colors": []}], "annotations": [{"id": 100308, "image_id": 139857, "category_id": 144, "segmentation": [[680.8, 37.9, 680.9, 120.3, 678.0, 120.5, 678.9, 161.1, 543.7, 162.5, 543.1, 122.2, 540.0, 119.9, 539.5, 38.4, 678.9, 37.5]], "area": 17217, "bbox": [540.0, 38.0, 141.0, 125.0], "iscrowd": false, "isbbox": false, "color": "#ad244b", "metadata": {}}]}