{"images": [{"id": 139845, "dataset_id": 48, "category_ids": [], "path": "/datasets/201005_PERFUME/20170701_171234_A_1124_   6099721299824_V.jpg", "width": 1024, "height": 269, "file_name": "20170701_171234_A_1124_   6099721299824_V_perfume_321.jpg", "annotated": false, "annotating": [], "num_annotations": 0, "metadata": {}, "deleted": false, "milliseconds": 0, "events": [], "regenerate_thumbnail": false}], "categories": [{"id": 144, "name": "perfume", "supercategory": "", "color": "#167e9d", "metadata": {}, "keypoint_colors": []}], "annotations": [{"id": 100279, "image_id": 139845, "category_id": 144, "segmentation": [[719.7, 51.2, 719.7, 60.4, 724.8, 61.8, 724.8, 67.5, 734.6, 68.0, 735.9, 71.8, 730.5, 124.3, 733.8, 127.0, 733.2, 132.7, 639.6, 132.4, 639.8, 126.5, 643.6, 121.6, 649.8, 67.7, 662.0, 67.2, 662.3, 61.0, 669.6, 60.7, 671.2, 48.0, 718.9, 48.8]], "area": 6752, "bbox": [640.0, 48.0, 96.0, 85.0], "iscrowd": false, "isbbox": false, "color": "#9e56e9", "metadata": {}}]}