{"images": [{"id": 139955, "dataset_id": 48, "category_ids": [], "path": "/datasets/201005_PERFUME/20170702_171232_A_1062_   6099721301325_H.jpg", "width": 1024, "height": 300, "file_name": "20170702_171232_A_1062_   6099721301325_H_perfumesample_455.jpg", "annotated": false, "annotating": [], "num_annotations": 0, "metadata": {}, "deleted": false, "milliseconds": 0, "events": [], "regenerate_thumbnail": false}], "categories": [{"id": 145, "name": "perfumesample", "supercategory": "", "color": "#7d29d2", "metadata": {}, "keypoint_colors": []}], "annotations": [{"id": 100560, "image_id": 139955, "category_id": 145, "segmentation": [[69.0, 50.4, 67.7, 79.7, 65.0, 83.3, 49.0, 83.0, 49.0, 49.9, 66.8, 49.2]], "area": 642, "bbox": [49.0, 49.0, 20.0, 34.0], "iscrowd": false, "isbbox": false, "color": "#b5dd4e", "metadata": {}}, {"id": 100562, "image_id": 139955, "category_id": 145, "segmentation": [[66.0, 125.5, 66.1, 153.4, 64.4, 154.9, 64.6, 157.8, 48.8, 157.8, 47.4, 124.4, 64.4, 124.4]], "area": 602, "bbox": [47.0, 124.0, 19.0, 34.0], "iscrowd": false, "isbbox": false, "color": "#458ce0", "metadata": {}}]}