{"images": [{"id": 139967, "dataset_id": 48, "category_ids": [], "path": "/datasets/201005_PERFUME/20170702_171801_A_1190_   6099721300198_H.jpg", "width": 1024, "height": 298, "file_name": "20170702_171801_A_1190_   6099721300198_H_perfumesample_477.jpg", "annotated": false, "annotating": [], "num_annotations": 0, "metadata": {}, "deleted": false, "milliseconds": 0, "events": [], "regenerate_thumbnail": false}], "categories": [{"id": 145, "name": "perfumesample", "supercategory": "", "color": "#7d29d2", "metadata": {}, "keypoint_colors": []}], "annotations": [{"id": 100595, "image_id": 139967, "category_id": 145, "segmentation": [[104.5, 61.7, 104.6, 89.3, 103.0, 93.9, 91.0, 94.6, 88.7, 88.1, 88.1, 61.9, 102.8, 61.0]], "area": 525, "bbox": [88.0, 61.0, 17.0, 34.0], "iscrowd": false, "isbbox": false, "color": "#90ea66", "metadata": {}}, {"id": 100596, "image_id": 139967, "category_id": 145, "segmentation": [[101.7, 52.3, 105.0, 55.9, 105.3, 59.4, 102.8, 62.5, 97.7, 65.0, 74.8, 66.5, 67.6, 64.5, 63.4, 60.3, 65.0, 56.1, 70.5, 53.6, 96.1, 51.4]], "area": 491, "bbox": [64.0, 51.0, 41.0, 16.0], "iscrowd": false, "isbbox": false, "color": "#4bdcc5", "metadata": {}}, {"id": 100597, "image_id": 139967, "category_id": 145, "segmentation": [[58.9, 112.3, 59.4, 141.8, 56.1, 145.3, 42.5, 145.6, 42.5, 112.4, 56.7, 111.7]], "area": 531, "bbox": [43.0, 112.0, 16.0, 34.0], "iscrowd": false, "isbbox": false, "color": "#82d333", "metadata": {}}]}