{"images": [{"id": 139802, "dataset_id": 48, "category_ids": [], "path": "/datasets/201005_PERFUME/20170701_132910_A_1309_   6095010946480_H.jpg", "width": 1024, "height": 261, "file_name": "20170701_132910_A_1309_   6095010946480_H_perfume_250.jpg", "annotated": false, "annotating": [], "num_annotations": 0, "metadata": {}, "deleted": false, "milliseconds": 0, "events": [], "regenerate_thumbnail": false}], "categories": [{"id": 144, "name": "perfume", "supercategory": "", "color": "#167e9d", "metadata": {}, "keypoint_colors": []}], "annotations": [{"id": 100206, "image_id": 139802, "category_id": 144, "segmentation": [[240.2, 115.7, 240.5, 121.4, 226.1, 129.2, 218.8, 129.5, 186.0, 115.2, 178.7, 113.8, 176.8, 111.9, 162.8, 111.1, 70.2, 71.0, 53.7, 61.5, 52.3, 58.0, 78.3, 43.4, 90.7, 45.3, 186.9, 86.5, 199.9, 93.8, 202.6, 98.9, 208.8, 101.3, 209.6, 103.8, 213.1, 103.0, 240.2, 114.9]], "area": 5289, "bbox": [53.0, 43.0, 188.0, 87.0], "iscrowd": false, "isbbox": false, "color": "#207fab", "metadata": {}}]}