{"images": [{"id": 139872, "dataset_id": 48, "category_ids": [], "path": "/datasets/201005_PERFUME/20170702_082446_F_7162_   6099726114205_V.jpg", "width": 1024, "height": 270, "file_name": "20170702_082446_F_7162_   6099726114205_V_perfume_352.jpg", "annotated": false, "annotating": [], "num_annotations": 0, "metadata": {}, "deleted": false, "milliseconds": 0, "events": [], "regenerate_thumbnail": false}], "categories": [{"id": 144, "name": "perfume", "supercategory": "", "color": "#167e9d", "metadata": {}, "keypoint_colors": []}], "annotations": [{"id": 100334, "image_id": 139872, "category_id": 144, "segmentation": [[697.4, 40.6, 699.7, 42.6, 697.4, 46.2, 704.5, 46.0, 705.0, 106.4, 691.7, 114.6, 679.1, 116.6, 683.0, 118.3, 684.3, 121.6, 688.9, 125.5, 688.5, 131.3, 685.4, 135.4, 673.1, 138.3, 663.3, 138.5, 649.0, 135.0, 646.6, 132.0, 646.8, 127.0, 653.8, 117.0, 644.4, 115.9, 631.8, 109.0, 629.7, 106.4, 629.0, 46.5, 634.9, 46.3, 632.1, 43.2, 636.2, 40.4, 692.4, 39.3]], "area": 6332, "bbox": [629.0, 39.0, 76.0, 100.0], "iscrowd": false, "isbbox": false, "color": "#dceb13", "metadata": {}}]}