{"images": [{"id": 139943, "dataset_id": 48, "category_ids": [], "path": "/datasets/201005_PERFUME/20170702_171131_A_1028_   6099721299857_H.jpg", "width": 1024, "height": 284, "file_name": "20170702_171131_A_1028_   6099721299857_H_perfume_428.jpg", "annotated": false, "annotating": [], "num_annotations": 0, "metadata": {}, "deleted": false, "milliseconds": 0, "events": [], "regenerate_thumbnail": false}], "categories": [{"id": 144, "name": "perfume", "supercategory": "", "color": "#167e9d", "metadata": {}, "keypoint_colors": []}], "annotations": [{"id": 100520, "image_id": 139943, "category_id": 144, "segmentation": [[97.2, 45.5, 161.8, 45.1, 167.3, 48.0, 169.8, 107.6, 164.2, 111.4, 157.6, 113.0, 158.4, 124.3, 154.4, 127.0, 145.3, 128.8, 144.6, 139.2, 119.0, 139.0, 118.2, 129.4, 106.4, 126.3, 105.0, 113.9, 100.4, 113.9, 91.0, 107.9, 88.3, 48.0, 92.6, 46.9]], "area": 6348, "bbox": [88.0, 45.0, 82.0, 94.0], "iscrowd": false, "isbbox": false, "color": "#58c828", "metadata": {}}]}