{"images": [{"id": 139701, "dataset_id": 48, "category_ids": [], "path": "/datasets/201005_PERFUME/20170701_090309_A_1549_   6099721300186_H.jpg", "width": 1024, "height": 251, "file_name": "20170701_090309_A_1549_   6099721300186_H_perfume_57.jpg", "annotated": false, "annotating": [], "num_annotations": 0, "metadata": {}, "deleted": false, "milliseconds": 0, "events": [], "regenerate_thumbnail": false}], "categories": [{"id": 144, "name": "perfume", "supercategory": "", "color": "#167e9d", "metadata": {}, "keypoint_colors": []}], "annotations": [{"id": 99865, "image_id": 139701, "category_id": 144, "segmentation": [[134.8, 38.4, 135.6, 60.6, 139.1, 62.8, 141.6, 128.6, 135.1, 130.5, 70.7, 129.9, 66.6, 63.3, 69.3, 60.1, 68.5, 39.2, 134.5, 38.4]], "area": 6416, "bbox": [67.0, 38.0, 75.0, 93.0], "iscrowd": false, "isbbox": false, "color": "#a51310", "metadata": {}}]}