{"images": [{"id": 139922, "dataset_id": 48, "category_ids": [], "path": "/datasets/201005_PERFUME/20170702_104045_F_6488_   6076825850936_V.jpg", "width": 1024, "height": 257, "file_name": "20170702_104045_F_6488_   6076825850936_V_perfume_403.jpg", "annotated": false, "annotating": [], "num_annotations": 0, "metadata": {}, "deleted": false, "milliseconds": 0, "events": [], "regenerate_thumbnail": false}], "categories": [{"id": 144, "name": "perfume", "supercategory": "", "color": "#167e9d", "metadata": {}, "keypoint_colors": []}], "annotations": [{"id": 100444, "image_id": 139922, "category_id": 144, "segmentation": [[686.2, 28.3, 697.7, 32.4, 706.4, 33.4, 713.7, 38.5, 712.4, 51.0, 704.1, 55.5, 700.6, 60.0, 743.2, 61.0, 743.9, 64.5, 726.9, 130.8, 723.3, 132.7, 608.0, 127.0, 606.8, 122.7, 621.7, 59.0, 624.0, 57.4, 648.3, 57.7, 648.3, 52.3, 643.9, 43.3, 644.2, 39.5, 646.1, 37.2, 659.9, 34.0, 668.9, 28.9, 680.1, 28.6]], "area": 10409, "bbox": [607.0, 28.0, 137.0, 105.0], "iscrowd": false, "isbbox": false, "color": "#da59d0", "metadata": {}}]}