{"images": [{"id": 139711, "dataset_id": 48, "category_ids": [], "path": "/datasets/201005_PERFUME/20170701_090400_A_1570_   6099721300156_H.jpg", "width": 1024, "height": 269, "file_name": "20170701_090400_A_1570_   6099721300156_H_perfumesample_87.jpg", "annotated": false, "annotating": [], "num_annotations": 0, "metadata": {}, "deleted": false, "milliseconds": 0, "events": [], "regenerate_thumbnail": false}], "categories": [{"id": 145, "name": "perfumesample", "supercategory": "", "color": "#7d29d2", "metadata": {}, "keypoint_colors": []}], "annotations": [{"id": 99935, "image_id": 139711, "category_id": 145, "segmentation": [[173.4, 87.4, 175.7, 89.2, 175.4, 117.7, 159.4, 117.9, 157.8, 90.8, 159.4, 87.9, 159.4, 81.1, 173.2, 80.9, 173.4, 85.2]], "area": 615, "bbox": [158.0, 81.0, 18.0, 37.0], "iscrowd": false, "isbbox": false, "color": "#b70045", "metadata": {}}, {"id": 99937, "image_id": 139711, "category_id": 145, "segmentation": [[185.6, 53.8, 187.2, 55.8, 187.4, 86.1, 170.9, 86.3, 170.2, 57.9, 171.6, 56.3, 171.6, 49.5, 184.7, 48.8]], "area": 585, "bbox": [170.0, 49.0, 17.0, 37.0], "iscrowd": false, "isbbox": false, "color": "#db1310", "metadata": {}}]}