{"images": [{"id": 139785, "dataset_id": 48, "category_ids": [], "path": "/datasets/201005_PERFUME/20170701_100746_A_1060_   6099704563266_H.jpg", "width": 1024, "height": 339, "file_name": "20170701_100746_A_1060_   6099704563266_H_perfume_232.jpg", "annotated": false, "annotating": [], "num_annotations": 0, "metadata": {}, "deleted": false, "milliseconds": 0, "events": [], "regenerate_thumbnail": false}], "categories": [{"id": 144, "name": "perfume", "supercategory": "", "color": "#167e9d", "metadata": {}, "keypoint_colors": []}], "annotations": [{"id": 100188, "image_id": 139785, "category_id": 144, "segmentation": [[134.3, 80.4, 153.6, 82.8, 168.2, 82.5, 176.0, 106.1, 160.1, 109.9, 157.9, 114.2, 150.3, 114.2, 143.8, 117.2, 132.2, 116.9, 119.4, 119.1, 121.6, 119.1, 112.7, 122.8, 103.8, 122.0, 107.3, 116.9, 112.4, 115.3, 113.5, 117.7, 121.4, 116.9, 130.3, 114.2, 137.1, 109.0, 127.3, 111.2, 96.2, 110.1, 87.2, 85.5, 134.1, 80.4]], "area": 2471, "bbox": [88.0, 80.0, 88.0, 43.0], "iscrowd": false, "isbbox": false, "color": "#07d77a", "metadata": {}}, {"id": 100189, "image_id": 139785, "category_id": 144, "segmentation": [[171.2, 143.7, 185.2, 168.6, 183.4, 170.2, 84.5, 177.5, 74.8, 151.3, 118.1, 146.1, 153.0, 146.1, 169.8, 144.0]], "area": 2735, "bbox": [75.0, 144.0, 110.0, 34.0], "iscrowd": false, "isbbox": false, "color": "#a31a70", "metadata": {}}]}