{"images": [{"id": 139700, "dataset_id": 48, "category_ids": [], "path": "/datasets/201005_PERFUME/20170701_090307_A_1548_   6099721299437_V.jpg", "width": 1024, "height": 252, "file_name": "20170701_090307_A_1548_   6099721299437_V_perfume_54.jpg", "annotated": false, "annotating": [], "num_annotations": 0, "metadata": {}, "deleted": false, "milliseconds": 0, "events": [], "regenerate_thumbnail": false}], "categories": [{"id": 144, "name": "perfume", "supercategory": "", "color": "#167e9d", "metadata": {}, "keypoint_colors": []}], "annotations": [{"id": 99855, "image_id": 139700, "category_id": 144, "segmentation": [[752.7, 32.4, 757.9, 36.6, 759.9, 53.8, 759.2, 64.2, 752.5, 84.5, 747.9, 86.9, 713.0, 88.5, 713.2, 92.4, 724.9, 93.5, 723.6, 113.8, 706.7, 114.5, 659.7, 112.4, 660.9, 92.8, 675.1, 92.6, 674.8, 87.2, 640.6, 86.0, 637.4, 82.7, 633.6, 68.4, 634.0, 57.2, 640.3, 37.1, 646.0, 31.0, 747.7, 30.8]], "area": 8294, "bbox": [634.0, 31.0, 126.0, 84.0], "iscrowd": false, "isbbox": false, "color": "#67d971", "metadata": {}}]}