{"images": [{"id": 139694, "dataset_id": 48, "category_ids": [], "path": "/datasets/201005_PERFUME/20170701_090253_A_1542_   6099721300128_V.jpg", "width": 1024, "height": 269, "file_name": "20170701_090253_A_1542_   6099721300128_V_perfume_37.jpg", "annotated": false, "annotating": [], "num_annotations": 0, "metadata": {}, "deleted": false, "milliseconds": 0, "events": [], "regenerate_thumbnail": false}], "categories": [{"id": 144, "name": "perfume", "supercategory": "", "color": "#167e9d", "metadata": {}, "keypoint_colors": []}], "annotations": [{"id": 99814, "image_id": 139694, "category_id": 144, "segmentation": [[742.4, 41.3, 743.4, 42.3, 738.8, 86.5, 741.1, 88.7, 737.9, 103.4, 705.7, 102.4, 706.3, 105.6, 714.1, 106.9, 712.5, 118.6, 655.3, 117.3, 657.3, 104.7, 668.0, 105.3, 669.0, 102.1, 636.5, 99.8, 638.1, 87.4, 640.7, 84.8, 647.9, 40.3, 650.1, 37.7, 737.5, 39.4]], "area": 7062, "bbox": [637.0, 38.0, 106.0, 81.0], "iscrowd": false, "isbbox": false, "color": "#73cbef", "metadata": {}}]}