{"images": [{"id": 139709, "dataset_id": 48, "category_ids": [], "path": "/datasets/201005_PERFUME/20170701_090359_A_1569_   6099721300164_H.jpg", "width": 1024, "height": 269, "file_name": "20170701_090359_A_1569_   6099721300164_H_perfume_80.jpg", "annotated": false, "annotating": [], "num_annotations": 0, "metadata": {}, "deleted": false, "milliseconds": 0, "events": [], "regenerate_thumbnail": false}], "categories": [{"id": 144, "name": "perfume", "supercategory": "", "color": "#167e9d", "metadata": {}, "keypoint_colors": []}], "annotations": [{"id": 99921, "image_id": 139709, "category_id": 144, "segmentation": [[144.6, 40.9, 150.5, 41.7, 159.8, 46.3, 159.2, 54.7, 157.0, 56.8, 147.6, 59.3, 143.8, 66.6, 149.7, 69.3, 154.1, 75.8, 152.2, 88.0, 141.3, 104.8, 124.6, 125.1, 101.0, 149.2, 53.1, 142.1, 58.5, 123.4, 80.4, 79.9, 92.1, 69.3, 102.9, 64.7, 116.2, 63.3, 120.2, 56.3, 120.0, 54.4, 116.7, 52.2, 116.4, 47.4, 122.1, 42.0, 127.5, 40.1, 144.9, 40.6]], "area": 6292, "bbox": [53.0, 40.0, 107.0, 109.0], "iscrowd": false, "isbbox": false, "color": "#46e834", "metadata": {}}]}