{"images": [{"id": 139844, "dataset_id": 48, "category_ids": [], "path": "/datasets/201005_PERFUME/20170701_171234_A_1124_   6099721299824_H.jpg", "width": 1024, "height": 269, "file_name": "20170701_171234_A_1124_   6099721299824_H_perfume_318.jpg", "annotated": false, "annotating": [], "num_annotations": 0, "metadata": {}, "deleted": false, "milliseconds": 0, "events": [], "regenerate_thumbnail": false}], "categories": [{"id": 144, "name": "perfume", "supercategory": "", "color": "#167e9d", "metadata": {}, "keypoint_colors": []}], "annotations": [{"id": 100276, "image_id": 139844, "category_id": 144, "segmentation": [[136.2, 54.6, 135.8, 66.0, 141.7, 67.3, 142.0, 72.1, 151.4, 75.1, 144.6, 127.4, 147.2, 132.2, 146.9, 138.1, 63.7, 137.8, 63.7, 130.3, 67.0, 128.0, 74.1, 73.4, 84.5, 72.1, 84.5, 66.0, 90.7, 66.0, 92.6, 53.3, 136.2, 54.3]], "area": 6012, "bbox": [64.0, 53.0, 87.0, 85.0], "iscrowd": false, "isbbox": false, "color": "#236796", "metadata": {}}]}