{"images": [{"id": 139730, "dataset_id": 48, "category_ids": [], "path": "/datasets/201005_PERFUME/20170701_092841_A_1229_   6099730099618_V.jpg", "width": 1024, "height": 268, "file_name": "20170701_092841_A_1229_   6099730099618_V_perfume_119.jpg", "annotated": false, "annotating": [], "num_annotations": 0, "metadata": {}, "deleted": false, "milliseconds": 0, "events": [], "regenerate_thumbnail": false}], "categories": [{"id": 144, "name": "perfume", "supercategory": "", "color": "#167e9d", "metadata": {}, "keypoint_colors": []}], "annotations": [{"id": 99996, "image_id": 139730, "category_id": 144, "segmentation": [[631.2, 62.9, 664.6, 65.8, 656.5, 82.4, 694.6, 86.7, 697.5, 90.8, 695.5, 99.0, 689.0, 103.8, 682.4, 105.1, 647.7, 101.6, 640.2, 117.8, 605.5, 116.5, 605.2, 113.3, 534.3, 105.8, 511.6, 105.5, 478.5, 102.2, 502.5, 50.6, 559.4, 55.1, 558.7, 56.4, 629.9, 64.5]], "area": 9435, "bbox": [479.0, 51.0, 218.0, 67.0], "iscrowd": false, "isbbox": false, "color": "#ab8a12", "metadata": {}}]}