{"images": [{"id": 139844, "dataset_id": 48, "category_ids": [], "path": "/datasets/201005_PERFUME/20170701_171234_A_1124_   6099721299824_H.jpg", "width": 1024, "height": 269, "file_name": "20170701_171234_A_1124_   6099721299824_H_perfumesample_319.jpg", "annotated": false, "annotating": [], "num_annotations": 0, "metadata": {}, "deleted": false, "milliseconds": 0, "events": [], "regenerate_thumbnail": false}], "categories": [{"id": 145, "name": "perfumesample", "supercategory": "", "color": "#7d29d2", "metadata": {}, "keypoint_colors": []}], "annotations": [{"id": 100277, "image_id": 139844, "category_id": 145, "segmentation": [[156.6, 31.2, 159.9, 35.1, 158.9, 40.3, 84.5, 39.0, 82.9, 36.7, 83.8, 32.2, 91.6, 32.2]], "area": 598, "bbox": [83.0, 31.0, 77.0, 9.0], "iscrowd": false, "isbbox": false, "color": "#78dea6", "metadata": {}}, {"id": 100278, "image_id": 139844, "category_id": 145, "segmentation": [[204.7, 115.0, 187.2, 114.7, 187.2, 87.4, 190.4, 83.8, 187.8, 83.5, 186.5, 81.2, 204.4, 80.9, 203.0, 84.5, 204.7, 86.5]], "area": 598, "bbox": [187.0, 81.0, 18.0, 34.0], "iscrowd": false, "isbbox": false, "color": "#4907ef", "metadata": {}}]}