{"images": [{"id": 139745, "dataset_id": 48, "category_ids": [], "path": "/datasets/201005_PERFUME/20170701_093716_A_1462_   6099721299513_H.jpg", "width": 1024, "height": 306, "file_name": "20170701_093716_A_1462_   6099721299513_H_perfumesample_141.jpg", "annotated": false, "annotating": [], "num_annotations": 0, "metadata": {}, "deleted": false, "milliseconds": 0, "events": [], "regenerate_thumbnail": false}], "categories": [{"id": 145, "name": "perfumesample", "supercategory": "", "color": "#7d29d2", "metadata": {}, "keypoint_colors": []}], "annotations": [{"id": 100092, "image_id": 139745, "category_id": 145, "segmentation": [[120.3, 65.7, 121.9, 67.9, 122.4, 97.1, 104.3, 97.1, 104.3, 68.4, 105.9, 66.3, 104.0, 62.0, 119.5, 61.4]], "area": 617, "bbox": [104.0, 61.0, 18.0, 36.0], "iscrowd": false, "isbbox": false, "color": "#ab20bf", "metadata": {}}, {"id": 100094, "image_id": 139745, "category_id": 145, "segmentation": [[120.8, 138.6, 123.3, 141.5, 123.0, 168.9, 105.1, 169.4, 104.6, 144.0, 107.6, 139.1, 106.5, 135.6, 120.3, 135.6]], "area": 576, "bbox": [105.0, 136.0, 18.0, 33.0], "iscrowd": false, "isbbox": false, "color": "#c8e34f", "metadata": {}}]}