{"images": [{"id": 139831, "dataset_id": 48, "category_ids": [], "path": "/datasets/201005_PERFUME/20170701_170534_A_1972_   6099721300748_V.jpg", "width": 1024, "height": 250, "file_name": "20170701_170534_A_1972_   6099721300748_V_perfume_288.jpg", "annotated": false, "annotating": [], "num_annotations": 0, "metadata": {}, "deleted": false, "milliseconds": 0, "events": [], "regenerate_thumbnail": false}], "categories": [{"id": 144, "name": "perfume", "supercategory": "", "color": "#167e9d", "metadata": {}, "keypoint_colors": []}], "annotations": [{"id": 100246, "image_id": 139831, "category_id": 144, "segmentation": [[730.7, 29.9, 736.1, 66.7, 737.7, 97.3, 735.0, 99.5, 717.7, 100.6, 720.4, 102.7, 719.6, 105.2, 715.5, 105.4, 718.3, 119.2, 673.0, 120.3, 672.2, 107.9, 674.7, 102.5, 669.5, 102.7, 667.1, 106.0, 657.9, 106.0, 656.8, 100.6, 652.5, 100.3, 647.9, 97.3, 639.5, 31.3, 650.3, 29.9, 723.4, 28.5, 730.2, 29.6]], "area": 7398, "bbox": [640.0, 29.0, 98.0, 91.0], "iscrowd": false, "isbbox": false, "color": "#f59f5c", "metadata": {}}]}