{"images": [{"id": 139713, "dataset_id": 48, "category_ids": [], "path": "/datasets/201005_PERFUME/20170701_090404_A_1572_   6099721300172_H.jpg", "width": 1024, "height": 250, "file_name": "20170701_090404_A_1572_   6099721300172_H_perfumesample_93.jpg", "annotated": false, "annotating": [], "num_annotations": 0, "metadata": {}, "deleted": false, "milliseconds": 0, "events": [], "regenerate_thumbnail": false}], "categories": [{"id": 145, "name": "perfumesample", "supercategory": "", "color": "#7d29d2", "metadata": {}, "keypoint_colors": []}], "annotations": [{"id": 101100, "image_id": 139713, "category_id": 145, "segmentation": [[131.0, 38.7, 132.0, 34.7, 137.9, 32.8, 152.3, 32.5, 158.5, 35.4, 151.0, 39.3, 135.9, 40.6]], "area": 156, "bbox": [131.0, 33.0, 27.0, 8.0], "iscrowd": false, "isbbox": false, "color": "#3909ce", "metadata": {}}, {"id": 101102, "image_id": 139713, "category_id": 145, "segmentation": [[165.3, 117.2, 164.0, 88.4, 165.3, 85.4, 179.4, 85.4, 179.4, 88.0, 181.4, 89.4, 183.7, 117.8, 166.0, 118.5]], "area": 582, "bbox": [164.0, 85.0, 20.0, 34.0], "iscrowd": false, "isbbox": false, "color": "#d8d12c", "metadata": {}}, {"id": 101105, "image_id": 139713, "category_id": 145, "segmentation": [[72.5, 39.3, 112.7, 38.0, 118.6, 40.6, 118.6, 45.2, 112.4, 48.5, 72.1, 51.7, 65.9, 47.5, 65.9, 44.2, 67.9, 42.3]], "area": 562, "bbox": [66.0, 38.0, 53.0, 14.0], "iscrowd": false, "isbbox": false, "color": "#53d02c", "metadata": {}}]}