{"images": [{"id": 139846, "dataset_id": 48, "category_ids": [], "path": "/datasets/201005_PERFUME/20170701_171259_A_1136_   6099721300784_H.jpg", "width": 1024, "height": 302, "file_name": "20170701_171259_A_1136_   6099721300784_H_perfume_324.jpg", "annotated": false, "annotating": [], "num_annotations": 0, "metadata": {}, "deleted": false, "milliseconds": 0, "events": [], "regenerate_thumbnail": false}], "categories": [{"id": 144, "name": "perfume", "supercategory": "", "color": "#167e9d", "metadata": {}, "keypoint_colors": []}], "annotations": [{"id": 101297, "image_id": 139846, "category_id": 144, "segmentation": [[52.2, 57.1, 97.7, 57.1, 97.7, 73.2, 99.6, 74.5, 101.6, 155.6, 100.3, 157.2, 52.5, 158.8, 49.9, 156.9, 48.3, 73.2, 50.2, 69.9, 50.9, 58.5]], "area": 5121, "bbox": [48.0, 57.0, 54.0, 102.0], "iscrowd": false, "isbbox": false, "color": "#1bbd74", "metadata": {}}]}