{"images": [{"id": 139797, "dataset_id": 48, "category_ids": [], "path": "/datasets/201005_PERFUME/20170701_111017_G_8390_   6076820266701_V.jpg", "width": 1024, "height": 268, "file_name": "20170701_111017_G_8390_   6076820266701_V_perfume_245.jpg", "annotated": false, "annotating": [], "num_annotations": 0, "metadata": {}, "deleted": false, "milliseconds": 0, "events": [], "regenerate_thumbnail": false}], "categories": [{"id": 144, "name": "perfume", "supercategory": "", "color": "#167e9d", "metadata": {}, "keypoint_colors": []}], "annotations": [{"id": 100201, "image_id": 139797, "category_id": 144, "segmentation": [[667.1, 108.7, 655.0, 104.4, 644.6, 97.7, 641.4, 93.4, 640.3, 83.9, 642.1, 78.3, 651.3, 69.2, 674.1, 60.4, 722.0, 61.3, 742.5, 66.1, 751.3, 71.3, 758.5, 82.3, 758.5, 88.2, 755.8, 93.8, 744.7, 102.6, 729.2, 108.7, 714.3, 111.2, 710.9, 129.0, 706.8, 132.4, 673.0, 130.8, 668.7, 128.3, 672.1, 109.6]], "area": 5761, "bbox": [640.0, 60.0, 119.0, 72.0], "iscrowd": false, "isbbox": false, "color": "#4e26e5", "metadata": {}}]}