{"images": [{"id": 139946, "dataset_id": 48, "category_ids": [], "path": "/datasets/201005_PERFUME/20170702_171146_A_1035_   6099721301369_V.jpg", "width": 1024, "height": 267, "file_name": "20170702_171146_A_1035_   6099721301369_V_perfumesample_435.jpg", "annotated": false, "annotating": [], "num_annotations": 0, "metadata": {}, "deleted": false, "milliseconds": 0, "events": [], "regenerate_thumbnail": false}], "categories": [{"id": 145, "name": "perfumesample", "supercategory": "", "color": "#7d29d2", "metadata": {}, "keypoint_colors": []}], "annotations": [{"id": 100530, "image_id": 139946, "category_id": 145, "segmentation": [[620.2, 84.9, 617.0, 112.0, 614.1, 114.9, 614.9, 118.1, 597.8, 118.4, 595.9, 110.9, 598.8, 84.2, 618.9, 83.7]], "area": 705, "bbox": [596.0, 84.0, 24.0, 34.0], "iscrowd": false, "isbbox": false, "color": "#d87fe4", "metadata": {}}, {"id": 100532, "image_id": 139946, "category_id": 145, "segmentation": [[759.1, 97.6, 756.1, 124.5, 753.7, 126.7, 754.3, 129.6, 738.3, 129.1, 737.4, 121.6, 740.4, 96.2, 757.5, 96.0]], "area": 618, "bbox": [737.0, 96.0, 22.0, 34.0], "iscrowd": false, "isbbox": false, "color": "#ea54de", "metadata": {}}]}