{"images": [{"id": 139827, "dataset_id": 48, "category_ids": [], "path": "/datasets/201005_PERFUME/20170701_170526_A_1968_   6099721300789_V.jpg", "width": 1024, "height": 254, "file_name": "20170701_170526_A_1968_   6099721300789_V_perfumesample_278.jpg", "annotated": false, "annotating": [], "num_annotations": 0, "metadata": {}, "deleted": false, "milliseconds": 0, "events": [], "regenerate_thumbnail": false}], "categories": [{"id": 145, "name": "perfumesample", "supercategory": "", "color": "#7d29d2", "metadata": {}, "keypoint_colors": []}], "annotations": [{"id": 100236, "image_id": 139827, "category_id": 145, "segmentation": [[735.7, 121.2, 737.7, 124.2, 736.4, 128.4, 662.2, 131.6, 657.9, 130.0, 658.1, 126.2, 662.4, 123.7, 730.7, 119.4]], "area": 657, "bbox": [658.0, 119.0, 80.0, 13.0], "iscrowd": false, "isbbox": false, "color": "#e42e73", "metadata": {}}]}