{"images": [{"id": 139934, "dataset_id": 48, "category_ids": [], "path": "/datasets/201005_PERFUME/20170702_142220_A_1756_   6076825839747_V.jpg", "width": 1024, "height": 286, "file_name": "20170702_142220_A_1756_   6076825839747_V_perfume_413.jpg", "annotated": false, "annotating": [], "num_annotations": 0, "metadata": {}, "deleted": false, "milliseconds": 0, "events": [], "regenerate_thumbnail": false}], "categories": [{"id": 144, "name": "perfume", "supercategory": "", "color": "#167e9d", "metadata": {}, "keypoint_colors": []}], "annotations": [{"id": 100465, "image_id": 139934, "category_id": 144, "segmentation": [[494.6, 42.9, 554.0, 39.7, 560.4, 43.1, 575.9, 113.7, 573.3, 118.5, 565.8, 122.5, 569.0, 138.8, 567.1, 141.4, 567.4, 147.4, 520.7, 148.0, 519.6, 141.4, 516.6, 140.0, 514.8, 124.6, 505.2, 119.8, 501.0, 115.3, 486.7, 47.7, 488.6, 44.7, 493.1, 42.6]], "area": 7274, "bbox": [487.0, 40.0, 89.0, 108.0], "iscrowd": false, "isbbox": false, "color": "#4ff341", "metadata": {}}]}