{"images": [{"id": 139971, "dataset_id": 48, "category_ids": [], "path": "/datasets/201005_PERFUME/20170702_171805_A_1192_   6099721301373_H.jpg", "width": 1024, "height": 252, "file_name": "20170702_171805_A_1192_   6099721301373_H_perfumesample_489.jpg", "annotated": false, "annotating": [], "num_annotations": 0, "metadata": {}, "deleted": false, "milliseconds": 0, "events": [], "regenerate_thumbnail": false}], "categories": [{"id": 145, "name": "perfumesample", "supercategory": "", "color": "#7d29d2", "metadata": {}, "keypoint_colors": []}], "annotations": [{"id": 100618, "image_id": 139971, "category_id": 145, "segmentation": [[166.3, 49.5, 177.5, 75.4, 176.7, 82.4, 168.7, 84.2, 165.2, 84.2, 162.0, 81.8, 150.2, 54.6, 151.6, 51.5, 164.1, 48.7]], "area": 587, "bbox": [150.0, 49.0, 28.0, 35.0], "iscrowd": false, "isbbox": false, "color": "#3bdd30", "metadata": {}}, {"id": 100619, "image_id": 139971, "category_id": 145, "segmentation": [[188.4, 128.3, 190.3, 130.2, 190.3, 134.4, 184.2, 137.4, 172.4, 136.6, 167.3, 132.3, 167.9, 128.8, 170.5, 126.4, 183.6, 125.9]], "area": 214, "bbox": [168.0, 126.0, 22.0, 11.0], "iscrowd": false, "isbbox": false, "color": "#f6329b", "metadata": {}}]}