{"images": [{"id": 139855, "dataset_id": 48, "category_ids": [], "path": "/datasets/201005_PERFUME/20170701_172452_F_6605_    PUS009113129_V.jpg", "width": 1024, "height": 281, "file_name": "20170701_172452_F_6605_    PUS009113129_V_perfume_335.jpg", "annotated": false, "annotating": [], "num_annotations": 0, "metadata": {}, "deleted": false, "milliseconds": 0, "events": [], "regenerate_thumbnail": false}], "categories": [{"id": 144, "name": "perfume", "supercategory": "", "color": "#167e9d", "metadata": {}, "keypoint_colors": []}], "annotations": [{"id": 100304, "image_id": 139855, "category_id": 144, "segmentation": [[592.0, 39.6, 718.9, 45.5, 704.2, 104.9, 657.7, 104.1, 654.3, 123.4, 617.9, 121.9, 621.8, 102.7, 576.2, 99.3, 590.0, 40.4]], "area": 8557, "bbox": [576.0, 40.0, 143.0, 83.0], "iscrowd": false, "isbbox": false, "color": "#16b6e0", "metadata": {}}]}