{"images": [{"id": 139830, "dataset_id": 48, "category_ids": [], "path": "/datasets/201005_PERFUME/20170701_170534_A_1972_   6099721300748_H.jpg", "width": 1024, "height": 250, "file_name": "20170701_170534_A_1972_   6099721300748_H_perfumesample_287.jpg", "annotated": false, "annotating": [], "num_annotations": 0, "metadata": {}, "deleted": false, "milliseconds": 0, "events": [], "regenerate_thumbnail": false}], "categories": [{"id": 145, "name": "perfumesample", "supercategory": "", "color": "#7d29d2", "metadata": {}, "keypoint_colors": []}], "annotations": [{"id": 100244, "image_id": 139830, "category_id": 145, "segmentation": [[154.2, 59.6, 166.6, 85.6, 166.6, 90.8, 168.0, 92.1, 159.0, 95.6, 156.6, 95.6, 156.6, 93.5, 153.3, 90.5, 138.5, 61.8, 153.9, 59.9]], "area": 518, "bbox": [139.0, 60.0, 28.0, 36.0], "iscrowd": false, "isbbox": false, "color": "#a845d3", "metadata": {}}, {"id": 100245, "image_id": 139830, "category_id": 145, "segmentation": [[195.8, 71.8, 194.2, 73.7, 195.8, 78.8, 190.7, 80.2, 180.7, 80.2, 177.7, 73.4, 169.0, 46.1, 186.4, 44.5]], "area": 609, "bbox": [169.0, 45.0, 27.0, 35.0], "iscrowd": false, "isbbox": false, "color": "#6b0bc7", "metadata": {}}]}