{"images": [{"id": 139887, "dataset_id": 48, "category_ids": [], "path": "/datasets/201005_PERFUME/20170702_095700_A_1253_   6074982410699_H.jpg", "width": 1024, "height": 321, "file_name": "20170702_095700_A_1253_   6074982410699_H_perfume_368.jpg", "annotated": false, "annotating": [], "num_annotations": 0, "metadata": {}, "deleted": false, "milliseconds": 0, "events": [], "regenerate_thumbnail": false}], "categories": [{"id": 144, "name": "perfume", "supercategory": "", "color": "#167e9d", "metadata": {}, "keypoint_colors": []}], "annotations": [{"id": 100358, "image_id": 139887, "category_id": 144, "segmentation": [[91.2, 74.1, 124.5, 73.7, 127.0, 75.7, 127.0, 145.4, 129.2, 169.6, 90.3, 170.3, 86.7, 75.0]], "area": 3713, "bbox": [87.0, 74.0, 42.0, 96.0], "iscrowd": false, "isbbox": false, "color": "#dfb609", "metadata": {}}]}