{"images": [{"id": 139898, "dataset_id": 48, "category_ids": [], "path": "/datasets/201005_PERFUME/20170702_100637_G_8089_   6076825849395_V.jpg", "width": 1024, "height": 287, "file_name": "20170702_100637_G_8089_   6076825849395_V_perfume_379.jpg", "annotated": false, "annotating": [], "num_annotations": 0, "metadata": {}, "deleted": false, "milliseconds": 0, "events": [], "regenerate_thumbnail": false}], "categories": [{"id": 144, "name": "perfume", "supercategory": "", "color": "#167e9d", "metadata": {}, "keypoint_colors": []}], "annotations": [{"id": 100388, "image_id": 139898, "category_id": 144, "segmentation": [[732.5, 47.2, 724.1, 161.7, 643.6, 161.4, 655.6, 86.9, 650.0, 93.8, 639.1, 97.3, 629.1, 104.2, 623.8, 110.5, 614.2, 110.9, 612.9, 108.9, 634.7, 94.2, 634.0, 90.9, 655.8, 80.4, 655.4, 47.3, 730.8, 47.3]], "area": 9133, "bbox": [613.0, 47.0, 120.0, 115.0], "iscrowd": false, "isbbox": false, "color": "#1dae1e", "metadata": {}}]}