{"images": [{"id": 139715, "dataset_id": 48, "category_ids": [], "path": "/datasets/201005_PERFUME/20170701_090405_A_1573_   6099721300159_H.jpg", "width": 1024, "height": 268, "file_name": "20170701_090405_A_1573_   6099721300159_H_perfume_100.jpg", "annotated": false, "annotating": [], "num_annotations": 0, "metadata": {}, "deleted": false, "milliseconds": 0, "events": [], "regenerate_thumbnail": false}], "categories": [{"id": 144, "name": "perfume", "supercategory": "", "color": "#167e9d", "metadata": {}, "keypoint_colors": []}], "annotations": [{"id": 101119, "image_id": 139715, "category_id": 144, "segmentation": [[92.1, 53.6, 109.4, 49.0, 129.0, 46.7, 160.8, 47.0, 198.4, 52.9, 204.3, 56.2, 171.9, 101.6, 177.4, 122.6, 98.0, 120.6, 111.7, 99.0, 91.1, 54.9]], "area": 6097, "bbox": [91.0, 47.0, 113.0, 76.0], "iscrowd": false, "isbbox": false, "color": "#289ebd", "metadata": {}}]}