{"images": [{"id": 139822, "dataset_id": 48, "category_ids": [], "path": "/datasets/201005_PERFUME/20170701_170402_A_1936_   6099721301098_H.jpg", "width": 1024, "height": 252, "file_name": "20170701_170402_A_1936_   6099721301098_H_perfume_262.jpg", "annotated": false, "annotating": [], "num_annotations": 0, "metadata": {}, "deleted": false, "milliseconds": 0, "events": [], "regenerate_thumbnail": false}], "categories": [{"id": 144, "name": "perfume", "supercategory": "", "color": "#167e9d", "metadata": {}, "keypoint_colors": []}], "annotations": [{"id": 100218, "image_id": 139822, "category_id": 144, "segmentation": [[121.5, 45.8, 128.0, 44.7, 130.2, 48.2, 134.5, 47.7, 131.0, 51.8, 127.7, 63.9, 125.3, 65.0, 144.0, 75.9, 148.8, 80.2, 151.0, 83.7, 150.7, 96.2, 141.8, 108.1, 127.2, 120.0, 88.5, 119.2, 84.1, 115.1, 80.1, 107.8, 77.6, 96.2, 77.6, 83.2, 80.6, 69.6, 92.3, 56.1, 98.2, 55.3, 97.1, 45.3, 102.8, 47.7, 109.0, 43.6, 112.0, 43.6, 116.6, 47.4]], "area": 4133, "bbox": [78.0, 44.0, 73.0, 76.0], "iscrowd": false, "isbbox": false, "color": "#ce72f1", "metadata": {}}]}