{"images": [{"id": 139766, "dataset_id": 48, "category_ids": [], "path": "/datasets/201005_PERFUME/20170701_100138_A_1936_   6099704563269_V.jpg", "width": 1024, "height": 338, "file_name": "20170701_100138_A_1936_   6099704563269_V_perfume_194.jpg", "annotated": false, "annotating": [], "num_annotations": 0, "metadata": {}, "deleted": false, "milliseconds": 0, "events": [], "regenerate_thumbnail": false}], "categories": [{"id": 144, "name": "perfume", "supercategory": "", "color": "#167e9d", "metadata": {}, "keypoint_colors": []}], "annotations": [{"id": 100150, "image_id": 139766, "category_id": 144, "segmentation": [[660.3, 69.0, 669.5, 78.2, 709.8, 81.4, 714.2, 85.8, 713.1, 93.3, 710.1, 98.5, 704.2, 103.9, 696.3, 107.4, 656.2, 104.7, 641.1, 112.0, 631.6, 112.3, 556.9, 105.5, 545.2, 102.8, 536.8, 98.5, 534.4, 94.4, 534.4, 85.8, 539.3, 76.5, 552.0, 67.1, 561.5, 63.3, 575.3, 61.1, 655.4, 67.1]], "area": 6688, "bbox": [534.0, 61.0, 180.0, 51.0], "iscrowd": false, "isbbox": false, "color": "#e33041", "metadata": {}}, {"id": 100151, "image_id": 139766, "category_id": 144, "segmentation": [[646.2, 119.1, 651.4, 122.3, 654.1, 128.3, 692.8, 131.0, 695.2, 132.3, 696.8, 134.2, 696.8, 139.4, 693.3, 149.6, 683.0, 157.5, 641.3, 153.7, 636.2, 158.3, 622.4, 161.8, 535.8, 155.6, 525.2, 150.7, 518.7, 142.9, 518.4, 136.4, 523.8, 126.1, 532.5, 118.8, 548.8, 112.0, 555.2, 110.9, 641.3, 117.4]], "area": 6655, "bbox": [518.0, 111.0, 179.0, 51.0], "iscrowd": false, "isbbox": false, "color": "#ba44d3", "metadata": {}}]}