{"images": [{"id": 139961, "dataset_id": 48, "category_ids": [], "path": "/datasets/201005_PERFUME/20170702_171309_A_1082_   6099721299872_H.jpg", "width": 1024, "height": 284, "file_name": "20170702_171309_A_1082_   6099721299872_H_perfume_464.jpg", "annotated": false, "annotating": [], "num_annotations": 0, "metadata": {}, "deleted": false, "milliseconds": 0, "events": [], "regenerate_thumbnail": false}], "categories": [{"id": 144, "name": "perfume", "supercategory": "", "color": "#167e9d", "metadata": {}, "keypoint_colors": []}], "annotations": [{"id": 101329, "image_id": 139961, "category_id": 144, "segmentation": [[76.4, 70.1, 150.6, 67.4, 144.1, 91.0, 175.2, 133.8, 162.4, 138.7, 144.7, 142.3, 114.3, 144.3, 87.5, 142.7, 70.2, 137.1, 86.9, 91.0, 77.0, 72.0]], "area": 5718, "bbox": [70.0, 67.0, 105.0, 77.0], "iscrowd": false, "isbbox": false, "color": "#6adad5", "metadata": {}}]}