{"images": [{"id": 139750, "dataset_id": 48, "category_ids": [], "path": "/datasets/201005_PERFUME/20170701_093725_A_1466_   6099721298541_V.jpg", "width": 1024, "height": 281, "file_name": "20170701_093725_A_1466_   6099721298541_V_perfumesample_152.jpg", "annotated": false, "annotating": [], "num_annotations": 0, "metadata": {}, "deleted": false, "milliseconds": 0, "events": [], "regenerate_thumbnail": false}], "categories": [{"id": 145, "name": "perfumesample", "supercategory": "", "color": "#7d29d2", "metadata": {}, "keypoint_colors": []}], "annotations": [{"id": 100105, "image_id": 139750, "category_id": 145, "segmentation": [[559.5, 121.8, 559.5, 125.7, 556.4, 126.8, 487.8, 137.0, 481.9, 137.0, 478.8, 133.5, 480.0, 129.6, 554.4, 119.4]], "area": 633, "bbox": [479.0, 119.0, 81.0, 18.0], "iscrowd": false, "isbbox": false, "color": "#2fa8ce", "metadata": {}}, {"id": 100106, "image_id": 139750, "category_id": 145, "segmentation": [[717.0, 114.4, 724.0, 117.9, 724.0, 122.6, 722.5, 124.1, 703.4, 128.0, 597.3, 142.8, 591.5, 141.3, 588.4, 138.1, 588.7, 133.5, 593.4, 130.0, 711.9, 114.0]], "area": 1704, "bbox": [588.0, 114.0, 136.0, 29.0], "iscrowd": false, "isbbox": false, "color": "#d504aa", "metadata": {}}, {"id": 100107, "image_id": 139750, "category_id": 145, "segmentation": [[731.4, 121.0, 733.0, 125.7, 729.1, 128.0, 664.4, 137.4, 658.5, 137.4, 653.5, 135.0, 653.5, 132.7, 657.4, 130.0, 726.8, 119.0]], "area": 667, "bbox": [654.0, 119.0, 79.0, 18.0], "iscrowd": false, "isbbox": false, "color": "#17e3ac", "metadata": {}}]}