{"images": [{"id": 139826, "dataset_id": 48, "category_ids": [], "path": "/datasets/201005_PERFUME/20170701_170526_A_1968_   6099721300789_H.jpg", "width": 1024, "height": 254, "file_name": "20170701_170526_A_1968_   6099721300789_H_perfumesample_275.jpg", "annotated": false, "annotating": [], "num_annotations": 0, "metadata": {}, "deleted": false, "milliseconds": 0, "events": [], "regenerate_thumbnail": false}], "categories": [{"id": 145, "name": "perfumesample", "supercategory": "", "color": "#7d29d2", "metadata": {}, "keypoint_colors": []}], "annotations": [{"id": 100233, "image_id": 139826, "category_id": 145, "segmentation": [[160.6, 82.7, 163.9, 86.2, 166.0, 114.3, 150.3, 114.9, 147.1, 87.0, 149.0, 84.0, 147.3, 80.8, 160.1, 79.4]], "area": 546, "bbox": [147.0, 79.0, 19.0, 36.0], "iscrowd": false, "isbbox": false, "color": "#c6ea62", "metadata": {}}, {"id": 100234, "image_id": 139826, "category_id": 145, "segmentation": [[108.6, 126.2, 113.5, 126.5, 115.9, 128.7, 115.7, 131.1, 100.8, 137.9, 96.7, 137.9, 91.8, 134.1, 94.3, 130.3, 103.5, 126.0]], "area": 188, "bbox": [92.0, 126.0, 24.0, 12.0], "iscrowd": false, "isbbox": false, "color": "#c92831", "metadata": {}}]}