{"images": [{"id": 139954, "dataset_id": 48, "category_ids": [], "path": "/datasets/201005_PERFUME/20170702_171231_A_1061_   6099721301360_V.jpg", "width": 1024, "height": 306, "file_name": "20170702_171231_A_1061_   6099721301360_V_perfume_451.jpg", "annotated": false, "annotating": [], "num_annotations": 0, "metadata": {}, "deleted": false, "milliseconds": 0, "events": [], "regenerate_thumbnail": false}], "categories": [{"id": 144, "name": "perfume", "supercategory": "", "color": "#167e9d", "metadata": {}, "keypoint_colors": []}], "annotations": [{"id": 100555, "image_id": 139954, "category_id": 144, "segmentation": [[672.2, 60.5, 672.1, 65.3, 666.2, 66.5, 662.0, 109.1, 658.8, 111.0, 635.9, 114.9, 618.2, 121.7, 623.0, 124.1, 620.8, 129.4, 630.2, 148.1, 629.4, 151.0, 560.7, 150.0, 560.7, 147.3, 566.1, 142.8, 573.3, 129.9, 572.5, 124.1, 578.1, 121.9, 573.6, 116.9, 544.7, 107.5, 548.4, 64.2, 544.2, 63.4, 544.0, 58.5, 670.8, 60.0]], "area": 8420, "bbox": [544.0, 59.0, 128.0, 92.0], "iscrowd": false, "isbbox": false, "color": "#35b3f1", "metadata": {}}]}