{"images": [{"id": 139890, "dataset_id": 48, "category_ids": [], "path": "/datasets/201005_PERFUME/20170702_100107_A_1330_   6074982410697_V.jpg", "width": 1024, "height": 321, "file_name": "20170702_100107_A_1330_   6074982410697_V_perfume_371.jpg", "annotated": false, "annotating": [], "num_annotations": 0, "metadata": {}, "deleted": false, "milliseconds": 0, "events": [], "regenerate_thumbnail": false}], "categories": [{"id": 144, "name": "perfume", "supercategory": "", "color": "#167e9d", "metadata": {}, "keypoint_colors": []}], "annotations": [{"id": 100367, "image_id": 139890, "category_id": 144, "segmentation": [[745.6, 70.6, 744.5, 166.5, 627.6, 165.1, 627.2, 147.8, 635.2, 117.0, 631.6, 91.7, 631.2, 70.1, 742.9, 70.5]], "area": 10902, "bbox": [627.0, 70.0, 119.0, 97.0], "iscrowd": false, "isbbox": false, "color": "#14eade", "metadata": {}}]}