{"images": [{"id": 139753, "dataset_id": 48, "category_ids": [], "path": "/datasets/201005_PERFUME/20170701_093745_A_1475_   6099721300166_H.jpg", "width": 1024, "height": 246, "file_name": "20170701_093745_A_1475_   6099721300166_H_perfume_161.jpg", "annotated": false, "annotating": [], "num_annotations": 0, "metadata": {}, "deleted": false, "milliseconds": 0, "events": [], "regenerate_thumbnail": false}], "categories": [{"id": 144, "name": "perfume", "supercategory": "", "color": "#167e9d", "metadata": {}, "keypoint_colors": []}], "annotations": [{"id": 100114, "image_id": 139753, "category_id": 144, "segmentation": [[80.3, 30.6, 80.3, 43.7, 86.1, 88.6, 83.7, 90.4, 84.6, 97.6, 81.2, 102.1, 76.4, 104.9, 64.3, 106.0, 58.4, 104.6, 53.7, 101.9, 50.7, 95.8, 47.1, 74.2, 44.2, 33.1, 46.2, 29.5, 78.9, 28.1]], "area": 2673, "bbox": [44.0, 28.0, 42.0, 78.0], "iscrowd": false, "isbbox": false, "color": "#47ea4a", "metadata": {}}]}