{"images": [{"id": 139829, "dataset_id": 48, "category_ids": [], "path": "/datasets/201005_PERFUME/20170701_170527_A_1969_   6099721300779_V.jpg", "width": 1024, "height": 253, "file_name": "20170701_170527_A_1969_   6099721300779_V_perfumesample_284.jpg", "annotated": false, "annotating": [], "num_annotations": 0, "metadata": {}, "deleted": false, "milliseconds": 0, "events": [], "regenerate_thumbnail": false}], "categories": [{"id": 145, "name": "perfumesample", "supercategory": "", "color": "#7d29d2", "metadata": {}, "keypoint_colors": []}], "annotations": [{"id": 100241, "image_id": 139829, "category_id": 145, "segmentation": [[770.9, 58.2, 773.1, 85.3, 770.9, 88.8, 770.9, 92.9, 755.0, 92.9, 751.7, 58.8, 769.8, 58.8]], "area": 632, "bbox": [752.0, 58.0, 21.0, 35.0], "iscrowd": false, "isbbox": false, "color": "#5fbe22", "metadata": {}}, {"id": 100242, "image_id": 139829, "category_id": 145, "segmentation": [[669.7, 73.7, 663.7, 101.3, 646.7, 101.0, 654.2, 68.2, 668.1, 69.1, 667.1, 71.5, 669.6, 73.4]], "area": 535, "bbox": [647.0, 68.0, 23.0, 33.0], "iscrowd": false, "isbbox": false, "color": "#f468e4", "metadata": {}}]}