{"images": [{"id": 139733, "dataset_id": 48, "category_ids": [], "path": "/datasets/201005_PERFUME/20170701_092904_A_1242_   6099730099617_H.jpg", "width": 1024, "height": 260, "file_name": "20170701_092904_A_1242_   6099730099617_H_perfume_122.jpg", "annotated": false, "annotating": [], "num_annotations": 0, "metadata": {}, "deleted": false, "milliseconds": 0, "events": [], "regenerate_thumbnail": false}], "categories": [{"id": 144, "name": "perfume", "supercategory": "", "color": "#167e9d", "metadata": {}, "keypoint_colors": []}], "annotations": [{"id": 100018, "image_id": 139733, "category_id": 144, "segmentation": [[149.7, 55.6, 149.7, 57.8, 145.5, 61.1, 154.3, 75.7, 157.5, 92.6, 166.3, 100.7, 124.7, 105.3, 92.9, 104.6, 88.7, 89.0, 82.5, 85.8, 80.2, 82.5, 80.2, 77.0, 82.2, 72.4, 78.6, 58.5, 103.3, 53.3, 145.5, 52.6]], "area": 3542, "bbox": [79.0, 53.0, 87.0, 52.0], "iscrowd": false, "isbbox": false, "color": "#08b234", "metadata": {}}]}