{"images": [{"id": 139705, "dataset_id": 48, "category_ids": [], "path": "/datasets/201005_PERFUME/20170701_090351_A_1565_   6099721300197_H.jpg", "width": 1024, "height": 250, "file_name": "20170701_090351_A_1565_   6099721300197_H_perfume_69.jpg", "annotated": false, "annotating": [], "num_annotations": 0, "metadata": {}, "deleted": false, "milliseconds": 0, "events": [], "regenerate_thumbnail": false}], "categories": [{"id": 144, "name": "perfume", "supercategory": "", "color": "#167e9d", "metadata": {}, "keypoint_colors": []}], "annotations": [{"id": 99896, "image_id": 139705, "category_id": 144, "segmentation": [[144.6, 36.6, 145.1, 125.7, 77.7, 126.0, 76.4, 36.6, 144.1, 36.4]], "area": 6073, "bbox": [76.0, 36.0, 69.0, 90.0], "iscrowd": false, "isbbox": false, "color": "#c4f34e", "metadata": {}}]}