{"images": [{"id": 139851, "dataset_id": 48, "category_ids": [], "path": "/datasets/201005_PERFUME/20170701_171724_G_9823_    PUS009117131_V.jpg", "width": 1024, "height": 247, "file_name": "20170701_171724_G_9823_    PUS009117131_V_perfume_331.jpg", "annotated": false, "annotating": [], "num_annotations": 0, "metadata": {}, "deleted": false, "milliseconds": 0, "events": [], "regenerate_thumbnail": false}], "categories": [{"id": 144, "name": "perfume", "supercategory": "", "color": "#167e9d", "metadata": {}, "keypoint_colors": []}], "annotations": [{"id": 100295, "image_id": 139851, "category_id": 144, "segmentation": [[735.4, 27.8, 744.9, 87.7, 697.6, 90.2, 700.3, 109.6, 661.0, 110.4, 657.2, 91.2, 608.2, 90.9, 595.8, 32.1, 734.5, 27.3]], "area": 9164, "bbox": [596.0, 27.0, 149.0, 83.0], "iscrowd": false, "isbbox": false, "color": "#dfa60a", "metadata": {}}]}