{"images": [{"id": 139894, "dataset_id": 48, "category_ids": [], "path": "/datasets/201005_PERFUME/20170702_100309_G_9991_   6076825849396_V.jpg", "width": 1024, "height": 265, "file_name": "20170702_100309_G_9991_   6076825849396_V_perfume_375.jpg", "annotated": false, "annotating": [], "num_annotations": 0, "metadata": {}, "deleted": false, "milliseconds": 0, "events": [], "regenerate_thumbnail": false}], "categories": [{"id": 144, "name": "perfume", "supercategory": "", "color": "#167e9d", "metadata": {}, "keypoint_colors": []}], "annotations": [{"id": 100380, "image_id": 139894, "category_id": 144, "segmentation": [[498.2, 30.6, 529.2, 26.0, 557.7, 23.6, 561.6, 24.7, 578.6, 46.8, 609.3, 79.4, 645.7, 111.7, 672.8, 138.7, 668.0, 141.9, 640.0, 149.1, 605.3, 151.5, 602.1, 150.5, 584.7, 130.2, 545.2, 89.0, 517.1, 62.3, 486.4, 37.8, 488.0, 33.8, 492.8, 31.4]], "area": 9416, "bbox": [486.0, 24.0, 187.0, 128.0], "iscrowd": false, "isbbox": false, "color": "#e3ca64", "metadata": {}}]}