{"images": [{"id": 139748, "dataset_id": 48, "category_ids": [], "path": "/datasets/201005_PERFUME/20170701_093723_A_1465_   6099721300155_V.jpg", "width": 1024, "height": 305, "file_name": "20170701_093723_A_1465_   6099721300155_V_perfume_148.jpg", "annotated": false, "annotating": [], "num_annotations": 0, "metadata": {}, "deleted": false, "milliseconds": 0, "events": [], "regenerate_thumbnail": false}], "categories": [{"id": 144, "name": "perfume", "supercategory": "", "color": "#167e9d", "metadata": {}, "keypoint_colors": []}], "annotations": [{"id": 100101, "image_id": 139748, "category_id": 144, "segmentation": [[618.5, 64.4, 640.0, 64.7, 640.6, 81.6, 674.1, 82.9, 679.6, 153.1, 678.3, 155.7, 553.2, 156.3, 550.0, 85.2, 581.8, 83.2, 581.8, 65.4, 617.5, 63.7]], "area": 10207, "bbox": [550.0, 64.0, 130.0, 92.0], "iscrowd": false, "isbbox": false, "color": "#5a27cb", "metadata": {}}]}