{"images": [{"id": 139841, "dataset_id": 48, "category_ids": [], "path": "/datasets/201005_PERFUME/20170701_170930_A_1055_   6099721300667_V.jpg", "width": 1024, "height": 318, "file_name": "20170701_170930_A_1055_   6099721300667_V_perfume_315.jpg", "annotated": false, "annotating": [], "num_annotations": 0, "metadata": {}, "deleted": false, "milliseconds": 0, "events": [], "regenerate_thumbnail": false}], "categories": [{"id": 144, "name": "perfume", "supercategory": "", "color": "#167e9d", "metadata": {}, "keypoint_colors": []}], "annotations": [{"id": 100272, "image_id": 139841, "category_id": 144, "segmentation": [[625.9, 45.2, 632.1, 46.7, 650.8, 47.1, 654.0, 49.5, 658.6, 57.6, 671.1, 54.9, 682.4, 48.7, 691.4, 46.7, 703.5, 52.2, 711.3, 58.4, 715.2, 63.9, 715.2, 70.9, 710.9, 77.1, 703.5, 83.4, 689.5, 82.2, 680.9, 77.5, 668.0, 77.1, 668.0, 91.2, 661.4, 95.1, 544.4, 106.8, 532.7, 105.2, 511.7, 105.2, 507.4, 102.9, 494.9, 63.5, 495.7, 58.8, 620.8, 44.8]], "area": 9804, "bbox": [495.0, 45.0, 220.0, 62.0], "iscrowd": false, "isbbox": false, "color": "#a61d8d", "metadata": {}}, {"id": 100273, "image_id": 139841, "category_id": 144, "segmentation": [[628.6, 120.4, 646.9, 123.1, 665.6, 128.6, 677.7, 134.8, 685.1, 144.2, 685.1, 153.6, 681.6, 161.0, 664.5, 172.3, 643.0, 178.5, 621.6, 181.2, 575.2, 179.3, 553.0, 173.4, 533.9, 165.3, 527.2, 155.1, 527.6, 146.1, 530.8, 139.1, 549.9, 126.7, 583.0, 119.6, 627.1, 120.0]], "area": 7799, "bbox": [527.0, 120.0, 158.0, 61.0], "iscrowd": false, "isbbox": false, "color": "#9e73dc", "metadata": {}}]}