{"images": [{"id": 139923, "dataset_id": 48, "category_ids": [], "path": "/datasets/201005_PERFUME/20170702_104126_F_6505_   6076825851135_H.jpg", "width": 1024, "height": 239, "file_name": "20170702_104126_F_6505_   6076825851135_H_perfume_404.jpg", "annotated": false, "annotating": [], "num_annotations": 0, "metadata": {}, "deleted": false, "milliseconds": 0, "events": [], "regenerate_thumbnail": false}], "categories": [{"id": 144, "name": "perfume", "supercategory": "", "color": "#167e9d", "metadata": {}, "keypoint_colors": []}], "annotations": [{"id": 101316, "image_id": 139923, "category_id": 144, "segmentation": [[44.3, 42.0, 72.5, 40.7, 74.1, 35.8, 84.2, 32.5, 122.2, 32.2, 128.4, 34.5, 129.7, 37.7, 152.3, 37.7, 157.5, 44.6, 168.6, 111.0, 158.8, 119.5, 43.0, 115.9, 44.7, 90.1, 43.4, 44.6]], "area": 9653, "bbox": [43.0, 32.0, 126.0, 88.0], "iscrowd": false, "isbbox": false, "color": "#ad0996", "metadata": {}}]}