{"images": [{"id": 139743, "dataset_id": 48, "category_ids": [], "path": "/datasets/201005_PERFUME/20170701_093539_A_1430_   6099721300167_H.jpg", "width": 1024, "height": 298, "file_name": "20170701_093539_A_1430_   6099721300167_H_perfumesample_134.jpg", "annotated": false, "annotating": [], "num_annotations": 0, "metadata": {}, "deleted": false, "milliseconds": 0, "events": [], "regenerate_thumbnail": false}], "categories": [{"id": 145, "name": "perfumesample", "supercategory": "", "color": "#7d29d2", "metadata": {}, "keypoint_colors": []}], "annotations": [{"id": 100074, "image_id": 139743, "category_id": 145, "segmentation": [[76.2, 83.3, 76.8, 115.8, 61.9, 116.1, 60.9, 83.3, 75.2, 82.3]], "area": 497, "bbox": [61.0, 82.0, 16.0, 34.0], "iscrowd": false, "isbbox": false, "color": "#67cc1d", "metadata": {}}, {"id": 100076, "image_id": 139743, "category_id": 145, "segmentation": [[58.7, 118.1, 59.3, 150.9, 44.7, 151.2, 43.4, 122.9, 45.0, 117.4, 56.7, 117.4]], "area": 502, "bbox": [43.0, 117.0, 16.0, 34.0], "iscrowd": false, "isbbox": false, "color": "#1b0ae0", "metadata": {}}]}