{"images": [{"id": 139777, "dataset_id": 48, "category_ids": [], "path": "/datasets/201005_PERFUME/20170701_100359_A_1964_   6099704563267_H.jpg", "width": 1024, "height": 339, "file_name": "20170701_100359_A_1964_   6099704563267_H_perfume_217.jpg", "annotated": false, "annotating": [], "num_annotations": 0, "metadata": {}, "deleted": false, "milliseconds": 0, "events": [], "regenerate_thumbnail": false}], "categories": [{"id": 144, "name": "perfume", "supercategory": "", "color": "#167e9d", "metadata": {}, "keypoint_colors": []}], "annotations": [{"id": 100172, "image_id": 139777, "category_id": 144, "segmentation": [[174.8, 83.6, 181.6, 109.8, 159.9, 112.0, 122.8, 112.5, 81.4, 110.6, 74.9, 86.5, 73.0, 83.3, 68.1, 83.0, 67.1, 81.1, 77.6, 78.7, 80.3, 80.3, 97.9, 78.7, 99.3, 77.3, 110.6, 77.1, 118.2, 78.7, 120.1, 77.3, 127.7, 77.3, 132.0, 80.0, 140.7, 80.3, 155.6, 84.6, 173.7, 83.6]], "area": 3184, "bbox": [67.0, 77.0, 115.0, 36.0], "iscrowd": false, "isbbox": false, "color": "#b3df46", "metadata": {}}, {"id": 100173, "image_id": 139777, "category_id": 144, "segmentation": [[173.7, 150.4, 174.0, 175.6, 172.9, 176.4, 92.0, 174.5, 93.0, 147.2, 81.4, 145.8, 80.9, 143.7, 90.3, 142.3, 117.1, 142.0, 118.8, 143.4, 127.2, 143.7, 138.5, 142.3, 143.9, 146.4, 150.2, 146.6, 158.6, 149.9, 172.1, 150.2]], "area": 2526, "bbox": [81.0, 142.0, 93.0, 34.0], "iscrowd": false, "isbbox": false, "color": "#3955e2", "metadata": {}}]}