{"images": [{"id": 139765, "dataset_id": 48, "category_ids": [], "path": "/datasets/201005_PERFUME/20170701_100138_A_1936_   6099704563269_H.jpg", "width": 1024, "height": 338, "file_name": "20170701_100138_A_1936_   6099704563269_H_perfume_193.jpg", "annotated": false, "annotating": [], "num_annotations": 0, "metadata": {}, "deleted": false, "milliseconds": 0, "events": [], "regenerate_thumbnail": false}], "categories": [{"id": 144, "name": "perfume", "supercategory": "", "color": "#167e9d", "metadata": {}, "keypoint_colors": []}], "annotations": [{"id": 100148, "image_id": 139765, "category_id": 144, "segmentation": [[87.5, 66.8, 97.5, 66.3, 115.7, 69.0, 129.5, 75.2, 141.4, 86.1, 144.4, 91.2, 144.4, 96.1, 141.9, 102.3, 136.8, 106.9, 123.2, 113.7, 104.3, 117.2, 82.6, 116.7, 64.5, 112.3, 50.4, 103.7, 46.9, 96.6, 47.7, 86.1, 50.4, 80.9, 57.2, 75.5, 71.0, 69.0, 88.9, 66.3]], "area": 3887, "bbox": [47.0, 66.0, 97.0, 51.0], "iscrowd": false, "isbbox": false, "color": "#d263f4", "metadata": {}}, {"id": 100149, "image_id": 139765, "category_id": 144, "segmentation": [[95.1, 116.7, 108.9, 118.3, 124.9, 125.3, 135.9, 133.9, 140.3, 140.6, 139.8, 151.0, 132.4, 157.3, 119.2, 163.5, 102.4, 166.5, 83.7, 166.7, 68.8, 163.5, 55.8, 157.5, 48.0, 150.0, 45.0, 143.2, 45.0, 135.9, 46.9, 132.1, 55.6, 124.2, 69.6, 118.6, 94.0, 116.7]], "area": 3741, "bbox": [45.0, 117.0, 95.0, 50.0], "iscrowd": false, "isbbox": false, "color": "#47abec", "metadata": {}}]}