{"images": [{"id": 139717, "dataset_id": 48, "category_ids": [], "path": "/datasets/201005_PERFUME/20170701_090423_A_1582_   6099721300171_H.jpg", "width": 1024, "height": 255, "file_name": "20170701_090423_A_1582_   6099721300171_H_perfume_106.jpg", "annotated": false, "annotating": [], "num_annotations": 0, "metadata": {}, "deleted": false, "milliseconds": 0, "events": [], "regenerate_thumbnail": false}], "categories": [{"id": 144, "name": "perfume", "supercategory": "", "color": "#167e9d", "metadata": {}, "keypoint_colors": []}], "annotations": [{"id": 99947, "image_id": 139717, "category_id": 144, "segmentation": [[158.0, 42.6, 176.7, 46.9, 177.8, 81.3, 174.8, 84.0, 155.8, 86.2, 156.1, 106.2, 153.7, 108.4, 133.4, 110.0, 99.0, 108.4, 97.1, 106.8, 96.6, 86.2, 76.0, 83.2, 76.0, 48.3, 81.7, 44.0, 107.9, 42.1, 157.5, 42.3]], "area": 5660, "bbox": [76.0, 42.0, 102.0, 68.0], "iscrowd": false, "isbbox": false, "color": "#748cea", "metadata": {}}]}