{"images": [{"id": 139847, "dataset_id": 48, "category_ids": [], "path": "/datasets/201005_PERFUME/20170701_171259_A_1136_   6099721300784_V.jpg", "width": 1024, "height": 302, "file_name": "20170701_171259_A_1136_   6099721300784_V_perfume_326.jpg", "annotated": false, "annotating": [], "num_annotations": 0, "metadata": {}, "deleted": false, "milliseconds": 0, "events": [], "regenerate_thumbnail": false}], "categories": [{"id": 144, "name": "perfume", "supercategory": "", "color": "#167e9d", "metadata": {}, "keypoint_colors": []}], "annotations": [{"id": 101290, "image_id": 139847, "category_id": 144, "segmentation": [[608.1, 151.0, 613.7, 52.2, 727.8, 52.6, 720.6, 153.0, 607.8, 152.3]], "area": 11394, "bbox": [608.0, 52.0, 120.0, 101.0], "iscrowd": false, "isbbox": false, "color": "#e99440", "metadata": {}}]}