{"images": [{"id": 139781, "dataset_id": 48, "category_ids": [], "path": "/datasets/201005_PERFUME/20170701_100628_A_1024_   6099704563277_H.jpg", "width": 1024, "height": 339, "file_name": "20170701_100628_A_1024_   6099704563277_H_perfume_224.jpg", "annotated": false, "annotating": [], "num_annotations": 0, "metadata": {}, "deleted": false, "milliseconds": 0, "events": [], "regenerate_thumbnail": false}], "categories": [{"id": 144, "name": "perfume", "supercategory": "", "color": "#167e9d", "metadata": {}, "keypoint_colors": []}], "annotations": [{"id": 100180, "image_id": 139781, "category_id": 144, "segmentation": [[187.9, 80.6, 193.4, 107.4, 168.7, 108.8, 158.2, 112.0, 150.9, 112.0, 143.5, 116.1, 135.7, 114.5, 123.0, 118.5, 109.7, 117.7, 93.2, 121.8, 82.9, 120.4, 86.4, 117.7, 111.1, 114.5, 118.4, 111.5, 134.3, 111.2, 137.3, 109.3, 86.4, 110.4, 83.4, 83.6, 187.4, 80.4]], "area": 3256, "bbox": [84.0, 80.0, 109.0, 42.0], "iscrowd": false, "isbbox": false, "color": "#71badc", "metadata": {}}, {"id": 100181, "image_id": 139781, "category_id": 144, "segmentation": [[188.2, 144.3, 188.2, 171.1, 169.5, 170.8, 151.4, 174.8, 149.0, 178.1, 140.8, 176.7, 129.7, 180.5, 120.5, 178.9, 108.6, 181.9, 97.0, 181.9, 97.0, 180.8, 102.7, 177.6, 120.8, 176.2, 129.2, 172.4, 93.2, 172.7, 91.8, 145.6, 186.9, 143.7]], "area": 2907, "bbox": [92.0, 144.0, 96.0, 38.0], "iscrowd": false, "isbbox": false, "color": "#6feae2", "metadata": {}}]}