{"images": [{"id": 139826, "dataset_id": 48, "category_ids": [], "path": "/datasets/201005_PERFUME/20170701_170526_A_1968_   6099721300789_H.jpg", "width": 1024, "height": 254, "file_name": "20170701_170526_A_1968_   6099721300789_H_perfume_274.jpg", "annotated": false, "annotating": [], "num_annotations": 0, "metadata": {}, "deleted": false, "milliseconds": 0, "events": [], "regenerate_thumbnail": false}], "categories": [{"id": 144, "name": "perfume", "supercategory": "", "color": "#167e9d", "metadata": {}, "keypoint_colors": []}], "annotations": [{"id": 100232, "image_id": 139826, "category_id": 144, "segmentation": [[137.6, 77.0, 149.2, 80.5, 160.3, 87.0, 160.3, 95.9, 151.9, 115.7, 141.1, 117.6, 104.8, 116.0, 68.3, 111.9, 53.7, 107.3, 64.0, 82.4, 71.8, 77.8, 99.1, 73.7, 98.3, 71.3, 104.6, 55.6, 143.8, 59.9]], "area": 4452, "bbox": [54.0, 56.0, 106.0, 62.0], "iscrowd": false, "isbbox": false, "color": "#c3012a", "metadata": {}}]}