{"images": [{"id": 139931, "dataset_id": 48, "category_ids": [], "path": "/datasets/201005_PERFUME/20170702_133634_A_1722_   6063412120144_H.jpg", "width": 1024, "height": 254, "file_name": "20170702_133634_A_1722_   6063412120144_H_perfume_410.jpg", "annotated": false, "annotating": [], "num_annotations": 0, "metadata": {}, "deleted": false, "milliseconds": 0, "events": [], "regenerate_thumbnail": false}], "categories": [{"id": 144, "name": "perfume", "supercategory": "", "color": "#167e9d", "metadata": {}, "keypoint_colors": []}], "annotations": [{"id": 100459, "image_id": 139931, "category_id": 144, "segmentation": [[92.5, 43.6, 149.2, 44.1, 173.4, 56.0, 172.6, 96.1, 148.1, 107.2, 135.6, 107.0, 136.1, 115.6, 149.5, 114.8, 156.5, 118.1, 155.7, 127.5, 147.5, 130.2, 88.0, 129.3, 81.8, 126.6, 82.5, 117.3, 90.7, 114.8, 101.9, 114.8, 102.5, 107.9, 86.7, 106.6, 67.3, 95.0, 67.3, 55.4, 90.7, 44.0]], "area": 7475, "bbox": [67.0, 44.0, 106.0, 86.0], "iscrowd": false, "isbbox": false, "color": "#e0f161", "metadata": {}}]}