{"images": [{"id": 139824, "dataset_id": 48, "category_ids": [], "path": "/datasets/201005_PERFUME/20170701_170500_A_1958_   6099721301102_H.jpg", "width": 1024, "height": 250, "file_name": "20170701_170500_A_1958_   6099721301102_H_perfume_268.jpg", "annotated": false, "annotating": [], "num_annotations": 0, "metadata": {}, "deleted": false, "milliseconds": 0, "events": [], "regenerate_thumbnail": false}], "categories": [{"id": 144, "name": "perfume", "supercategory": "", "color": "#167e9d", "metadata": {}, "keypoint_colors": []}], "annotations": [{"id": 100224, "image_id": 139824, "category_id": 144, "segmentation": [[117.5, 45.9, 119.5, 47.9, 122.6, 47.9, 124.9, 45.6, 129.2, 45.6, 128.8, 63.5, 126.1, 64.3, 151.0, 77.9, 153.4, 81.0, 153.8, 89.6, 148.7, 111.1, 143.2, 119.2, 94.9, 121.6, 91.0, 118.9, 85.2, 110.3, 80.5, 96.2, 82.0, 79.9, 87.1, 69.3, 96.1, 63.1, 96.8, 44.8, 99.2, 44.8, 104.3, 48.7, 112.4, 44.0]], "area": 4128, "bbox": [81.0, 44.0, 73.0, 78.0], "iscrowd": false, "isbbox": false, "color": "#975423", "metadata": {}}]}