{"images": [{"id": 139761, "dataset_id": 48, "category_ids": [], "path": "/datasets/201005_PERFUME/20170701_094549_A_1603_   6099721300192_H.jpg", "width": 1024, "height": 251, "file_name": "20170701_094549_A_1603_   6099721300192_H_perfumesample_181.jpg", "annotated": false, "annotating": [], "num_annotations": 0, "metadata": {}, "deleted": false, "milliseconds": 0, "events": [], "regenerate_thumbnail": false}], "categories": [{"id": 145, "name": "perfumesample", "supercategory": "", "color": "#7d29d2", "metadata": {}, "keypoint_colors": []}], "annotations": [{"id": 100137, "image_id": 139761, "category_id": 145, "segmentation": [[106.5, 31.6, 112.0, 33.8, 112.4, 39.0, 107.7, 41.7, 99.1, 41.5, 94.6, 38.1, 94.6, 35.2, 96.2, 32.9, 101.4, 31.4]], "area": 150, "bbox": [95.0, 31.0, 17.0, 11.0], "iscrowd": false, "isbbox": false, "color": "#2bd335", "metadata": {}}, {"id": 100138, "image_id": 139761, "category_id": 145, "segmentation": [[181.9, 80.1, 191.8, 107.2, 190.7, 110.3, 191.8, 113.9, 177.4, 116.4, 175.1, 113.9, 163.4, 83.3, 181.2, 80.1]], "area": 636, "bbox": [163.0, 80.0, 29.0, 36.0], "iscrowd": false, "isbbox": false, "color": "#66d31b", "metadata": {}}]}