{"images": [{"id": 139681, "dataset_id": 48, "category_ids": [], "path": "/datasets/201005_PERFUME/20170701_090119_A_1521_   6099721300162_V.jpg", "width": 1024, "height": 299, "file_name": "20170701_090119_A_1521_   6099721300162_V_perfume_3.jpg", "annotated": false, "annotating": [], "num_annotations": 0, "metadata": {}, "deleted": false, "milliseconds": 0, "events": [], "regenerate_thumbnail": false}], "categories": [{"id": 144, "name": "perfume", "supercategory": "", "color": "#167e9d", "metadata": {}, "keypoint_colors": []}], "annotations": [{"id": 99621, "image_id": 139681, "category_id": 144, "segmentation": [[649.8, 81.5, 692.3, 117.8, 520.0, 159.1, 472.0, 163.0, 435.8, 127.5, 462.3, 117.8, 626.8, 81.5, 649.0, 80.7]], "area": 11104, "bbox": [436.0, 81.0, 256.0, 82.0], "iscrowd": false, "isbbox": false, "color": "#55d1f6", "metadata": {}}]}