{"images": [{"id": 139957, "dataset_id": 48, "category_ids": [], "path": "/datasets/201005_PERFUME/20170702_171234_A_1063_   6099721299850_H.jpg", "width": 1024, "height": 285, "file_name": "20170702_171234_A_1063_   6099721299850_H_perfume_460.jpg", "annotated": false, "annotating": [], "num_annotations": 0, "metadata": {}, "deleted": false, "milliseconds": 0, "events": [], "regenerate_thumbnail": false}], "categories": [{"id": 144, "name": "perfume", "supercategory": "", "color": "#167e9d", "metadata": {}, "keypoint_colors": []}], "annotations": [{"id": 100567, "image_id": 139957, "category_id": 144, "segmentation": [[123.7, 59.2, 128.3, 109.3, 127.8, 111.0, 124.6, 111.6, 126.3, 131.4, 79.8, 133.2, 74.4, 60.1, 76.6, 58.7, 120.7, 57.9]], "area": 3616, "bbox": [74.0, 58.0, 54.0, 75.0], "iscrowd": false, "isbbox": false, "color": "#bf1aed", "metadata": {}}]}