{"images": [{"id": 139734, "dataset_id": 48, "category_ids": [], "path": "/datasets/201005_PERFUME/20170701_092904_A_1242_   6099730099617_V.jpg", "width": 1024, "height": 260, "file_name": "20170701_092904_A_1242_   6099730099617_V_perfume_123.jpg", "annotated": false, "annotating": [], "num_annotations": 0, "metadata": {}, "deleted": false, "milliseconds": 0, "events": [], "regenerate_thumbnail": false}], "categories": [{"id": 144, "name": "perfume", "supercategory": "", "color": "#167e9d", "metadata": {}, "keypoint_colors": []}], "annotations": [{"id": 100024, "image_id": 139734, "category_id": 144, "segmentation": [[734.1, 50.3, 736.7, 88.0, 740.6, 95.8, 728.6, 100.4, 570.1, 99.7, 566.8, 86.1, 540.2, 88.0, 532.1, 85.8, 527.5, 82.2, 524.9, 77.0, 525.9, 70.5, 535.3, 62.7, 561.3, 63.7, 561.0, 54.2, 576.2, 49.4, 733.5, 47.4, 733.8, 50.1]], "area": 9657, "bbox": [525.0, 47.0, 216.0, 53.0], "iscrowd": false, "isbbox": false, "color": "#39fecf", "metadata": {}}]}