{"images": [{"id": 139804, "dataset_id": 48, "category_ids": [], "path": "/datasets/201005_PERFUME/20170701_132943_A_1325_   6095010946479_H.jpg", "width": 1024, "height": 319, "file_name": "20170701_132943_A_1325_   6095010946479_H_perfume_252.jpg", "annotated": false, "annotating": [], "num_annotations": 0, "metadata": {}, "deleted": false, "milliseconds": 0, "events": [], "regenerate_thumbnail": false}], "categories": [{"id": 144, "name": "perfume", "supercategory": "", "color": "#167e9d", "metadata": {}, "keypoint_colors": []}], "annotations": [{"id": 100208, "image_id": 139804, "category_id": 144, "segmentation": [[124.2, 46.5, 139.8, 136.5, 142.9, 162.6, 139.8, 166.9, 110.9, 168.1, 107.0, 147.1, 100.8, 146.7, 98.0, 143.9, 98.0, 141.2, 93.7, 141.2, 76.2, 49.2, 123.8, 47.2]], "area": 5349, "bbox": [76.0, 47.0, 67.0, 121.0], "iscrowd": false, "isbbox": false, "color": "#a23e22", "metadata": {}}]}