{"images": [{"id": 139778, "dataset_id": 48, "category_ids": [], "path": "/datasets/201005_PERFUME/20170701_100359_A_1964_   6099704563267_V.jpg", "width": 1024, "height": 339, "file_name": "20170701_100359_A_1964_   6099704563267_V_perfume_219.jpg", "annotated": false, "annotating": [], "num_annotations": 0, "metadata": {}, "deleted": false, "milliseconds": 0, "events": [], "regenerate_thumbnail": false}], "categories": [{"id": 144, "name": "perfume", "supercategory": "", "color": "#167e9d", "metadata": {}, "keypoint_colors": []}], "annotations": [{"id": 100174, "image_id": 139778, "category_id": 144, "segmentation": [[758.0, 79.5, 758.8, 102.9, 747.5, 108.7, 696.0, 106.8, 515.9, 104.8, 484.3, 106.4, 480.8, 79.5, 511.6, 74.8, 572.4, 77.2, 573.6, 75.2, 577.9, 73.7, 593.9, 74.8, 625.5, 73.7, 627.0, 72.1, 662.1, 72.1, 680.4, 79.5, 691.0, 77.9, 753.7, 79.5]], "area": 8302, "bbox": [481.0, 72.0, 278.0, 37.0], "iscrowd": false, "isbbox": false, "color": "#05a3af", "metadata": {}}, {"id": 100175, "image_id": 139778, "category_id": 144, "segmentation": [[752.2, 143.8, 752.2, 171.1, 487.1, 168.4, 487.8, 143.0, 579.5, 143.9, 581.0, 137.6, 595.4, 136.4, 597.8, 138.4, 647.7, 136.8, 650.4, 139.1, 659.4, 139.1, 663.3, 136.8, 667.2, 136.8, 675.8, 144.2, 751.4, 144.2]], "area": 7463, "bbox": [487.0, 136.0, 265.0, 35.0], "iscrowd": false, "isbbox": false, "color": "#c0be22", "metadata": {}}]}