{"images": [{"id": 139774, "dataset_id": 48, "category_ids": [], "path": "/datasets/201005_PERFUME/20170701_100343_A_1956_   6099704563290_V.jpg", "width": 1024, "height": 291, "file_name": "20170701_100343_A_1956_   6099704563290_V_perfume_211.jpg", "annotated": false, "annotating": [], "num_annotations": 0, "metadata": {}, "deleted": false, "milliseconds": 0, "events": [], "regenerate_thumbnail": false}], "categories": [{"id": 144, "name": "perfume", "supercategory": "", "color": "#167e9d", "metadata": {}, "keypoint_colors": []}], "annotations": [{"id": 100166, "image_id": 139774, "category_id": 144, "segmentation": [[755.0, 52.9, 755.6, 85.1, 754.0, 86.7, 739.0, 88.0, 613.0, 88.0, 611.4, 85.1, 606.2, 85.1, 598.4, 80.5, 584.7, 80.9, 575.9, 76.6, 565.6, 76.6, 560.7, 73.7, 558.4, 68.8, 559.7, 64.6, 568.2, 59.7, 578.2, 60.4, 583.1, 57.8, 600.0, 57.8, 603.6, 55.5, 607.1, 55.5, 610.7, 52.6, 631.8, 51.0, 754.0, 51.0]], "area": 6388, "bbox": [558.0, 51.0, 198.0, 37.0], "iscrowd": false, "isbbox": false, "color": "#46ec61", "metadata": {}}, {"id": 100167, "image_id": 139774, "category_id": 144, "segmentation": [[715.7, 105.2, 729.6, 105.6, 732.9, 109.1, 749.4, 109.8, 751.7, 112.7, 767.7, 112.4, 770.2, 117.7, 769.9, 124.7, 767.6, 128.0, 751.1, 128.0, 747.8, 131.2, 732.2, 131.2, 728.6, 134.1, 715.0, 133.8, 700.7, 138.7, 577.6, 138.0, 575.0, 123.7, 575.3, 104.9, 599.7, 99.7, 715.0, 101.0]], "area": 6381, "bbox": [575.0, 100.0, 195.0, 39.0], "iscrowd": false, "isbbox": false, "color": "#f046be", "metadata": {}}]}