{"images": [{"id": 139729, "dataset_id": 48, "category_ids": [], "path": "/datasets/201005_PERFUME/20170701_092841_A_1229_   6099730099618_H.jpg", "width": 1024, "height": 268, "file_name": "20170701_092841_A_1229_   6099730099618_H_perfume_118.jpg", "annotated": false, "annotating": [], "num_annotations": 0, "metadata": {}, "deleted": false, "milliseconds": 0, "events": [], "regenerate_thumbnail": false}], "categories": [{"id": 144, "name": "perfume", "supercategory": "", "color": "#167e9d", "metadata": {}, "keypoint_colors": []}], "annotations": [{"id": 100003, "image_id": 139729, "category_id": 144, "segmentation": [[146.2, 59.5, 145.1, 70.3, 148.1, 71.7, 140.3, 122.3, 92.3, 121.5, 91.8, 105.8, 95.9, 77.1, 97.5, 75.2, 97.5, 70.1, 99.9, 68.2, 101.8, 56.5, 143.8, 58.4]], "area": 3195, "bbox": [92.0, 57.0, 56.0, 65.0], "iscrowd": false, "isbbox": false, "color": "#f88863", "metadata": {}}]}