{"images": [{"id": 139973, "dataset_id": 48, "category_ids": [], "path": "/datasets/201005_PERFUME/20170702_171808_A_1194_   6099721301680_H.jpg", "width": 1024, "height": 257, "file_name": "20170702_171808_A_1194_   6099721301680_H_perfume_494.jpg", "annotated": false, "annotating": [], "num_annotations": 0, "metadata": {}, "deleted": false, "milliseconds": 0, "events": [], "regenerate_thumbnail": false}], "categories": [{"id": 144, "name": "perfume", "supercategory": "", "color": "#167e9d", "metadata": {}, "keypoint_colors": []}], "annotations": [{"id": 100624, "image_id": 139973, "category_id": 144, "segmentation": [[152.8, 45.8, 163.8, 97.5, 160.6, 101.0, 143.5, 105.0, 143.5, 112.5, 148.1, 118.9, 143.3, 121.6, 142.7, 129.6, 137.9, 132.3, 127.8, 134.4, 114.7, 133.1, 110.4, 130.4, 108.6, 122.9, 103.7, 120.0, 107.2, 116.8, 105.1, 106.6, 86.7, 104.0, 82.6, 100.8, 78.1, 49.7, 85.6, 46.8, 150.5, 45.7]], "area": 5570, "bbox": [78.0, 46.0, 86.0, 88.0], "iscrowd": false, "isbbox": false, "color": "#d612c4", "metadata": {}}]}