{"images": [{"id": 139703, "dataset_id": 48, "category_ids": [], "path": "/datasets/201005_PERFUME/20170701_090315_A_1551_   6099721299457_H.jpg", "width": 1024, "height": 242, "file_name": "20170701_090315_A_1551_   6099721299457_H_perfumesample_65.jpg", "annotated": false, "annotating": [], "num_annotations": 0, "metadata": {}, "deleted": false, "milliseconds": 0, "events": [], "regenerate_thumbnail": false}], "categories": [{"id": 145, "name": "perfumesample", "supercategory": "", "color": "#7d29d2", "metadata": {}, "keypoint_colors": []}], "annotations": [{"id": 99888, "image_id": 139703, "category_id": 145, "segmentation": [[196.3, 32.5, 198.3, 34.1, 198.5, 36.8, 194.5, 39.9, 170.3, 40.2, 164.5, 35.6, 164.5, 33.6, 169.2, 30.9, 190.9, 30.7]], "area": 272, "bbox": [165.0, 31.0, 34.0, 9.0], "iscrowd": false, "isbbox": false, "color": "#9025ba", "metadata": {}}, {"id": 99889, "image_id": 139703, "category_id": 145, "segmentation": [[194.9, 94.5, 178.5, 121.2, 171.7, 122.7, 160.4, 120.2, 177.3, 92.9, 180.9, 90.9, 181.4, 88.7, 195.2, 89.3]], "area": 594, "bbox": [161.0, 89.0, 34.0, 34.0], "iscrowd": false, "isbbox": false, "color": "#05b3ba", "metadata": {}}]}