{"images": [{"id": 139801, "dataset_id": 48, "category_ids": [], "path": "/datasets/201005_PERFUME/20170701_111408_G_8471_   6076820266648_V.jpg", "width": 1024, "height": 260, "file_name": "20170701_111408_G_8471_   6076820266648_V_perfume_249.jpg", "annotated": false, "annotating": [], "num_annotations": 0, "metadata": {}, "deleted": false, "milliseconds": 0, "events": [], "regenerate_thumbnail": false}], "categories": [{"id": 144, "name": "perfume", "supercategory": "", "color": "#167e9d", "metadata": {}, "keypoint_colors": []}], "annotations": [{"id": 100205, "image_id": 139801, "category_id": 144, "segmentation": [[708.8, 39.8, 723.3, 47.6, 730.3, 58.2, 733.0, 75.7, 731.1, 84.7, 727.9, 89.3, 721.3, 93.2, 701.0, 96.4, 703.8, 98.7, 704.2, 105.7, 702.6, 107.3, 697.9, 107.3, 697.9, 113.5, 692.5, 117.4, 684.7, 120.1, 666.0, 119.0, 660.9, 115.1, 660.5, 108.8, 655.4, 108.5, 654.7, 96.8, 633.2, 92.9, 625.4, 81.2, 623.5, 73.4, 624.2, 51.1, 628.1, 45.7, 634.8, 42.6, 636.7, 39.1, 640.6, 37.5, 703.8, 37.5]], "area": 6701, "bbox": [624.0, 38.0, 109.0, 82.0], "iscrowd": false, "isbbox": false, "color": "#7a24e1", "metadata": {}}]}