{"images": [{"id": 139736, "dataset_id": 48, "category_ids": [], "path": "/datasets/201005_PERFUME/20170701_092938_A_1261_   6099730099612_V.jpg", "width": 1024, "height": 268, "file_name": "20170701_092938_A_1261_   6099730099612_V_perfume_125.jpg", "annotated": false, "annotating": [], "num_annotations": 0, "metadata": {}, "deleted": false, "milliseconds": 0, "events": [], "regenerate_thumbnail": false}], "categories": [{"id": 144, "name": "perfume", "supercategory": "", "color": "#167e9d", "metadata": {}, "keypoint_colors": []}], "annotations": [{"id": 100039, "image_id": 139736, "category_id": 144, "segmentation": [[700.9, 83.3, 688.8, 98.6, 730.1, 103.1, 733.4, 106.1, 731.4, 113.5, 717.8, 123.6, 674.5, 116.1, 659.9, 134.3, 631.7, 130.1, 630.4, 127.2, 489.7, 109.3, 490.3, 105.1, 533.2, 59.0, 579.7, 64.2, 585.9, 68.8, 608.3, 72.0, 672.3, 80.1, 675.5, 77.8, 701.2, 82.3]], "area": 10389, "bbox": [490.0, 59.0, 243.0, 75.0], "iscrowd": false, "isbbox": false, "color": "#98d812", "metadata": {}}]}