{"images": [{"id": 139824, "dataset_id": 48, "category_ids": [], "path": "/datasets/201005_PERFUME/20170701_170500_A_1958_   6099721301102_H.jpg", "width": 1024, "height": 250, "file_name": "20170701_170500_A_1958_   6099721301102_H_perfumesample_270.jpg", "annotated": false, "annotating": [], "num_annotations": 0, "metadata": {}, "deleted": false, "milliseconds": 0, "events": [], "regenerate_thumbnail": false}], "categories": [{"id": 145, "name": "perfumesample", "supercategory": "", "color": "#7d29d2", "metadata": {}, "keypoint_colors": []}], "annotations": [{"id": 100225, "image_id": 139824, "category_id": 145, "segmentation": [[175.6, 33.1, 181.4, 33.9, 184.2, 36.2, 183.8, 38.9, 177.5, 41.7, 159.2, 41.7, 156.1, 39.7, 156.1, 36.2, 158.8, 33.5, 170.5, 32.3]], "area": 222, "bbox": [156.0, 32.0, 28.0, 10.0], "iscrowd": false, "isbbox": false, "color": "#f620ef", "metadata": {}}, {"id": 100226, "image_id": 139824, "category_id": 145, "segmentation": [[177.9, 127.0, 184.6, 129.0, 184.2, 132.1, 177.5, 134.8, 163.5, 134.8, 159.6, 133.3, 159.6, 129.4, 172.9, 126.3]], "area": 165, "bbox": [160.0, 126.0, 25.0, 9.0], "iscrowd": false, "isbbox": false, "color": "#7264dc", "metadata": {}}]}