{"images": [{"id": 139745, "dataset_id": 48, "category_ids": [], "path": "/datasets/201005_PERFUME/20170701_093716_A_1462_   6099721299513_H.jpg", "width": 1024, "height": 306, "file_name": "20170701_093716_A_1462_   6099721299513_H_perfume_139.jpg", "annotated": false, "annotating": [], "num_annotations": 0, "metadata": {}, "deleted": false, "milliseconds": 0, "events": [], "regenerate_thumbnail": false}], "categories": [{"id": 144, "name": "perfume", "supercategory": "", "color": "#167e9d", "metadata": {}, "keypoint_colors": []}], "annotations": [{"id": 100088, "image_id": 139745, "category_id": 144, "segmentation": [[88.9, 69.5, 104.5, 73.1, 95.9, 80.8, 94.1, 95.4, 96.4, 97.7, 103.6, 99.9, 102.4, 160.2, 105.8, 162.0, 106.1, 164.9, 102.9, 166.7, 53.3, 165.8, 51.5, 162.0, 55.5, 160.2, 55.7, 99.7, 58.5, 99.5, 59.8, 86.6, 59.8, 80.1, 55.1, 72.0, 63.4, 70.8, 63.6, 69.2, 88.5, 69.2]], "area": 4313, "bbox": [52.0, 69.0, 54.0, 98.0], "iscrowd": false, "isbbox": false, "color": "#9068ee", "metadata": {}}]}