{"images": [{"id": 139796, "dataset_id": 48, "category_ids": [], "path": "/datasets/201005_PERFUME/20170701_111017_G_8390_   6076820266701_H.jpg", "width": 1024, "height": 268, "file_name": "20170701_111017_G_8390_   6076820266701_H_perfume_244.jpg", "annotated": false, "annotating": [], "num_annotations": 0, "metadata": {}, "deleted": false, "milliseconds": 0, "events": [], "regenerate_thumbnail": false}], "categories": [{"id": 144, "name": "perfume", "supercategory": "", "color": "#167e9d", "metadata": {}, "keypoint_colors": []}], "annotations": [{"id": 100200, "image_id": 139796, "category_id": 144, "segmentation": [[142.0, 67.6, 153.0, 82.2, 153.3, 92.8, 152.6, 96.0, 146.3, 104.8, 135.2, 112.5, 130.7, 136.6, 97.1, 136.4, 95.3, 132.5, 97.8, 111.1, 87.6, 94.2, 88.1, 86.3, 92.3, 78.6, 109.0, 65.1, 140.9, 66.4]], "area": 3421, "bbox": [88.0, 65.0, 65.0, 72.0], "iscrowd": false, "isbbox": false, "color": "#1f89d6", "metadata": {}}]}