{"images": [{"id": 139684, "dataset_id": 48, "category_ids": [], "path": "/datasets/201005_PERFUME/20170701_090134_A_1522_   6099721300179_V.jpg", "width": 1024, "height": 307, "file_name": "20170701_090134_A_1522_   6099721300179_V_perfume_9.jpg", "annotated": false, "annotating": [], "num_annotations": 0, "metadata": {}, "deleted": false, "milliseconds": 0, "events": [], "regenerate_thumbnail": false}], "categories": [{"id": 144, "name": "perfume", "supercategory": "", "color": "#167e9d", "metadata": {}, "keypoint_colors": []}], "annotations": [{"id": 99641, "image_id": 139684, "category_id": 144, "segmentation": [[638.8, 77.9, 642.3, 83.3, 663.0, 87.2, 673.5, 91.1, 680.1, 95.4, 681.3, 97.8, 679.7, 136.4, 675.1, 143.4, 668.0, 148.1, 656.7, 152.0, 596.7, 152.3, 558.5, 149.2, 548.0, 142.6, 545.6, 137.1, 549.1, 95.4, 556.1, 90.4, 572.9, 84.9, 593.2, 83.3, 595.5, 73.2, 594.7, 61.9, 609.6, 59.7, 640.0, 61.9, 638.5, 71.3]], "area": 9546, "bbox": [546.0, 60.0, 135.0, 92.0], "iscrowd": false, "isbbox": false, "color": "#86e034", "metadata": {}}]}