{"images": [{"id": 139691, "dataset_id": 48, "category_ids": [], "path": "/datasets/201005_PERFUME/20170701_090221_A_1534_   6099721300147_H.jpg", "width": 1024, "height": 308, "file_name": "20170701_090221_A_1534_   6099721300147_H_perfumesample_31.jpg", "annotated": false, "annotating": [], "num_annotations": 0, "metadata": {}, "deleted": false, "milliseconds": 0, "events": [], "regenerate_thumbnail": false}], "categories": [{"id": 145, "name": "perfumesample", "supercategory": "", "color": "#7d29d2", "metadata": {}, "keypoint_colors": []}], "annotations": [{"id": 99732, "image_id": 139691, "category_id": 145, "segmentation": [[105.8, 70.2, 105.6, 99.1, 103.1, 101.0, 90.4, 100.2, 91.7, 65.6, 103.9, 65.3]], "area": 515, "bbox": [90.0, 65.0, 16.0, 36.0], "iscrowd": false, "isbbox": false, "color": "#5ae7d4", "metadata": {}}, {"id": 99734, "image_id": 139691, "category_id": 145, "segmentation": [[105.0, 133.3, 104.5, 162.8, 90.7, 163.9, 90.7, 129.7, 101.8, 128.9]], "area": 470, "bbox": [91.0, 129.0, 14.0, 35.0], "iscrowd": false, "isbbox": false, "color": "#5d25c6", "metadata": {}}]}