{"images": [{"id": 139970, "dataset_id": 48, "category_ids": [], "path": "/datasets/201005_PERFUME/20170702_171803_A_1191_   6099721301376_V.jpg", "width": 1024, "height": 234, "file_name": "20170702_171803_A_1191_   6099721301376_V_perfumesample_486.jpg", "annotated": false, "annotating": [], "num_annotations": 0, "metadata": {}, "deleted": false, "milliseconds": 0, "events": [], "regenerate_thumbnail": false}], "categories": [{"id": 145, "name": "perfumesample", "supercategory": "", "color": "#7d29d2", "metadata": {}, "keypoint_colors": []}], "annotations": [{"id": 100612, "image_id": 139970, "category_id": 145, "segmentation": [[635.4, 100.4, 637.7, 97.3, 643.1, 96.8, 694.6, 104.4, 702.9, 106.8, 704.6, 110.4, 701.5, 114.2, 688.2, 114.0, 637.7, 105.5]], "area": 657, "bbox": [635.0, 97.0, 69.0, 17.0], "iscrowd": false, "isbbox": false, "color": "#e6df47", "metadata": {}}, {"id": 100613, "image_id": 139970, "category_id": 145, "segmentation": [[656.7, 40.1, 643.0, 65.2, 640.3, 67.2, 639.9, 70.1, 624.5, 68.1, 625.2, 61.9, 639.7, 35.4, 656.8, 37.2]], "area": 624, "bbox": [625.0, 35.0, 32.0, 35.0], "iscrowd": false, "isbbox": false, "color": "#0b5ada", "metadata": {}}]}