{"images": [{"id": 139962, "dataset_id": 48, "category_ids": [], "path": "/datasets/201005_PERFUME/20170702_171309_A_1082_   6099721299872_V.jpg", "width": 1024, "height": 284, "file_name": "20170702_171309_A_1082_   6099721299872_V_perfume_465.jpg", "annotated": false, "annotating": [], "num_annotations": 0, "metadata": {}, "deleted": false, "milliseconds": 0, "events": [], "regenerate_thumbnail": false}], "categories": [{"id": 144, "name": "perfume", "supercategory": "", "color": "#167e9d", "metadata": {}, "keypoint_colors": []}], "annotations": [{"id": 101330, "image_id": 139962, "category_id": 144, "segmentation": [[620.6, 65.5, 711.2, 63.2, 700.0, 83.8, 734.7, 128.9, 717.4, 134.8, 688.6, 138.7, 655.2, 139.1, 616.3, 133.2, 635.0, 87.1, 621.6, 66.5]], "area": 6496, "bbox": [617.0, 63.0, 117.0, 76.0], "iscrowd": false, "isbbox": false, "color": "#e92db8", "metadata": {}}]}