{"images": [{"id": 139764, "dataset_id": 48, "category_ids": [], "path": "/datasets/201005_PERFUME/20170701_094710_A_1629_   6099721299488_V.jpg", "width": 1024, "height": 261, "file_name": "20170701_094710_A_1629_   6099721299488_V_perfume_189.jpg", "annotated": false, "annotating": [], "num_annotations": 0, "metadata": {}, "deleted": false, "milliseconds": 0, "events": [], "regenerate_thumbnail": false}], "categories": [{"id": 144, "name": "perfume", "supercategory": "", "color": "#167e9d", "metadata": {}, "keypoint_colors": []}], "annotations": [{"id": 100145, "image_id": 139764, "category_id": 144, "segmentation": [[704.9, 68.1, 709.5, 68.8, 701.7, 86.3, 726.0, 93.2, 702.3, 135.4, 624.3, 126.6, 569.8, 118.2, 596.1, 76.9, 631.5, 78.5, 643.2, 59.4, 704.6, 67.5]], "area": 7660, "bbox": [570.0, 59.0, 156.0, 76.0], "iscrowd": false, "isbbox": false, "color": "#d2fd31", "metadata": {}}]}