{"images": [{"id": 139821, "dataset_id": 48, "category_ids": [], "path": "/datasets/201005_PERFUME/20170701_165251_G_9500_      8131615052_V.jpg", "width": 1024, "height": 276, "file_name": "20170701_165251_G_9500_      8131615052_V_perfume_261.jpg", "annotated": false, "annotating": [], "num_annotations": 0, "metadata": {}, "deleted": false, "milliseconds": 0, "events": [], "regenerate_thumbnail": false}], "categories": [{"id": 144, "name": "perfume", "supercategory": "", "color": "#167e9d", "metadata": {}, "keypoint_colors": []}], "annotations": [{"id": 100217, "image_id": 139821, "category_id": 144, "segmentation": [[739.5, 59.9, 733.6, 124.2, 720.4, 126.5, 686.1, 126.5, 685.7, 129.3, 689.2, 133.9, 689.2, 141.7, 682.9, 148.0, 657.2, 151.5, 633.8, 148.0, 631.5, 145.2, 630.3, 138.2, 630.3, 131.2, 632.6, 130.0, 631.9, 125.4, 589.0, 121.9, 594.4, 58.3, 600.7, 57.1, 737.9, 59.5]], "area": 11058, "bbox": [589.0, 57.0, 151.0, 95.0], "iscrowd": false, "isbbox": false, "color": "#ef5f4c", "metadata": {}}]}