{"images": [{"id": 139700, "dataset_id": 48, "category_ids": [], "path": "/datasets/201005_PERFUME/20170701_090307_A_1548_   6099721299437_V.jpg", "width": 1024, "height": 252, "file_name": "20170701_090307_A_1548_   6099721299437_V_perfumesample_56.jpg", "annotated": false, "annotating": [], "num_annotations": 0, "metadata": {}, "deleted": false, "milliseconds": 0, "events": [], "regenerate_thumbnail": false}], "categories": [{"id": 145, "name": "perfumesample", "supercategory": "", "color": "#7d29d2", "metadata": {}, "keypoint_colors": []}], "annotations": [{"id": 99859, "image_id": 139700, "category_id": 145, "segmentation": [[666.5, 59.4, 668.3, 87.4, 666.7, 89.0, 653.2, 89.4, 652.1, 88.8, 650.0, 55.6, 664.0, 54.9]], "area": 547, "bbox": [650.0, 55.0, 18.0, 34.0], "iscrowd": false, "isbbox": false, "color": "#6ee9da", "metadata": {}}, {"id": 99862, "image_id": 139700, "category_id": 145, "segmentation": [[777.5, 79.7, 775.7, 107.0, 773.4, 114.0, 772.5, 115.2, 758.3, 114.9, 757.9, 108.6, 756.5, 107.7, 758.6, 79.7, 776.8, 79.5]], "area": 647, "bbox": [757.0, 80.0, 21.0, 35.0], "iscrowd": false, "isbbox": false, "color": "#dd0a2d", "metadata": {}}]}