{"images": [{"id": 139969, "dataset_id": 48, "category_ids": [], "path": "/datasets/201005_PERFUME/20170702_171803_A_1191_   6099721301376_H.jpg", "width": 1024, "height": 234, "file_name": "20170702_171803_A_1191_   6099721301376_H_perfume_482.jpg", "annotated": false, "annotating": [], "num_annotations": 0, "metadata": {}, "deleted": false, "milliseconds": 0, "events": [], "regenerate_thumbnail": false}], "categories": [{"id": 144, "name": "perfume", "supercategory": "", "color": "#167e9d", "metadata": {}, "keypoint_colors": []}], "annotations": [{"id": 100604, "image_id": 139969, "category_id": 144, "segmentation": [[126.1, 43.3, 133.7, 63.9, 150.6, 74.9, 157.1, 86.2, 157.7, 93.1, 156.2, 99.0, 151.4, 106.6, 144.9, 111.6, 129.1, 113.6, 117.8, 112.9, 96.8, 98.8, 90.5, 87.7, 90.3, 77.8, 95.9, 67.1, 90.7, 46.5, 93.9, 43.9, 104.2, 41.7, 123.5, 42.2]], "area": 3451, "bbox": [90.0, 42.0, 68.0, 72.0], "iscrowd": false, "isbbox": false, "color": "#c35e2c", "metadata": {}}]}