{"images": [{"id": 139968, "dataset_id": 48, "category_ids": [], "path": "/datasets/201005_PERFUME/20170702_171801_A_1190_   6099721300198_V.jpg", "width": 1024, "height": 298, "file_name": "20170702_171801_A_1190_   6099721300198_V_perfume_478.jpg", "annotated": false, "annotating": [], "num_annotations": 0, "metadata": {}, "deleted": false, "milliseconds": 0, "events": [], "regenerate_thumbnail": false}], "categories": [{"id": 144, "name": "perfume", "supercategory": "", "color": "#167e9d", "metadata": {}, "keypoint_colors": []}], "annotations": [{"id": 100598, "image_id": 139968, "category_id": 144, "segmentation": [[690.6, 66.2, 713.7, 67.5, 715.9, 69.9, 715.1, 72.6, 706.0, 80.4, 704.1, 94.5, 750.1, 93.7, 751.1, 94.8, 750.6, 155.4, 754.1, 157.5, 754.9, 161.0, 753.5, 162.1, 611.2, 162.1, 610.4, 158.1, 615.2, 155.1, 614.9, 95.3, 655.3, 94.2, 654.2, 83.6, 645.1, 69.9, 645.6, 67.8, 686.8, 65.7]], "area": 10823, "bbox": [610.0, 66.0, 145.0, 96.0], "iscrowd": false, "isbbox": false, "color": "#1097ed", "metadata": {}}]}