{"images": [{"id": 139760, "dataset_id": 48, "category_ids": [], "path": "/datasets/201005_PERFUME/20170701_094137_A_1555_   6099721300170_V.jpg", "width": 1024, "height": 298, "file_name": "20170701_094137_A_1555_   6099721300170_V_perfumesample_179.jpg", "annotated": false, "annotating": [], "num_annotations": 0, "metadata": {}, "deleted": false, "milliseconds": 0, "events": [], "regenerate_thumbnail": false}], "categories": [{"id": 145, "name": "perfumesample", "supercategory": "", "color": "#7d29d2", "metadata": {}, "keypoint_colors": []}], "annotations": [{"id": 100132, "image_id": 139760, "category_id": 145, "segmentation": [[746.8, 53.9, 745.7, 58.2, 748.2, 60.4, 749.0, 88.8, 746.5, 90.7, 728.1, 90.4, 727.0, 61.4, 729.8, 59.0, 727.6, 53.9, 745.7, 53.1]], "area": 756, "bbox": [727.0, 53.0, 22.0, 38.0], "iscrowd": false, "isbbox": false, "color": "#a9c822", "metadata": {}}, {"id": 100134, "image_id": 139760, "category_id": 145, "segmentation": [[703.8, 148.4, 700.2, 151.3, 703.0, 153.8, 700.5, 157.8, 684.5, 157.3, 682.6, 153.8, 684.8, 152.4, 683.5, 148.6, 685.9, 120.7, 705.6, 121.6]], "area": 708, "bbox": [683.0, 121.0, 23.0, 37.0], "iscrowd": false, "isbbox": false, "color": "#9857f9", "metadata": {}}]}