{"images": [{"id": 139710, "dataset_id": 48, "category_ids": [], "path": "/datasets/201005_PERFUME/20170701_090359_A_1569_   6099721300164_V.jpg", "width": 1024, "height": 269, "file_name": "20170701_090359_A_1569_   6099721300164_V_perfume_83.jpg", "annotated": false, "annotating": [], "num_annotations": 0, "metadata": {}, "deleted": false, "milliseconds": 0, "events": [], "regenerate_thumbnail": false}], "categories": [{"id": 144, "name": "perfume", "supercategory": "", "color": "#167e9d", "metadata": {}, "keypoint_colors": []}], "annotations": [{"id": 99924, "image_id": 139710, "category_id": 144, "segmentation": [[716.8, 36.1, 725.5, 41.0, 725.5, 45.0, 715.8, 53.4, 714.5, 59.2, 727.8, 66.2, 732.3, 77.7, 730.5, 89.5, 720.1, 115.0, 703.9, 140.9, 702.1, 142.3, 666.6, 142.5, 643.2, 139.1, 641.8, 130.8, 643.8, 105.9, 651.7, 77.3, 661.4, 66.0, 669.8, 61.3, 687.2, 57.0, 688.1, 54.5, 686.0, 51.1, 679.3, 46.4, 679.9, 42.2, 682.7, 38.9, 691.1, 35.9, 700.0, 34.9, 710.2, 34.6, 715.4, 36.0]], "area": 6955, "bbox": [642.0, 35.0, 90.0, 108.0], "iscrowd": false, "isbbox": false, "color": "#018ce4", "metadata": {}}]}