{"images": [{"id": 139879, "dataset_id": 48, "category_ids": [], "path": "/datasets/201005_PERFUME/20170702_083807_F_7449_   6099726115446_V.jpg", "width": 1024, "height": 269, "file_name": "20170702_083807_F_7449_   6099726115446_V_perfume_359.jpg", "annotated": false, "annotating": [], "num_annotations": 0, "metadata": {}, "deleted": false, "milliseconds": 0, "events": [], "regenerate_thumbnail": false}], "categories": [{"id": 144, "name": "perfume", "supercategory": "", "color": "#167e9d", "metadata": {}, "keypoint_colors": []}], "annotations": [{"id": 100345, "image_id": 139879, "category_id": 144, "segmentation": [[677.1, 59.4, 765.6, 61.4, 769.1, 114.0, 732.9, 115.9, 733.9, 124.4, 769.4, 121.5, 769.9, 134.0, 746.7, 137.5, 655.1, 136.4, 653.2, 124.7, 688.2, 122.3, 690.8, 120.5, 691.4, 117.2, 649.7, 117.5, 640.9, 65.4, 674.3, 60.1]], "area": 8624, "bbox": [641.0, 59.0, 129.0, 79.0], "iscrowd": false, "isbbox": false, "color": "#ed71b1", "metadata": {}}]}