{"images": [{"id": 139728, "dataset_id": 48, "category_ids": [], "path": "/datasets/201005_PERFUME/20170701_092705_G_8258_   6063412113523_V.jpg", "width": 1024, "height": 283, "file_name": "20170701_092705_G_8258_   6063412113523_V_perfume_117.jpg", "annotated": false, "annotating": [], "num_annotations": 0, "metadata": {}, "deleted": false, "milliseconds": 0, "events": [], "regenerate_thumbnail": false}], "categories": [{"id": 144, "name": "perfume", "supercategory": "", "color": "#167e9d", "metadata": {}, "keypoint_colors": []}], "annotations": [{"id": 101152, "image_id": 139728, "category_id": 144, "segmentation": [[670.9, 48.3, 730.8, 49.0, 729.8, 55.2, 717.7, 54.5, 717.7, 56.5, 719.0, 57.8, 726.9, 58.1, 726.9, 62.4, 722.0, 64.3, 723.3, 71.2, 732.7, 72.2, 740.3, 78.7, 740.9, 123.5, 738.0, 129.4, 732.4, 131.0, 671.3, 131.4, 654.6, 128.7, 655.2, 80.0, 660.5, 74.1, 674.5, 69.6, 676.2, 65.3, 674.5, 62.7, 671.3, 62.0, 671.3, 59.7, 681.1, 57.1, 681.1, 53.9, 671.3, 53.9, 670.9, 49.3]], "area": 6147, "bbox": [655.0, 48.0, 86.0, 83.0], "iscrowd": false, "isbbox": false, "color": "#1285d0", "metadata": {}}]}