{"images": [{"id": 139770, "dataset_id": 48, "category_ids": [], "path": "/datasets/201005_PERFUME/20170701_100142_A_1938_   6099704563278_V.jpg", "width": 1024, "height": 332, "file_name": "20170701_100142_A_1938_   6099704563278_V_perfume_202.jpg", "annotated": false, "annotating": [], "num_annotations": 0, "metadata": {}, "deleted": false, "milliseconds": 0, "events": [], "regenerate_thumbnail": false}], "categories": [{"id": 144, "name": "perfume", "supercategory": "", "color": "#167e9d", "metadata": {}, "keypoint_colors": []}], "annotations": [{"id": 100158, "image_id": 139770, "category_id": 144, "segmentation": [[524.4, 69.2, 529.5, 72.3, 529.5, 76.6, 534.5, 86.8, 539.6, 90.3, 540.0, 96.9, 545.8, 101.2, 545.1, 105.1, 540.0, 106.3, 543.1, 115.2, 547.4, 115.6, 548.6, 117.2, 583.3, 178.8, 540.8, 185.0, 502.6, 185.4, 462.0, 99.2, 446.4, 80.1, 447.2, 74.7, 520.1, 66.5]], "area": 9142, "bbox": [446.0, 67.0, 137.0, 118.0], "iscrowd": false, "isbbox": false, "color": "#6a2ef8", "metadata": {}}, {"id": 100159, "image_id": 139770, "category_id": 144, "segmentation": [[642.5, 55.6, 647.6, 56.7, 658.5, 77.0, 663.2, 77.8, 672.9, 87.5, 680.0, 89.1, 680.0, 91.8, 676.4, 93.4, 666.3, 93.4, 671.0, 102.4, 676.1, 105.1, 713.9, 166.7, 668.3, 173.3, 639.0, 173.7, 577.8, 63.0, 637.5, 55.2]], "area": 8630, "bbox": [578.0, 55.0, 136.0, 119.0], "iscrowd": false, "isbbox": false, "color": "#7baf24", "metadata": {}}]}