{"images": [{"id": 139715, "dataset_id": 48, "category_ids": [], "path": "/datasets/201005_PERFUME/20170701_090405_A_1573_   6099721300159_H.jpg", "width": 1024, "height": 268, "file_name": "20170701_090405_A_1573_   6099721300159_H_perfumesample_102.jpg", "annotated": false, "annotating": [], "num_annotations": 0, "metadata": {}, "deleted": false, "milliseconds": 0, "events": [], "regenerate_thumbnail": false}], "categories": [{"id": 145, "name": "perfumesample", "supercategory": "", "color": "#7d29d2", "metadata": {}, "keypoint_colors": []}], "annotations": [{"id": 101115, "image_id": 139715, "category_id": 145, "segmentation": [[185.9, 100.6, 185.0, 71.5, 186.3, 68.3, 203.0, 68.6, 204.9, 74.5, 206.2, 103.3, 185.9, 102.9]], "area": 683, "bbox": [185.0, 68.0, 21.0, 35.0], "iscrowd": false, "isbbox": false, "color": "#1ec90c", "metadata": {}}, {"id": 101118, "image_id": 139715, "category_id": 145, "segmentation": [[111.7, 41.1, 100.6, 39.8, 99.9, 35.9, 102.9, 33.6, 113.7, 32.6, 118.3, 34.6, 118.6, 37.5, 116.9, 39.2]], "area": 124, "bbox": [100.0, 33.0, 19.0, 8.0], "iscrowd": false, "isbbox": false, "color": "#b73826", "metadata": {}}]}