{"images": [{"id": 139764, "dataset_id": 48, "category_ids": [], "path": "/datasets/201005_PERFUME/20170701_094710_A_1629_   6099721299488_V.jpg", "width": 1024, "height": 261, "file_name": "20170701_094710_A_1629_   6099721299488_V_perfumesample_191.jpg", "annotated": false, "annotating": [], "num_annotations": 0, "metadata": {}, "deleted": false, "milliseconds": 0, "events": [], "regenerate_thumbnail": false}], "categories": [{"id": 145, "name": "perfumesample", "supercategory": "", "color": "#7d29d2", "metadata": {}, "keypoint_colors": []}], "annotations": [{"id": 100146, "image_id": 139764, "category_id": 145, "segmentation": [[770.9, 104.9, 751.7, 133.8, 736.4, 130.8, 735.8, 129.5, 754.0, 101.9, 756.9, 101.0, 757.2, 98.0, 770.9, 100.0]], "area": 615, "bbox": [736.0, 98.0, 35.0, 36.0], "iscrowd": false, "isbbox": false, "color": "#0aacab", "metadata": {}}, {"id": 100147, "image_id": 139764, "category_id": 145, "segmentation": [[662.7, 138.6, 662.0, 140.3, 654.2, 140.3, 583.7, 133.1, 583.7, 128.9, 584.4, 126.6, 587.0, 125.3, 662.4, 133.4]], "area": 617, "bbox": [584.0, 125.0, 79.0, 15.0], "iscrowd": false, "isbbox": false, "color": "#df6da7", "metadata": {}}]}