{"images": [{"id": 139895, "dataset_id": 48, "category_ids": [], "path": "/datasets/201005_PERFUME/20170702_100312_G_9993_   6076825849397_H.jpg", "width": 1024, "height": 288, "file_name": "20170702_100312_G_9993_   6076825849397_H_perfume_376.jpg", "annotated": false, "annotating": [], "num_annotations": 0, "metadata": {}, "deleted": false, "milliseconds": 0, "events": [], "regenerate_thumbnail": false}], "categories": [{"id": 144, "name": "perfume", "supercategory": "", "color": "#167e9d", "metadata": {}, "keypoint_colors": []}], "annotations": [{"id": 100382, "image_id": 139895, "category_id": 144, "segmentation": [[45.8, 76.5, 46.1, 42.1, 113.1, 41.7, 112.8, 144.6, 111.8, 145.6, 109.4, 147.0, 48.2, 147.2, 45.5, 145.9, 44.5, 143.0, 45.8, 77.5]], "area": 7082, "bbox": [45.0, 42.0, 68.0, 105.0], "iscrowd": false, "isbbox": false, "color": "#ed7b3d", "metadata": {}}]}