{"images": [{"id": 139822, "dataset_id": 48, "category_ids": [], "path": "/datasets/201005_PERFUME/20170701_170402_A_1936_   6099721301098_H.jpg", "width": 1024, "height": 252, "file_name": "20170701_170402_A_1936_   6099721301098_H_perfumesample_264.jpg", "annotated": false, "annotating": [], "num_annotations": 0, "metadata": {}, "deleted": false, "milliseconds": 0, "events": [], "regenerate_thumbnail": false}], "categories": [{"id": 145, "name": "perfumesample", "supercategory": "", "color": "#7d29d2", "metadata": {}, "keypoint_colors": []}], "annotations": [{"id": 100219, "image_id": 139822, "category_id": 145, "segmentation": [[86.0, 127.3, 91.7, 130.8, 90.9, 133.8, 87.7, 136.0, 80.1, 135.7, 72.8, 132.4, 72.5, 129.5, 74.1, 127.8, 80.9, 126.5]], "area": 134, "bbox": [73.0, 127.0, 19.0, 9.0], "iscrowd": false, "isbbox": false, "color": "#fda54f", "metadata": {}}, {"id": 100220, "image_id": 139822, "category_id": 145, "segmentation": [[99.3, 31.4, 106.6, 34.4, 105.5, 39.6, 92.5, 39.8, 83.3, 36.9, 83.1, 35.2, 85.8, 33.1, 94.2, 30.9]], "area": 164, "bbox": [83.0, 31.0, 24.0, 9.0], "iscrowd": false, "isbbox": false, "color": "#f551f6", "metadata": {}}]}