{"images": [{"id": 139686, "dataset_id": 48, "category_ids": [], "path": "/datasets/201005_PERFUME/20170701_090148_A_1529_   6099721300189_V.jpg", "width": 1024, "height": 243, "file_name": "20170701_090148_A_1529_   6099721300189_V_perfumesample_17.jpg", "annotated": false, "annotating": [], "num_annotations": 0, "metadata": {}, "deleted": false, "milliseconds": 0, "events": [], "regenerate_thumbnail": false}], "categories": [{"id": 145, "name": "perfumesample", "supercategory": "", "color": "#7d29d2", "metadata": {}, "keypoint_colors": []}], "annotations": [{"id": 99666, "image_id": 139686, "category_id": 145, "segmentation": [[595.6, 22.3, 604.7, 27.2, 553.1, 47.0, 538.5, 48.3, 535.2, 45.7, 535.2, 43.1, 541.7, 38.6, 590.8, 20.7]], "area": 714, "bbox": [535.0, 21.0, 69.0, 27.0], "iscrowd": false, "isbbox": false, "color": "#0893c0", "metadata": {}}, {"id": 99669, "image_id": 139686, "category_id": 145, "segmentation": [[466.7, 68.8, 469.9, 70.4, 469.9, 74.3, 465.7, 77.5, 425.1, 95.7, 415.0, 95.4, 407.9, 92.2, 451.1, 71.4, 456.3, 71.0, 461.5, 68.1]], "area": 626, "bbox": [409.0, 68.0, 61.0, 28.0], "iscrowd": false, "isbbox": false, "color": "#66daa0", "metadata": {}}]}