{"images": [{"id": 139833, "dataset_id": 48, "category_ids": [], "path": "/datasets/201005_PERFUME/20170701_170555_A_1982_   6099721300797_V.jpg", "width": 1024, "height": 304, "file_name": "20170701_170555_A_1982_   6099721300797_V_perfumesample_292.jpg", "annotated": false, "annotating": [], "num_annotations": 0, "metadata": {}, "deleted": false, "milliseconds": 0, "events": [], "regenerate_thumbnail": false}], "categories": [{"id": 145, "name": "perfumesample", "supercategory": "", "color": "#7d29d2", "metadata": {}, "keypoint_colors": []}], "annotations": [{"id": 100250, "image_id": 139833, "category_id": 145, "segmentation": [[772.0, 52.9, 772.0, 81.2, 769.8, 82.1, 769.8, 84.4, 772.0, 85.1, 771.7, 88.3, 770.7, 89.6, 753.2, 89.3, 753.2, 85.7, 755.5, 84.1, 752.6, 81.8, 751.9, 52.6, 771.4, 52.6]], "area": 704, "bbox": [752.0, 53.0, 20.0, 37.0], "iscrowd": false, "isbbox": false, "color": "#f4754e", "metadata": {}}, {"id": 100251, "image_id": 139833, "category_id": 145, "segmentation": [[745.1, 132.5, 747.0, 135.4, 746.1, 163.7, 725.6, 163.7, 725.9, 134.1, 729.8, 131.9, 727.2, 127.3, 746.7, 127.6]], "area": 732, "bbox": [726.0, 127.0, 21.0, 37.0], "iscrowd": false, "isbbox": false, "color": "#ad0815", "metadata": {}}]}