{"images": [{"id": 139892, "dataset_id": 48, "category_ids": [], "path": "/datasets/201005_PERFUME/20170702_100232_G_9972_   6076825849388_V.jpg", "width": 1024, "height": 252, "file_name": "20170702_100232_G_9972_   6076825849388_V_perfume_373.jpg", "annotated": false, "annotating": [], "num_annotations": 0, "metadata": {}, "deleted": false, "milliseconds": 0, "events": [], "regenerate_thumbnail": false}], "categories": [{"id": 144, "name": "perfume", "supercategory": "", "color": "#167e9d", "metadata": {}, "keypoint_colors": []}], "annotations": [{"id": 100372, "image_id": 139892, "category_id": 144, "segmentation": [[643.8, 49.7, 664.6, 42.7, 676.9, 41.6, 743.1, 48.6, 760.6, 62.1, 741.2, 101.5, 712.7, 108.8, 690.9, 108.8, 691.8, 116.0, 714.3, 118.0, 715.4, 120.4, 713.4, 123.8, 655.5, 122.0, 626.1, 116.0, 629.5, 113.1, 659.7, 111.3, 661.7, 105.7, 639.5, 101.9, 625.4, 89.5, 640.8, 50.7]], "area": 7947, "bbox": [625.0, 42.0, 135.0, 82.0], "iscrowd": false, "isbbox": false, "color": "#23a976", "metadata": {}}]}