{"images": [{"id": 139917, "dataset_id": 48, "category_ids": [], "path": "/datasets/201005_PERFUME/20170702_104009_F_6474_   6076825850919_H.jpg", "width": 1024, "height": 248, "file_name": "20170702_104009_F_6474_   6076825850919_H_perfume_398.jpg", "annotated": false, "annotating": [], "num_annotations": 0, "metadata": {}, "deleted": false, "milliseconds": 0, "events": [], "regenerate_thumbnail": false}], "categories": [{"id": 144, "name": "perfume", "supercategory": "", "color": "#167e9d", "metadata": {}, "keypoint_colors": []}], "annotations": [{"id": 100429, "image_id": 139917, "category_id": 144, "segmentation": [[70.9, 37.0, 78.8, 36.0, 81.1, 38.4, 83.5, 68.1, 85.0, 70.2, 81.5, 130.6, 48.4, 132.8, 47.7, 117.3, 49.0, 116.2, 43.6, 75.0, 45.6, 69.2, 45.5, 39.7, 48.6, 37.0, 68.8, 36.8]], "area": 3470, "bbox": [44.0, 36.0, 41.0, 97.0], "iscrowd": false, "isbbox": false, "color": "#e760a0", "metadata": {}}]}