{"images": [{"id": 139937, "dataset_id": 48, "category_ids": [], "path": "/datasets/201005_PERFUME/20170702_154200_E_4401_    338421240236_H.jpg", "width": 1024, "height": 261, "file_name": "20170702_154200_E_4401_    338421240236_H_perfume_418.jpg", "annotated": false, "annotating": [], "num_annotations": 0, "metadata": {}, "deleted": false, "milliseconds": 0, "events": [], "regenerate_thumbnail": false}], "categories": [{"id": 144, "name": "perfume", "supercategory": "", "color": "#167e9d", "metadata": {}, "keypoint_colors": []}], "annotations": [{"id": 100475, "image_id": 139937, "category_id": 144, "segmentation": [[98.4, 48.6, 103.2, 65.7, 101.2, 69.0, 107.9, 70.9, 124.7, 128.9, 114.9, 135.8, 64.5, 138.9, 57.8, 115.4, 52.3, 114.0, 47.9, 98.7, 45.9, 95.9, 46.1, 77.0, 49.4, 72.9, 45.5, 55.1, 46.3, 52.1, 96.4, 48.2]], "area": 5413, "bbox": [46.0, 48.0, 79.0, 91.0], "iscrowd": false, "isbbox": false, "color": "#dd08e4", "metadata": {}}]}