{"images": [{"id": 139819, "dataset_id": 48, "category_ids": [], "path": "/datasets/201005_PERFUME/20170701_161710_G_9248_      8131616054_V.jpg", "width": 1024, "height": 353, "file_name": "20170701_161710_G_9248_      8131616054_V_perfume_259.jpg", "annotated": false, "annotating": [], "num_annotations": 0, "metadata": {}, "deleted": false, "milliseconds": 0, "events": [], "regenerate_thumbnail": false}], "categories": [{"id": 144, "name": "perfume", "supercategory": "", "color": "#167e9d", "metadata": {}, "keypoint_colors": []}], "annotations": [{"id": 100214, "image_id": 139819, "category_id": 144, "segmentation": [[746.4, 56.1, 747.7, 56.1, 748.0, 65.5, 744.8, 77.2, 733.7, 98.9, 731.5, 107.4, 721.7, 121.0, 712.6, 144.4, 710.7, 161.6, 713.6, 182.4, 721.1, 199.7, 708.7, 202.9, 690.9, 203.6, 667.8, 201.0, 667.5, 198.7, 676.9, 180.5, 679.8, 170.7, 680.1, 159.4, 676.6, 145.4, 669.1, 128.5, 658.4, 110.0, 642.5, 61.6, 642.8, 58.0, 643.8, 56.7, 741.2, 55.4]], "area": 8900, "bbox": [643.0, 55.0, 105.0, 149.0], "iscrowd": false, "isbbox": false, "color": "#7dd317", "metadata": {}}]}