{"images": [{"id": 139686, "dataset_id": 48, "category_ids": [], "path": "/datasets/201005_PERFUME/20170701_090148_A_1529_   6099721300189_V.jpg", "width": 1024, "height": 243, "file_name": "20170701_090148_A_1529_   6099721300189_V_perfume_15.jpg", "annotated": false, "annotating": [], "num_annotations": 0, "metadata": {}, "deleted": false, "milliseconds": 0, "events": [], "regenerate_thumbnail": false}], "categories": [{"id": 144, "name": "perfume", "supercategory": "", "color": "#167e9d", "metadata": {}, "keypoint_colors": []}], "annotations": [{"id": 99660, "image_id": 139686, "category_id": 144, "segmentation": [[631.7, 43.4, 669.7, 64.2, 634.3, 77.5, 638.2, 81.8, 637.9, 89.9, 635.6, 93.8, 619.0, 102.9, 564.8, 122.7, 550.2, 125.6, 535.5, 125.6, 512.1, 122.1, 486.8, 113.0, 475.4, 103.9, 473.8, 96.4, 479.0, 87.3, 513.1, 71.0, 544.6, 60.0, 559.9, 56.8, 579.7, 56.8, 594.3, 59.7, 631.4, 43.1]], "area": 9045, "bbox": [474.0, 43.0, 195.0, 83.0], "iscrowd": false, "isbbox": false, "color": "#9d47fd", "metadata": {}}]}