{"images": [{"id": 139718, "dataset_id": 48, "category_ids": [], "path": "/datasets/201005_PERFUME/20170701_090423_A_1582_   6099721300171_V.jpg", "width": 1024, "height": 255, "file_name": "20170701_090423_A_1582_   6099721300171_V_perfumesample_112.jpg", "annotated": false, "annotating": [], "num_annotations": 0, "metadata": {}, "deleted": false, "milliseconds": 0, "events": [], "regenerate_thumbnail": false}], "categories": [{"id": 145, "name": "perfumesample", "supercategory": "", "color": "#7d29d2", "metadata": {}, "keypoint_colors": []}], "annotations": [{"id": 99957, "image_id": 139718, "category_id": 145, "segmentation": [[775.8, 38.8, 773.9, 40.7, 765.7, 40.7, 709.1, 36.1, 705.9, 32.9, 705.9, 29.9, 708.1, 27.2, 710.8, 26.9, 762.2, 31.2, 775.5, 33.7]], "area": 626, "bbox": [706.0, 27.0, 70.0, 14.0], "iscrowd": false, "isbbox": false, "color": "#259398", "metadata": {}}, {"id": 99959, "image_id": 139718, "category_id": 145, "segmentation": [[791.5, 88.1, 787.9, 90.0, 784.1, 97.8, 772.8, 95.9, 772.0, 94.1, 773.6, 90.0, 772.5, 86.5, 785.8, 59.1, 802.6, 60.8]], "area": 648, "bbox": [772.0, 59.0, 30.0, 39.0], "iscrowd": false, "isbbox": false, "color": "#ae0d7d", "metadata": {}}, {"id": 99960, "image_id": 139718, "category_id": 145, "segmentation": [[639.8, 47.5, 626.6, 96.2, 618.2, 98.9, 607.6, 98.9, 599.5, 96.5, 598.4, 91.6, 610.6, 45.9, 614.4, 42.9, 636.6, 43.4]], "area": 1608, "bbox": [598.0, 43.0, 42.0, 56.0], "iscrowd": false, "isbbox": false, "color": "#bb1f8a", "metadata": {}}]}