{"images": [{"id": 139839, "dataset_id": 48, "category_ids": [], "path": "/datasets/201005_PERFUME/20170701_170734_A_1018_   6099721300810_V.jpg", "width": 1024, "height": 268, "file_name": "20170701_170734_A_1018_   6099721300810_V_perfume_309.jpg", "annotated": false, "annotating": [], "num_annotations": 0, "metadata": {}, "deleted": false, "milliseconds": 0, "events": [], "regenerate_thumbnail": false}], "categories": [{"id": 144, "name": "perfume", "supercategory": "", "color": "#167e9d", "metadata": {}, "keypoint_colors": []}], "annotations": [{"id": 100267, "image_id": 139839, "category_id": 144, "segmentation": [[729.0, 38.9, 729.3, 62.2, 715.0, 62.2, 715.0, 68.7, 743.0, 71.3, 740.0, 131.1, 731.6, 132.7, 629.6, 131.8, 628.6, 129.8, 631.5, 71.3, 664.3, 69.1, 664.3, 63.2, 649.1, 63.2, 649.1, 37.6, 728.0, 38.2]], "area": 9267, "bbox": [629.0, 38.0, 114.0, 95.0], "iscrowd": false, "isbbox": false, "color": "#db874d", "metadata": {}}]}