{"images": [{"id": 139853, "dataset_id": 48, "category_ids": [], "path": "/datasets/201005_PERFUME/20170701_171827_G_9855_    PUS009119082_V.jpg", "width": 1024, "height": 256, "file_name": "20170701_171827_G_9855_    PUS009119082_V_perfume_333.jpg", "annotated": false, "annotating": [], "num_annotations": 0, "metadata": {}, "deleted": false, "milliseconds": 0, "events": [], "regenerate_thumbnail": false}], "categories": [{"id": 144, "name": "perfume", "supercategory": "", "color": "#167e9d", "metadata": {}, "keypoint_colors": []}], "annotations": [{"id": 100298, "image_id": 139853, "category_id": 144, "segmentation": [[609.6, 104.7, 609.3, 89.1, 576.6, 88.9, 567.5, 86.7, 561.0, 80.9, 561.3, 74.2, 565.7, 69.8, 574.4, 66.9, 588.0, 68.0, 613.8, 67.1, 616.2, 50.2, 776.9, 52.0, 776.9, 82.0, 772.9, 107.8, 610.4, 106.0]], "area": 10168, "bbox": [561.0, 50.0, 216.0, 58.0], "iscrowd": false, "isbbox": false, "color": "#0131d4", "metadata": {}}]}