{"images": [{"id": 139834, "dataset_id": 48, "category_ids": [], "path": "/datasets/201005_PERFUME/20170701_170719_A_1011_   6099721300815_H.jpg", "width": 1024, "height": 308, "file_name": "20170701_170719_A_1011_   6099721300815_H_perfume_294.jpg", "annotated": false, "annotating": [], "num_annotations": 0, "metadata": {}, "deleted": false, "milliseconds": 0, "events": [], "regenerate_thumbnail": false}], "categories": [{"id": 144, "name": "perfume", "supercategory": "", "color": "#167e9d", "metadata": {}, "keypoint_colors": []}], "annotations": [{"id": 100252, "image_id": 139834, "category_id": 144, "segmentation": [[121.7, 82.8, 145.7, 84.1, 161.3, 90.0, 173.6, 99.1, 175.6, 102.2, 175.9, 108.6, 166.5, 118.9, 150.3, 125.1, 128.2, 128.6, 108.4, 128.0, 89.5, 124.4, 73.9, 115.7, 70.7, 112.1, 70.0, 101.7, 74.9, 94.2, 92.1, 86.7, 120.4, 82.5]], "area": 3787, "bbox": [70.0, 83.0, 106.0, 46.0], "iscrowd": false, "isbbox": false, "color": "#9a7c25", "metadata": {}}]}