{"images": [{"id": 139952, "dataset_id": 48, "category_ids": [], "path": "/datasets/201005_PERFUME/20170702_171211_A_1050_   6099721300804_V.jpg", "width": 1024, "height": 290, "file_name": "20170702_171211_A_1050_   6099721300804_V_perfume_445.jpg", "annotated": false, "annotating": [], "num_annotations": 0, "metadata": {}, "deleted": false, "milliseconds": 0, "events": [], "regenerate_thumbnail": false}], "categories": [{"id": 144, "name": "perfume", "supercategory": "", "color": "#167e9d", "metadata": {}, "keypoint_colors": []}], "annotations": [{"id": 100546, "image_id": 139952, "category_id": 144, "segmentation": [[530.0, 94.5, 544.1, 95.1, 554.3, 98.3, 558.3, 103.3, 563.4, 104.7, 585.8, 103.3, 608.2, 93.7, 631.2, 93.5, 634.4, 94.5, 651.5, 111.9, 641.9, 115.1, 602.1, 117.5, 600.0, 123.9, 590.1, 125.3, 587.1, 127.4, 587.4, 134.1, 592.2, 141.0, 588.2, 144.7, 540.4, 151.7, 487.0, 154.6, 468.3, 158.1, 454.0, 156.2, 430.6, 129.0, 433.6, 125.0, 448.2, 123.1, 479.8, 106.8, 503.8, 98.8, 523.3, 94.3]], "area": 8393, "bbox": [431.0, 94.0, 220.0, 64.0], "iscrowd": false, "isbbox": false, "color": "#f73849", "metadata": {}}]}