{"images": [{"id": 139942, "dataset_id": 48, "category_ids": [], "path": "/datasets/201005_PERFUME/20170702_170742_F_6402_      8600883513_V.jpg", "width": 1024, "height": 302, "file_name": "20170702_170742_F_6402_      8600883513_V_perfume_427.jpg", "annotated": false, "annotating": [], "num_annotations": 0, "metadata": {}, "deleted": false, "milliseconds": 0, "events": [], "regenerate_thumbnail": false}], "categories": [{"id": 144, "name": "perfume", "supercategory": "", "color": "#167e9d", "metadata": {}, "keypoint_colors": []}], "annotations": [{"id": 100514, "image_id": 139942, "category_id": 144, "segmentation": [[731.4, 52.2, 737.2, 68.9, 742.3, 73.4, 747.7, 74.7, 768.2, 149.5, 705.4, 151.3, 684.2, 79.6, 683.1, 70.7, 690.7, 62.9, 688.2, 49.8, 729.0, 47.8]], "area": 6094, "bbox": [683.0, 48.0, 85.0, 103.0], "iscrowd": false, "isbbox": false, "color": "#f97321", "metadata": {}}]}