{"images": [{"id": 139803, "dataset_id": 48, "category_ids": [], "path": "/datasets/201005_PERFUME/20170701_132910_A_1309_   6095010946480_V.jpg", "width": 1024, "height": 261, "file_name": "20170701_132910_A_1309_   6095010946480_V_perfume_251.jpg", "annotated": false, "annotating": [], "num_annotations": 0, "metadata": {}, "deleted": false, "milliseconds": 0, "events": [], "regenerate_thumbnail": false}], "categories": [{"id": 144, "name": "perfume", "supercategory": "", "color": "#167e9d", "metadata": {}, "keypoint_colors": []}], "annotations": [{"id": 100207, "image_id": 139803, "category_id": 144, "segmentation": [[637.9, 39.2, 655.5, 39.5, 684.1, 44.1, 714.9, 54.8, 738.0, 70.4, 742.6, 78.2, 742.9, 86.0, 735.4, 96.4, 715.6, 102.9, 721.8, 109.0, 721.8, 112.3, 720.1, 118.1, 714.6, 123.3, 706.2, 125.9, 690.9, 125.6, 681.8, 123.3, 675.3, 118.8, 668.2, 106.8, 645.4, 100.9, 616.2, 90.8, 596.7, 79.8, 584.7, 68.1, 582.4, 63.9, 582.7, 56.4, 585.0, 51.5, 595.4, 44.4, 605.8, 40.8, 637.3, 39.5]], "area": 8833, "bbox": [582.0, 39.0, 161.0, 87.0], "iscrowd": false, "isbbox": false, "color": "#d25019", "metadata": {}}]}