{"images": [{"id": 139858, "dataset_id": 48, "category_ids": [], "path": "/datasets/201005_PERFUME/20170701_172808_G_8090_    PUS009118189_H.jpg", "width": 1024, "height": 263, "file_name": "20170701_172808_G_8090_    PUS009118189_H_perfume_338.jpg", "annotated": false, "annotating": [], "num_annotations": 0, "metadata": {}, "deleted": false, "milliseconds": 0, "events": [], "regenerate_thumbnail": false}], "categories": [{"id": 144, "name": "perfume", "supercategory": "", "color": "#167e9d", "metadata": {}, "keypoint_colors": []}], "annotations": [{"id": 100313, "image_id": 139858, "category_id": 144, "segmentation": [[67.4, 84.8, 76.5, 80.8, 75.8, 78.8, 70.7, 78.0, 74.9, 58.5, 131.0, 61.0, 128.3, 81.9, 121.7, 82.3, 131.7, 92.6, 121.7, 136.6, 112.5, 139.1, 63.3, 137.8, 53.8, 134.9, 52.4, 133.3, 52.7, 128.1, 63.1, 87.7]], "area": 5099, "bbox": [52.0, 59.0, 80.0, 80.0], "iscrowd": false, "isbbox": false, "color": "#a80f82", "metadata": {}}]}