{"images": [{"id": 139750, "dataset_id": 48, "category_ids": [], "path": "/datasets/201005_PERFUME/20170701_093725_A_1466_   6099721298541_V.jpg", "width": 1024, "height": 281, "file_name": "20170701_093725_A_1466_   6099721298541_V_perfume_151.jpg", "annotated": false, "annotating": [], "num_annotations": 0, "metadata": {}, "deleted": false, "milliseconds": 0, "events": [], "regenerate_thumbnail": false}], "categories": [{"id": 144, "name": "perfume", "supercategory": "", "color": "#167e9d", "metadata": {}, "keypoint_colors": []}], "annotations": [{"id": 100104, "image_id": 139750, "category_id": 144, "segmentation": [[573.5, 48.1, 580.9, 50.4, 587.6, 54.7, 594.2, 66.4, 631.6, 56.7, 646.8, 56.7, 658.5, 69.1, 660.5, 72.3, 660.5, 77.7, 657.4, 79.3, 606.7, 80.4, 605.5, 82.8, 616.0, 94.1, 616.0, 100.7, 614.5, 102.7, 496.3, 119.4, 487.8, 123.3, 471.0, 122.9, 459.3, 117.5, 444.5, 102.7, 432.0, 83.6, 432.0, 71.9, 436.7, 67.6, 568.5, 47.7]], "area": 10716, "bbox": [432.0, 48.0, 229.0, 75.0], "iscrowd": false, "isbbox": false, "color": "#4c72e0", "metadata": {}}]}