{"images": [{"id": 139780, "dataset_id": 48, "category_ids": [], "path": "/datasets/201005_PERFUME/20170701_100555_A_1007_   6099704563275_V.jpg", "width": 1024, "height": 319, "file_name": "20170701_100555_A_1007_   6099704563275_V_perfume_222.jpg", "annotated": false, "annotating": [], "num_annotations": 0, "metadata": {}, "deleted": false, "milliseconds": 0, "events": [], "regenerate_thumbnail": false}], "categories": [{"id": 144, "name": "perfume", "supercategory": "", "color": "#167e9d", "metadata": {}, "keypoint_colors": []}], "annotations": [{"id": 100178, "image_id": 139780, "category_id": 144, "segmentation": [[693.6, 66.3, 699.0, 68.5, 703.9, 75.0, 746.2, 76.0, 752.7, 83.6, 752.4, 91.2, 750.2, 96.9, 744.8, 102.3, 702.8, 101.8, 695.5, 108.0, 689.0, 110.7, 603.2, 109.9, 592.6, 107.5, 587.8, 104.7, 579.9, 94.5, 579.7, 85.0, 582.6, 77.1, 590.5, 68.2, 597.0, 65.5, 603.5, 64.4, 688.8, 64.9]], "area": 6531, "bbox": [580.0, 64.0, 173.0, 47.0], "iscrowd": false, "isbbox": false, "color": "#e84aca", "metadata": {}}, {"id": 100179, "image_id": 139780, "category_id": 144, "segmentation": [[695.0, 116.9, 700.9, 120.4, 704.5, 126.1, 748.6, 126.9, 752.9, 134.3, 752.7, 144.0, 749.9, 150.2, 746.7, 152.7, 704.2, 152.7, 700.9, 156.7, 690.4, 161.9, 604.0, 160.2, 595.6, 157.8, 587.0, 152.9, 579.9, 142.4, 581.3, 131.8, 585.3, 125.6, 597.5, 116.7, 604.8, 114.5, 690.1, 115.6]], "area": 6547, "bbox": [580.0, 115.0, 173.0, 47.0], "iscrowd": false, "isbbox": false, "color": "#74ef66", "metadata": {}}]}