{"images": [{"id": 139971, "dataset_id": 48, "category_ids": [], "path": "/datasets/201005_PERFUME/20170702_171805_A_1192_   6099721301373_H.jpg", "width": 1024, "height": 252, "file_name": "20170702_171805_A_1192_   6099721301373_H_perfume_488.jpg", "annotated": false, "annotating": [], "num_annotations": 0, "metadata": {}, "deleted": false, "milliseconds": 0, "events": [], "regenerate_thumbnail": false}], "categories": [{"id": 144, "name": "perfume", "supercategory": "", "color": "#167e9d", "metadata": {}, "keypoint_colors": []}], "annotations": [{"id": 100615, "image_id": 139971, "category_id": 144, "segmentation": [[113.5, 47.5, 160.7, 49.0, 161.7, 51.4, 162.5, 79.7, 160.4, 83.4, 148.4, 102.7, 143.8, 105.1, 129.2, 104.3, 129.1, 106.7, 134.2, 106.4, 136.9, 108.5, 135.3, 125.1, 89.9, 123.0, 88.5, 121.6, 97.6, 105.3, 105.2, 105.6, 106.4, 102.9, 93.1, 102.7, 91.5, 84.8, 96.6, 66.1, 105.4, 51.4, 111.0, 47.1]], "area": 4345, "bbox": [89.0, 47.0, 74.0, 78.0], "iscrowd": false, "isbbox": false, "color": "#37a211", "metadata": {}}]}