{"images": [{"id": 139947, "dataset_id": 48, "category_ids": [], "path": "/datasets/201005_PERFUME/20170702_171201_A_1044_   6099721299899_H.jpg", "width": 1024, "height": 262, "file_name": "20170702_171201_A_1044_   6099721299899_H_perfumesample_437.jpg", "annotated": false, "annotating": [], "num_annotations": 0, "metadata": {}, "deleted": false, "milliseconds": 0, "events": [], "regenerate_thumbnail": false}], "categories": [{"id": 145, "name": "perfumesample", "supercategory": "", "color": "#7d29d2", "metadata": {}, "keypoint_colors": []}], "annotations": [{"id": 100536, "image_id": 139947, "category_id": 145, "segmentation": [[144.7, 57.5, 159.2, 57.0, 158.3, 85.5, 156.3, 88.1, 156.8, 90.6, 144.3, 90.6, 142.8, 89.2, 141.6, 86.1, 142.5, 57.6]], "area": 553, "bbox": [142.0, 57.0, 17.0, 34.0], "iscrowd": false, "isbbox": false, "color": "#7fe5cd", "metadata": {}}, {"id": 100537, "image_id": 139947, "category_id": 145, "segmentation": [[78.4, 29.8, 84.7, 33.8, 83.3, 38.5, 73.3, 40.9, 65.5, 39.4, 63.7, 37.4, 65.5, 32.7, 73.1, 30.3]], "area": 169, "bbox": [64.0, 30.0, 21.0, 11.0], "iscrowd": false, "isbbox": false, "color": "#7671eb", "metadata": {}}]}