{"images": [{"id": 139783, "dataset_id": 48, "category_ids": [], "path": "/datasets/201005_PERFUME/20170701_100631_A_1026_   6099704563276_H.jpg", "width": 1024, "height": 339, "file_name": "20170701_100631_A_1026_   6099704563276_H_perfume_229.jpg", "annotated": false, "annotating": [], "num_annotations": 0, "metadata": {}, "deleted": false, "milliseconds": 0, "events": [], "regenerate_thumbnail": false}], "categories": [{"id": 144, "name": "perfume", "supercategory": "", "color": "#167e9d", "metadata": {}, "keypoint_colors": []}], "annotations": [{"id": 100184, "image_id": 139783, "category_id": 144, "segmentation": [[170.2, 73.2, 173.5, 100.8, 82.2, 105.9, 78.0, 112.5, 72.9, 110.1, 74.3, 90.9, 70.5, 89.5, 71.9, 83.9, 70.5, 72.7, 82.2, 72.7, 84.1, 74.6, 83.2, 79.2, 116.9, 74.1, 169.3, 73.2]], "area": 2930, "bbox": [71.0, 73.0, 103.0, 39.0], "iscrowd": false, "isbbox": false, "color": "#204cde", "metadata": {}}, {"id": 100185, "image_id": 139783, "category_id": 144, "segmentation": [[167.9, 148.5, 170.7, 175.2, 143.1, 176.1, 144.9, 179.8, 144.0, 183.1, 139.8, 182.6, 136.0, 179.8, 136.0, 178.0, 117.8, 180.8, 87.4, 181.7, 71.5, 181.7, 66.8, 178.0, 66.8, 162.1, 68.7, 156.4, 104.7, 149.9, 166.9, 149.4]], "area": 2923, "bbox": [67.0, 149.0, 104.0, 34.0], "iscrowd": false, "isbbox": false, "color": "#d64c11", "metadata": {}}]}