{"images": [{"id": 139800, "dataset_id": 48, "category_ids": [], "path": "/datasets/201005_PERFUME/20170701_111408_G_8471_   6076820266648_H.jpg", "width": 1024, "height": 260, "file_name": "20170701_111408_G_8471_   6076820266648_H_perfume_248.jpg", "annotated": false, "annotating": [], "num_annotations": 0, "metadata": {}, "deleted": false, "milliseconds": 0, "events": [], "regenerate_thumbnail": false}], "categories": [{"id": 144, "name": "perfume", "supercategory": "", "color": "#167e9d", "metadata": {}, "keypoint_colors": []}], "annotations": [{"id": 100204, "image_id": 139800, "category_id": 144, "segmentation": [[114.1, 46.0, 128.0, 87.9, 126.7, 95.3, 120.9, 98.6, 109.2, 100.5, 108.9, 101.8, 113.4, 103.1, 113.4, 107.7, 111.1, 110.3, 110.8, 118.7, 105.3, 123.9, 98.5, 126.5, 85.8, 125.9, 78.3, 121.0, 78.3, 111.9, 71.8, 110.9, 72.1, 102.2, 58.2, 98.9, 52.0, 92.7, 52.3, 53.4, 54.0, 47.6, 57.5, 43.0, 111.1, 42.7]], "area": 4811, "bbox": [52.0, 43.0, 76.0, 84.0], "iscrowd": false, "isbbox": false, "color": "#e2995e", "metadata": {}}]}