{"images": [{"id": 139685, "dataset_id": 48, "category_ids": [], "path": "/datasets/201005_PERFUME/20170701_090148_A_1529_   6099721300189_H.jpg", "width": 1024, "height": 243, "file_name": "20170701_090148_A_1529_   6099721300189_H_perfumesample_13.jpg", "annotated": false, "annotating": [], "num_annotations": 0, "metadata": {}, "deleted": false, "milliseconds": 0, "events": [], "regenerate_thumbnail": false}], "categories": [{"id": 145, "name": "perfumesample", "supercategory": "", "color": "#7d29d2", "metadata": {}, "keypoint_colors": []}], "annotations": [{"id": 99684, "image_id": 139685, "category_id": 145, "segmentation": [[61.4, 28.8, 59.3, 49.1, 55.2, 52.6, 46.8, 50.7, 44.7, 48.6, 45.2, 29.4, 48.5, 26.7, 55.5, 26.7, 60.9, 28.5]], "area": 363, "bbox": [45.0, 27.0, 16.0, 25.0], "iscrowd": false, "isbbox": false, "color": "#63f783", "metadata": {}}, {"id": 99688, "image_id": 139685, "category_id": 145, "segmentation": [[75.3, 56.7, 73.6, 68.1, 66.0, 68.9, 63.3, 67.3, 63.9, 52.9, 66.3, 50.7, 75.0, 51.6]], "area": 186, "bbox": [63.0, 51.0, 12.0, 18.0], "iscrowd": false, "isbbox": false, "color": "#69b8e0", "metadata": {}}]}