{"images": [{"id": 139688, "dataset_id": 48, "category_ids": [], "path": "/datasets/201005_PERFUME/20170701_090205_A_1532_   6099721300161_V.jpg", "width": 1024, "height": 254, "file_name": "20170701_090205_A_1532_   6099721300161_V_perfume_20.jpg", "annotated": false, "annotating": [], "num_annotations": 0, "metadata": {}, "deleted": false, "milliseconds": 0, "events": [], "regenerate_thumbnail": false}], "categories": [{"id": 144, "name": "perfume", "supercategory": "", "color": "#167e9d", "metadata": {}, "keypoint_colors": []}], "annotations": [{"id": 99690, "image_id": 139688, "category_id": 144, "segmentation": [[757.8, 39.3, 753.2, 55.8, 758.6, 56.6, 762.7, 54.5, 768.6, 54.7, 775.7, 60.7, 775.9, 62.6, 756.2, 129.7, 669.0, 125.4, 667.9, 122.7, 687.7, 55.8, 702.8, 55.0, 703.1, 52.6, 705.3, 51.2, 714.5, 52.8, 712.8, 48.0, 716.1, 36.0, 757.5, 38.8]], "area": 7274, "bbox": [668.0, 36.0, 108.0, 94.0], "iscrowd": false, "isbbox": false, "color": "#0ccfd1", "metadata": {}}]}