{"images": [{"id": 139916, "dataset_id": 48, "category_ids": [], "path": "/datasets/201005_PERFUME/20170702_103804_F_6447_   6076825850922_V.jpg", "width": 1024, "height": 202, "file_name": "20170702_103804_F_6447_   6076825850922_V_perfume_397.jpg", "annotated": false, "annotating": [], "num_annotations": 0, "metadata": {}, "deleted": false, "milliseconds": 0, "events": [], "regenerate_thumbnail": false}], "categories": [{"id": 144, "name": "perfume", "supercategory": "", "color": "#167e9d", "metadata": {}, "keypoint_colors": []}], "annotations": [{"id": 100427, "image_id": 139916, "category_id": 144, "segmentation": [[558.0, 32.0, 599.9, 32.9, 620.1, 36.6, 630.8, 44.1, 633.7, 49.0, 641.3, 52.3, 642.8, 56.3, 635.7, 59.9, 634.6, 66.8, 630.2, 71.4, 618.1, 75.9, 612.4, 80.3, 600.6, 83.2, 558.9, 82.1, 533.6, 76.1, 523.1, 69.2, 517.3, 67.2, 518.0, 59.4, 516.2, 53.0, 518.0, 49.2, 525.3, 43.6, 546.7, 36.7, 553.1, 32.9]], "area": 4989, "bbox": [516.0, 32.0, 127.0, 51.0], "iscrowd": false, "isbbox": false, "color": "#d64710", "metadata": {}}]}