{"images": [{"id": 139714, "dataset_id": 48, "category_ids": [], "path": "/datasets/201005_PERFUME/20170701_090404_A_1572_   6099721300172_V.jpg", "width": 1024, "height": 250, "file_name": "20170701_090404_A_1572_   6099721300172_V_perfume_96.jpg", "annotated": false, "annotating": [], "num_annotations": 0, "metadata": {}, "deleted": false, "milliseconds": 0, "events": [], "regenerate_thumbnail": false}], "categories": [{"id": 144, "name": "perfume", "supercategory": "", "color": "#167e9d", "metadata": {}, "keypoint_colors": []}], "annotations": [{"id": 99943, "image_id": 139714, "category_id": 144, "segmentation": [[680.1, 54.0, 680.9, 69.9, 707.6, 77.5, 713.7, 81.6, 716.6, 106.2, 714.7, 108.9, 709.3, 111.1, 686.8, 112.7, 635.7, 113.0, 606.7, 110.5, 604.3, 109.2, 604.3, 83.5, 607.2, 80.5, 621.9, 74.8, 637.0, 72.1, 636.5, 54.0, 679.3, 53.7]], "area": 5017, "bbox": [604.0, 54.0, 113.0, 59.0], "iscrowd": false, "isbbox": false, "color": "#5a9eda", "metadata": {}}]}