{"images": [{"id": 139795, "dataset_id": 48, "category_ids": [], "path": "/datasets/201005_PERFUME/20170701_110710_G_8304_   6076820266702_V.jpg", "width": 1024, "height": 267, "file_name": "20170701_110710_G_8304_   6076820266702_V_perfume_243.jpg", "annotated": false, "annotating": [], "num_annotations": 0, "metadata": {}, "deleted": false, "milliseconds": 0, "events": [], "regenerate_thumbnail": false}], "categories": [{"id": 144, "name": "perfume", "supercategory": "", "color": "#167e9d", "metadata": {}, "keypoint_colors": []}], "annotations": [{"id": 100199, "image_id": 139795, "category_id": 144, "segmentation": [[736.0, 53.5, 750.1, 56.6, 755.5, 62.1, 757.9, 89.7, 756.3, 95.2, 752.4, 98.7, 740.7, 103.4, 696.7, 105.7, 697.0, 124.8, 653.0, 126.0, 651.4, 106.1, 596.1, 105.0, 595.3, 103.8, 591.8, 55.1, 731.0, 53.5]], "area": 9061, "bbox": [592.0, 54.0, 166.0, 72.0], "iscrowd": false, "isbbox": false, "color": "#f53bc5", "metadata": {}}]}