{"images": [{"id": 139713, "dataset_id": 48, "category_ids": [], "path": "/datasets/201005_PERFUME/20170701_090404_A_1572_   6099721300172_H.jpg", "width": 1024, "height": 250, "file_name": "20170701_090404_A_1572_   6099721300172_H_perfume_92.jpg", "annotated": false, "annotating": [], "num_annotations": 0, "metadata": {}, "deleted": false, "milliseconds": 0, "events": [], "regenerate_thumbnail": false}], "categories": [{"id": 144, "name": "perfume", "supercategory": "", "color": "#167e9d", "metadata": {}, "keypoint_colors": []}], "annotations": [{"id": 101109, "image_id": 139713, "category_id": 144, "segmentation": [[113.0, 58.0, 151.3, 59.9, 150.3, 74.3, 145.1, 75.9, 145.1, 77.6, 153.9, 79.2, 170.6, 85.4, 173.8, 90.7, 166.7, 116.8, 70.8, 111.3, 70.2, 108.6, 78.7, 84.1, 95.4, 77.6, 111.4, 75.3, 112.4, 59.9]], "area": 4104, "bbox": [70.0, 58.0, 104.0, 59.0], "iscrowd": false, "isbbox": false, "color": "#b78c27", "metadata": {}}]}