{"images": [{"id": 139694, "dataset_id": 48, "category_ids": [], "path": "/datasets/201005_PERFUME/20170701_090253_A_1542_   6099721300128_V.jpg", "width": 1024, "height": 269, "file_name": "20170701_090253_A_1542_   6099721300128_V_perfumesample_39.jpg", "annotated": false, "annotating": [], "num_annotations": 0, "metadata": {}, "deleted": false, "milliseconds": 0, "events": [], "regenerate_thumbnail": false}], "categories": [{"id": 145, "name": "perfumesample", "supercategory": "", "color": "#7d29d2", "metadata": {}, "keypoint_colors": []}], "annotations": [{"id": 99818, "image_id": 139694, "category_id": 145, "segmentation": [[729.7, 33.8, 650.1, 35.1, 648.8, 31.2, 652.1, 27.3, 729.7, 27.3, 729.7, 32.9]], "area": 600, "bbox": [649.0, 27.0, 81.0, 8.0], "iscrowd": false, "isbbox": false, "color": "#e26dd0", "metadata": {}}, {"id": 99819, "image_id": 139694, "category_id": 145, "segmentation": [[780.4, 70.5, 781.1, 102.1, 763.8, 102.4, 762.9, 73.1, 764.5, 71.5, 764.2, 66.6, 765.5, 65.3, 779.1, 65.7]], "area": 623, "bbox": [763.0, 65.0, 18.0, 37.0], "iscrowd": false, "isbbox": false, "color": "#9d6bde", "metadata": {}}]}