{"images": [{"id": 139840, "dataset_id": 48, "category_ids": [], "path": "/datasets/201005_PERFUME/20170701_170930_A_1055_   6099721300667_H.jpg", "width": 1024, "height": 318, "file_name": "20170701_170930_A_1055_   6099721300667_H_perfume_312.jpg", "annotated": false, "annotating": [], "num_annotations": 0, "metadata": {}, "deleted": false, "milliseconds": 0, "events": [], "regenerate_thumbnail": false}], "categories": [{"id": 144, "name": "perfume", "supercategory": "", "color": "#167e9d", "metadata": {}, "keypoint_colors": []}], "annotations": [{"id": 100270, "image_id": 139840, "category_id": 144, "segmentation": [[125.7, 54.8, 125.7, 65.8, 123.4, 73.3, 126.0, 78.1, 126.4, 83.0, 123.1, 88.9, 120.5, 110.3, 81.9, 111.3, 74.7, 96.0, 80.6, 53.5, 84.1, 51.2, 123.8, 53.1]], "area": 2706, "bbox": [75.0, 51.0, 51.0, 60.0], "iscrowd": false, "isbbox": false, "color": "#0444d9", "metadata": {}}, {"id": 100271, "image_id": 139840, "category_id": 144, "segmentation": [[135.1, 128.5, 138.1, 134.3, 172.5, 133.7, 174.5, 136.0, 177.1, 154.2, 175.8, 167.8, 171.9, 174.3, 169.9, 175.6, 136.4, 175.6, 129.6, 185.0, 76.7, 183.7, 74.4, 177.9, 74.7, 144.4, 78.9, 125.6, 130.3, 125.3]], "area": 5189, "bbox": [74.0, 125.0, 103.0, 60.0], "iscrowd": false, "isbbox": false, "color": "#2125b2", "metadata": {}}]}