{"images": [{"id": 139830, "dataset_id": 48, "category_ids": [], "path": "/datasets/201005_PERFUME/20170701_170534_A_1972_   6099721300748_H.jpg", "width": 1024, "height": 250, "file_name": "20170701_170534_A_1972_   6099721300748_H_perfume_285.jpg", "annotated": false, "annotating": [], "num_annotations": 0, "metadata": {}, "deleted": false, "milliseconds": 0, "events": [], "regenerate_thumbnail": false}], "categories": [{"id": 144, "name": "perfume", "supercategory": "", "color": "#167e9d", "metadata": {}, "keypoint_colors": []}], "annotations": [{"id": 100243, "image_id": 139830, "category_id": 144, "segmentation": [[146.6, 33.9, 160.7, 34.7, 169.6, 101.6, 166.1, 103.7, 153.3, 105.1, 154.4, 108.4, 149.8, 111.1, 151.4, 124.1, 113.5, 125.4, 112.2, 122.4, 112.2, 111.6, 110.3, 107.3, 89.2, 105.6, 87.8, 104.3, 79.7, 37.1, 82.1, 35.3, 145.2, 33.9]], "area": 6550, "bbox": [80.0, 34.0, 90.0, 91.0], "iscrowd": false, "isbbox": false, "color": "#5715ee", "metadata": {}}]}