{"images": [{"id": 139702, "dataset_id": 48, "category_ids": [], "path": "/datasets/201005_PERFUME/20170701_090309_A_1549_   6099721300186_V.jpg", "width": 1024, "height": 251, "file_name": "20170701_090309_A_1549_   6099721300186_V_perfume_60.jpg", "annotated": false, "annotating": [], "num_annotations": 0, "metadata": {}, "deleted": false, "milliseconds": 0, "events": [], "regenerate_thumbnail": false}], "categories": [{"id": 144, "name": "perfume", "supercategory": "", "color": "#167e9d", "metadata": {}, "keypoint_colors": []}], "annotations": [{"id": 99873, "image_id": 139702, "category_id": 144, "segmentation": [[726.3, 33.9, 728.2, 56.9, 725.2, 123.0, 723.3, 124.9, 616.9, 124.9, 618.8, 60.2, 622.6, 55.5, 622.9, 33.1, 724.7, 33.6]], "area": 9864, "bbox": [617.0, 33.0, 111.0, 92.0], "iscrowd": false, "isbbox": false, "color": "#fde700", "metadata": {}}]}