{"images": [{"id": 139825, "dataset_id": 48, "category_ids": [], "path": "/datasets/201005_PERFUME/20170701_170500_A_1958_   6099721301102_V.jpg", "width": 1024, "height": 250, "file_name": "20170701_170500_A_1958_   6099721301102_V_perfume_271.jpg", "annotated": false, "annotating": [], "num_annotations": 0, "metadata": {}, "deleted": false, "milliseconds": 0, "events": [], "regenerate_thumbnail": false}], "categories": [{"id": 144, "name": "perfume", "supercategory": "", "color": "#167e9d", "metadata": {}, "keypoint_colors": []}], "annotations": [{"id": 100227, "image_id": 139825, "category_id": 144, "segmentation": [[714.4, 55.5, 720.9, 54.2, 737.8, 54.5, 758.6, 59.0, 775.5, 68.8, 777.1, 77.5, 772.6, 89.2, 762.2, 102.2, 745.3, 113.3, 704.0, 117.2, 682.6, 113.9, 649.1, 103.2, 630.6, 93.1, 623.5, 82.7, 623.8, 75.3, 625.8, 72.7, 630.6, 67.8, 640.7, 61.9, 663.8, 58.0, 678.1, 59.6, 675.1, 47.0, 672.5, 43.4, 673.5, 40.2, 683.6, 44.1, 689.4, 39.5, 701.8, 43.1, 704.7, 39.9, 709.6, 39.2, 713.1, 56.1]], "area": 7959, "bbox": [624.0, 39.0, 153.0, 78.0], "iscrowd": false, "isbbox": false, "color": "#672efd", "metadata": {}}]}