{"images": [{"id": 139903, "dataset_id": 48, "category_ids": [], "path": "/datasets/201005_PERFUME/20170702_101603_F_6378_   6076825850925_H.jpg", "width": 1024, "height": 255, "file_name": "20170702_101603_F_6378_   6076825850925_H_perfume_384.jpg", "annotated": false, "annotating": [], "num_annotations": 0, "metadata": {}, "deleted": false, "milliseconds": 0, "events": [], "regenerate_thumbnail": false}], "categories": [{"id": 144, "name": "perfume", "supercategory": "", "color": "#167e9d", "metadata": {}, "keypoint_colors": []}], "annotations": [{"id": 100397, "image_id": 139903, "category_id": 144, "segmentation": [[52.2, 36.7, 129.2, 36.0, 131.9, 38.9, 132.8, 81.9, 136.9, 83.9, 137.7, 108.4, 108.3, 111.0, 43.7, 108.4, 43.7, 87.2, 48.8, 84.8, 47.3, 38.7]], "area": 6405, "bbox": [44.0, 36.0, 94.0, 75.0], "iscrowd": false, "isbbox": false, "color": "#d98842", "metadata": {}}]}