{"images": [{"id": 139689, "dataset_id": 48, "category_ids": [], "path": "/datasets/201005_PERFUME/20170701_090207_A_1533_   6099721300190_H.jpg", "width": 1024, "height": 249, "file_name": "20170701_090207_A_1533_   6099721300190_H_perfume_23.jpg", "annotated": false, "annotating": [], "num_annotations": 0, "metadata": {}, "deleted": false, "milliseconds": 0, "events": [], "regenerate_thumbnail": false}], "categories": [{"id": 144, "name": "perfume", "supercategory": "", "color": "#167e9d", "metadata": {}, "keypoint_colors": []}], "annotations": [{"id": 99700, "image_id": 139689, "category_id": 144, "segmentation": [[145.3, 55.3, 147.0, 71.2, 169.4, 71.2, 172.7, 73.9, 175.1, 117.0, 177.0, 120.2, 82.3, 122.1, 78.5, 80.2, 79.8, 75.0, 82.8, 72.9, 105.8, 71.8, 102.3, 68.8, 102.0, 55.8, 144.5, 54.7]], "area": 5358, "bbox": [79.0, 55.0, 98.0, 67.0], "iscrowd": false, "isbbox": false, "color": "#72f06a", "metadata": {}}]}