{"images": [{"id": 139897, "dataset_id": 48, "category_ids": [], "path": "/datasets/201005_PERFUME/20170702_100637_G_8089_   6076825849395_H.jpg", "width": 1024, "height": 287, "file_name": "20170702_100637_G_8089_   6076825849395_H_perfume_378.jpg", "annotated": false, "annotating": [], "num_annotations": 0, "metadata": {}, "deleted": false, "milliseconds": 0, "events": [], "regenerate_thumbnail": false}], "categories": [{"id": 144, "name": "perfume", "supercategory": "", "color": "#167e9d", "metadata": {}, "keypoint_colors": []}], "annotations": [{"id": 100387, "image_id": 139897, "category_id": 144, "segmentation": [[147.9, 52.2, 145.0, 166.0, 143.2, 167.4, 83.9, 166.8, 82.8, 165.1, 85.5, 105.1, 76.9, 108.9, 75.3, 113.9, 72.1, 115.8, 61.2, 116.3, 59.8, 113.4, 65.2, 109.1, 73.5, 107.0, 85.2, 97.9, 86.3, 51.2, 145.6, 50.4]], "area": 7321, "bbox": [60.0, 50.0, 88.0, 117.0], "iscrowd": false, "isbbox": false, "color": "#f830d7", "metadata": {}}]}