{"images": [{"id": 139703, "dataset_id": 48, "category_ids": [], "path": "/datasets/201005_PERFUME/20170701_090315_A_1551_   6099721299457_H.jpg", "width": 1024, "height": 242, "file_name": "20170701_090315_A_1551_   6099721299457_H_perfume_63.jpg", "annotated": false, "annotating": [], "num_annotations": 0, "metadata": {}, "deleted": false, "milliseconds": 0, "events": [], "regenerate_thumbnail": false}], "categories": [{"id": 144, "name": "perfume", "supercategory": "", "color": "#167e9d", "metadata": {}, "keypoint_colors": []}], "annotations": [{"id": 99884, "image_id": 139703, "category_id": 144, "segmentation": [[169.7, 42.0, 173.7, 62.9, 165.2, 66.6, 169.9, 87.5, 178.0, 87.8, 183.2, 112.1, 99.7, 114.4, 94.8, 91.8, 86.9, 91.8, 83.0, 68.6, 83.3, 67.2, 91.2, 66.3, 87.3, 44.9, 167.9, 40.4]], "area": 5898, "bbox": [83.0, 40.0, 100.0, 74.0], "iscrowd": false, "isbbox": false, "color": "#b60553", "metadata": {}}]}