{"images": [{"id": 139756, "dataset_id": 48, "category_ids": [], "path": "/datasets/201005_PERFUME/20170701_093748_A_1476_   6099721300131_V.jpg", "width": 1024, "height": 299, "file_name": "20170701_093748_A_1476_   6099721300131_V_perfumesample_169.jpg", "annotated": false, "annotating": [], "num_annotations": 0, "metadata": {}, "deleted": false, "milliseconds": 0, "events": [], "regenerate_thumbnail": false}], "categories": [{"id": 145, "name": "perfumesample", "supercategory": "", "color": "#7d29d2", "metadata": {}, "keypoint_colors": []}], "annotations": [{"id": 100121, "image_id": 139756, "category_id": 145, "segmentation": [[714.0, 55.4, 725.2, 54.9, 728.9, 56.3, 733.2, 58.7, 733.6, 63.4, 726.6, 67.6, 622.3, 77.9, 609.2, 76.5, 605.0, 71.8, 605.4, 66.6, 611.1, 64.3, 707.0, 55.4]], "area": 1748, "bbox": [605.0, 55.0, 129.0, 23.0], "iscrowd": false, "isbbox": false, "color": "#cc9d34", "metadata": {}}, {"id": 100122, "image_id": 139756, "category_id": 145, "segmentation": [[645.2, 60.1, 633.0, 84.9, 628.8, 86.8, 628.8, 91.4, 625.6, 95.2, 613.4, 94.7, 609.2, 91.4, 624.6, 58.2, 645.2, 59.2]], "area": 739, "bbox": [609.0, 58.0, 36.0, 37.0], "iscrowd": false, "isbbox": false, "color": "#d2267a", "metadata": {}}, {"id": 100123, "image_id": 139756, "category_id": 145, "segmentation": [[559.6, 116.2, 558.7, 143.8, 554.9, 146.6, 558.2, 147.6, 557.7, 151.3, 554.4, 153.2, 539.9, 152.3, 540.9, 146.6, 538.5, 145.2, 539.5, 115.8, 558.7, 115.8]], "area": 713, "bbox": [539.0, 116.0, 21.0, 37.0], "iscrowd": false, "isbbox": false, "color": "#0aba39", "metadata": {}}]}