{"images": [{"id": 139716, "dataset_id": 48, "category_ids": [], "path": "/datasets/201005_PERFUME/20170701_090405_A_1573_   6099721300159_V.jpg", "width": 1024, "height": 268, "file_name": "20170701_090405_A_1573_   6099721300159_V_perfumesample_105.jpg", "annotated": false, "annotating": [], "num_annotations": 0, "metadata": {}, "deleted": false, "milliseconds": 0, "events": [], "regenerate_thumbnail": false}], "categories": [{"id": 145, "name": "perfumesample", "supercategory": "", "color": "#7d29d2", "metadata": {}, "keypoint_colors": []}], "annotations": [{"id": 101125, "image_id": 139716, "category_id": 145, "segmentation": [[802.4, 98.7, 801.1, 69.6, 803.4, 65.0, 816.8, 65.0, 816.5, 67.9, 818.8, 69.9, 819.1, 99.0]], "area": 575, "bbox": [801.0, 65.0, 18.0, 34.0], "iscrowd": false, "isbbox": false, "color": "#ae17b4", "metadata": {}}, {"id": 101127, "image_id": 139716, "category_id": 145, "segmentation": [[666.4, 32.6, 665.4, 28.4, 669.3, 27.1, 732.4, 27.1, 736.7, 27.4, 739.3, 30.3, 739.3, 34.9, 737.7, 36.2, 669.6, 36.5]], "area": 664, "bbox": [665.0, 27.0, 74.0, 10.0], "iscrowd": false, "isbbox": false, "color": "#81fb07", "metadata": {}}]}