{"images": [{"id": 139738, "dataset_id": 48, "category_ids": [], "path": "/datasets/201005_PERFUME/20170701_092952_A_1269_   6099730096640_V.jpg", "width": 1024, "height": 295, "file_name": "20170701_092952_A_1269_   6099730096640_V_perfume_127.jpg", "annotated": false, "annotating": [], "num_annotations": 0, "metadata": {}, "deleted": false, "milliseconds": 0, "events": [], "regenerate_thumbnail": false}], "categories": [{"id": 144, "name": "perfume", "supercategory": "", "color": "#167e9d", "metadata": {}, "keypoint_colors": []}], "annotations": [{"id": 100053, "image_id": 139738, "category_id": 144, "segmentation": [[696.7, 50.3, 698.6, 51.3, 698.3, 55.2, 676.2, 102.0, 670.0, 104.2, 642.8, 104.2, 649.6, 108.1, 663.9, 108.8, 659.6, 118.2, 644.1, 116.9, 631.4, 130.6, 625.5, 133.2, 608.0, 132.2, 601.2, 128.3, 600.2, 114.0, 607.3, 104.9, 608.0, 101.3, 589.8, 96.8, 588.2, 93.5, 620.7, 44.8, 626.5, 43.2, 691.5, 49.3]], "area": 6169, "bbox": [588.0, 43.0, 111.0, 90.0], "iscrowd": false, "isbbox": false, "color": "#58e30d", "metadata": {}}]}