{"images": [{"id": 139884, "dataset_id": 48, "category_ids": [], "path": "/datasets/201005_PERFUME/20170702_093052_G_9415_   6095010906480_V.jpg", "width": 1024, "height": 320, "file_name": "20170702_093052_G_9415_   6095010906480_V_perfume_363.jpg", "annotated": false, "annotating": [], "num_annotations": 0, "metadata": {}, "deleted": false, "milliseconds": 0, "events": [], "regenerate_thumbnail": false}], "categories": [{"id": 144, "name": "perfume", "supercategory": "", "color": "#167e9d", "metadata": {}, "keypoint_colors": []}], "annotations": [{"id": 100350, "image_id": 139884, "category_id": 144, "segmentation": [[588.3, 60.6, 668.1, 62.0, 674.2, 65.2, 674.2, 129.6, 666.2, 133.6, 651.0, 134.7, 652.8, 149.4, 651.8, 157.7, 619.7, 159.3, 602.4, 157.9, 600.0, 156.3, 599.4, 153.1, 603.4, 133.9, 578.9, 130.4, 577.7, 127.4, 578.3, 66.6, 580.7, 63.1, 584.5, 61.5]], "area": 8132, "bbox": [578.0, 61.0, 96.0, 98.0], "iscrowd": false, "isbbox": false, "color": "#b6176d", "metadata": {}}, {"id": 100351, "image_id": 139884, "category_id": 144, "segmentation": [[745.8, 59.4, 744.7, 66.6, 739.1, 79.7, 744.2, 84.5, 735.1, 154.7, 731.6, 156.6, 673.1, 154.2, 671.8, 147.8, 674.7, 131.0, 676.1, 97.6, 679.3, 93.8, 681.2, 83.7, 687.8, 78.9, 689.2, 55.6, 690.5, 54.3, 744.2, 54.6]], "area": 6220, "bbox": [672.0, 54.0, 74.0, 103.0], "iscrowd": false, "isbbox": false, "color": "#7811a9", "metadata": {}}]}