{"images": [{"id": 139823, "dataset_id": 48, "category_ids": [], "path": "/datasets/201005_PERFUME/20170701_170402_A_1936_   6099721301098_V.jpg", "width": 1024, "height": 252, "file_name": "20170701_170402_A_1936_   6099721301098_V_perfume_265.jpg", "annotated": false, "annotating": [], "num_annotations": 0, "metadata": {}, "deleted": false, "milliseconds": 0, "events": [], "regenerate_thumbnail": false}], "categories": [{"id": 144, "name": "perfume", "supercategory": "", "color": "#167e9d", "metadata": {}, "keypoint_colors": []}], "annotations": [{"id": 100221, "image_id": 139823, "category_id": 144, "segmentation": [[743.0, 44.7, 737.8, 47.6, 728.1, 61.0, 741.1, 61.0, 754.7, 63.9, 762.5, 67.5, 766.4, 70.4, 769.3, 75.3, 769.7, 86.0, 762.5, 93.1, 730.7, 107.4, 698.5, 115.5, 652.7, 112.3, 623.5, 94.1, 616.6, 84.0, 615.7, 72.0, 618.9, 65.8, 633.9, 55.8, 639.7, 53.5, 653.7, 49.9, 661.8, 49.9, 674.8, 50.9, 695.6, 55.8, 695.3, 53.5, 702.4, 47.3, 706.3, 37.9, 708.3, 38.6, 708.9, 40.8, 719.0, 39.5, 723.5, 43.4, 736.2, 42.5, 737.8, 44.1]], "area": 8048, "bbox": [616.0, 38.0, 154.0, 78.0], "iscrowd": false, "isbbox": false, "color": "#9e12a3", "metadata": {}}]}