{"images": [{"id": 139786, "dataset_id": 48, "category_ids": [], "path": "/datasets/201005_PERFUME/20170701_100746_A_1060_   6099704563266_V.jpg", "width": 1024, "height": 339, "file_name": "20170701_100746_A_1060_   6099704563266_V_perfume_234.jpg", "annotated": false, "annotating": [], "num_annotations": 0, "metadata": {}, "deleted": false, "milliseconds": 0, "events": [], "regenerate_thumbnail": false}], "categories": [{"id": 144, "name": "perfume", "supercategory": "", "color": "#167e9d", "metadata": {}, "keypoint_colors": []}], "annotations": [{"id": 100190, "image_id": 139786, "category_id": 144, "segmentation": [[752.0, 77.0, 755.6, 102.7, 734.4, 106.5, 689.0, 104.0, 692.6, 107.2, 695.1, 107.4, 695.3, 109.7, 697.8, 111.7, 703.0, 112.4, 703.7, 110.1, 708.0, 111.5, 707.1, 113.7, 709.8, 114.6, 710.2, 116.4, 706.6, 118.0, 691.7, 112.4, 682.0, 111.5, 673.7, 105.6, 592.2, 104.7, 491.8, 106.1, 484.6, 80.4, 516.2, 75.4, 689.0, 77.4, 751.3, 76.7]], "area": 7782, "bbox": [485.0, 75.0, 271.0, 43.0], "iscrowd": false, "isbbox": false, "color": "#707ff4", "metadata": {}}, {"id": 100191, "image_id": 139786, "category_id": 144, "segmentation": [[751.4, 140.9, 753.7, 165.1, 742.4, 170.5, 709.3, 169.3, 484.0, 170.9, 477.7, 146.7, 507.4, 140.9, 650.4, 142.4, 749.5, 140.9]], "area": 7697, "bbox": [478.0, 141.0, 276.0, 30.0], "iscrowd": false, "isbbox": false, "color": "#4bfa45", "metadata": {}}]}