{"images": [{"id": 139693, "dataset_id": 48, "category_ids": [], "path": "/datasets/201005_PERFUME/20170701_090253_A_1542_   6099721300128_H.jpg", "width": 1024, "height": 269, "file_name": "20170701_090253_A_1542_   6099721300128_H_perfumesample_36.jpg", "annotated": false, "annotating": [], "num_annotations": 0, "metadata": {}, "deleted": false, "milliseconds": 0, "events": [], "regenerate_thumbnail": false}], "categories": [{"id": 145, "name": "perfumesample", "supercategory": "", "color": "#7d29d2", "metadata": {}, "keypoint_colors": []}], "annotations": [{"id": 99812, "image_id": 139693, "category_id": 145, "segmentation": [[100.6, 32.7, 105.8, 34.0, 107.4, 36.0, 106.4, 39.9, 103.2, 41.8, 91.5, 41.5, 84.7, 37.6, 85.6, 33.7, 95.1, 31.7]], "area": 178, "bbox": [85.0, 32.0, 22.0, 10.0], "iscrowd": false, "isbbox": false, "color": "#276acd", "metadata": {}}]}