{"images": [{"id": 139955, "dataset_id": 48, "category_ids": [], "path": "/datasets/201005_PERFUME/20170702_171232_A_1062_   6099721301325_H.jpg", "width": 1024, "height": 300, "file_name": "20170702_171232_A_1062_   6099721301325_H_perfume_454.jpg", "annotated": false, "annotating": [], "num_annotations": 0, "metadata": {}, "deleted": false, "milliseconds": 0, "events": [], "regenerate_thumbnail": false}], "categories": [{"id": 144, "name": "perfume", "supercategory": "", "color": "#167e9d", "metadata": {}, "keypoint_colors": []}], "annotations": [{"id": 100559, "image_id": 139955, "category_id": 144, "segmentation": [[97.1, 68.8, 97.1, 168.7, 90.6, 172.5, 55.7, 171.4, 53.2, 153.6, 51.7, 69.5, 54.6, 68.2, 95.1, 67.7]], "area": 4579, "bbox": [52.0, 68.0, 45.0, 105.0], "iscrowd": false, "isbbox": false, "color": "#1074b4", "metadata": {}}]}